dataset,pipeline,adaptation,lora_target,rank,alpha,scaling_ratio,learning_rate,subset_size,regime,training_regime,seed,metric,parse_failure_rate,runtime_s,peak_mem_gb,trainable_params,optimizer_steps,experiment_name,experiment_group,source_file,block
conll2003,prompting,fft,,,,,1e-05,5000,low,iso_epoch,42,0.9576031656302996,0.0,886.5253,32.77679681777954,7615616512,939,conll2003_prompting_fft,conll2003_prompting,results/conll2003/prompting_fft/metrics/result_1784965490.json,fft
conll2003,prompting,fft,,,,,1e-05,5000,low,iso_epoch,43,0.9609065155807364,0.0,926.6843,31.90077114105225,7615616512,939,conll2003_prompting_fft,conll2003_prompting,results/conll2003/prompting_fft/metrics/result_1784965530.json,fft
conll2003,prompting,fft,,,,,1e-05,5000,low,iso_epoch,44,0.9622109419063736,0.0,885.5092,31.89737606048584,7615616512,939,conll2003_prompting_fft,conll2003_prompting,results/conll2003/prompting_fft/metrics/result_1784966065.json,fft
conll2003,prompting,fft,,,,,3e-05,5000,low,iso_epoch,42,0.953880764904387,0.0,917.9435,32.77679681777954,7615616512,939,conll2003_prompting_fft,conll2003_prompting,results/conll2003/prompting_fft/metrics/result_1784966091.json,fft
conll2003,prompting,fft,,,,,3e-05,5000,low,iso_epoch,43,0.957841483979764,0.0,885.1216,31.90077114105225,7615616512,939,conll2003_prompting_fft,conll2003_prompting,results/conll2003/prompting_fft/metrics/result_1784966895.json,fft
conll2003,prompting,fft,,,,,3e-05,5000,low,iso_epoch,44,0.9548532731376976,0.0,899.151,31.89737606048584,7615616512,939,conll2003_prompting_fft,conll2003_prompting,results/conll2003/prompting_fft/metrics/result_1784966897.json,fft
conll2003,prompting,fft,,,,,5e-05,5000,low,iso_epoch,42,0.9352112676056338,0.0,925.938,32.77679681777954,7615616512,939,conll2003_prompting_fft,conll2003_prompting,results/conll2003/prompting_fft/metrics/result_1784967390.json,fft
conll2003,prompting,fft,,,,,5e-05,5000,low,iso_epoch,44,0.9399773499433748,0.0,922.4339,31.89737606048584,7615616512,939,conll2003_prompting_fft,conll2003_prompting,results/conll2003/prompting_fft/metrics/result_1784968402.json,fft
conll2003,prompting,fft,,,,,5e-05,5000,low,iso_epoch,43,0.9403153153153152,0.0,931.4453,31.90077114105225,7615616512,939,conll2003_prompting_fft,conll2003_prompting,results/conll2003/prompting_fft/metrics/result_1784968469.json,fft
conll2003,prompting,fft,,,,,1e-06,5000,low,iso_epoch,42,0.8196166854565953,0.0,880.5037,32.77679681777954,7615616512,939,conll2003_prompting_fft_lr_extend,conll2003_prompting,results/conll2003/prompting_fft_lr_extend/metrics/result_1785594864703080628_2881890.json,fft_lr_extend
conll2003,prompting,fft,,,,,1e-06,5000,low,iso_epoch,43,0.8200224971878515,0.0,877.5736,31.90077114105225,7615616512,939,conll2003_prompting_fft_lr_extend,conll2003_prompting,results/conll2003/prompting_fft_lr_extend/metrics/result_1785596096865120279_3784236.json,fft_lr_extend
conll2003,prompting,fft,,,,,1e-06,5000,low,iso_epoch,44,0.8171557562076749,0.0,884.5038,31.89737606048584,7615616512,939,conll2003_prompting_fft_lr_extend,conll2003_prompting,results/conll2003/prompting_fft_lr_extend/metrics/result_1785597029706636237_1162903.json,fft_lr_extend
conll2003,prompting,fft,,,,,3e-06,5000,low,iso_epoch,42,0.9238578680203048,0.0,879.7038,32.77679681777954,7615616512,939,conll2003_prompting_fft_lr_extend,conll2003_prompting,results/conll2003/prompting_fft_lr_extend/metrics/result_1785597278779207098_3787487.json,fft_lr_extend
conll2003,prompting,fft,,,,,3e-06,5000,low,iso_epoch,43,0.9229037703995498,0.0,884.1376,31.90077114105225,7615616512,939,conll2003_prompting_fft_lr_extend,conll2003_prompting,results/conll2003/prompting_fft_lr_extend/metrics/result_1785598201314321300_1165994.json,fft_lr_extend
conll2003,prompting,fft,,,,,3e-06,5000,low,iso_epoch,44,0.9273239436619718,0.0,875.3911,31.89737606048584,7615616512,939,conll2003_prompting_fft_lr_extend,conll2003_prompting,results/conll2003/prompting_fft_lr_extend/metrics/result_1785598447531463290_3791258.json,fft_lr_extend
conll2003,prompting,fft,,,,,1e-06,5000,low,iso_epoch,42,0.8196166854565953,0.0,884.4075,32.77679681777954,7615616512,939,conll2003_prompting_fft_lr_extend,conll2003_prompting,results/conll2003/prompting_fft_lr_extend/metrics/result_1785599378053929482_1168990.json,fft_lr_extend
conll2003,prompting,fft,,,,,1e-06,5000,low,iso_epoch,43,0.8200224971878515,0.0,875.6963,31.90077114105225,7615616512,939,conll2003_prompting_fft_lr_extend,conll2003_prompting,results/conll2003/prompting_fft_lr_extend/metrics/result_1785599586536839225_3794513.json,fft_lr_extend
conll2003,prompting,fft,,,,,1e-06,5000,low,iso_epoch,44,0.8171557562076749,0.0,878.2302,31.89737606048584,7615616512,939,conll2003_prompting_fft_lr_extend,conll2003_prompting,results/conll2003/prompting_fft_lr_extend/metrics/result_1785600117869989841_2894663.json,fft_lr_extend
conll2003,prompting,fft,,,,,3e-06,5000,low,iso_epoch,42,0.9238578680203048,0.0,885.8085,32.77679681777954,7615616512,939,conll2003_prompting_fft_lr_extend,conll2003_prompting,results/conll2003/prompting_fft_lr_extend/metrics/result_1785600582523354825_1172146.json,fft_lr_extend
conll2003,prompting,fft,,,,,3e-06,5000,low,iso_epoch,43,0.9229037703995498,0.0,882.069,31.90077114105225,7615616512,939,conll2003_prompting_fft_lr_extend,conll2003_prompting,results/conll2003/prompting_fft_lr_extend/metrics/result_1785600730179100860_3797667.json,fft_lr_extend
conll2003,prompting,fft,,,,,3e-06,5000,low,iso_epoch,44,0.9273239436619718,0.0,880.5683,31.89737606048584,7615616512,939,conll2003_prompting_fft_lr_extend,conll2003_prompting,results/conll2003/prompting_fft_lr_extend/metrics/result_1785601376920629684_2897955.json,fft_lr_extend
conll2003,prompting,fft,,,,,1e-05,5000,low,iso_epoch,42,0.9576031656302996,0.0,878.3339,32.77679681777954,7615616512,939,conll2003_prompting_fft_wd0.1,conll2003_prompting,results/conll2003/prompting_fft_wd0.1/metrics/result_1785589625502325315_3052042.json,fft_wd0.1
conll2003,prompting,fft,,,,,1e-05,5000,low,iso_epoch,43,0.9609065155807364,0.0,877.3256,31.90077114105225,7615616512,939,conll2003_prompting_fft_wd0.1,conll2003_prompting,results/conll2003/prompting_fft_wd0.1/metrics/result_1785590268602719990_2869314.json,fft_wd0.1
conll2003,prompting,fft,,,,,1e-05,5000,low,iso_epoch,44,0.9622109419063736,0.0,876.8788,31.89737606048584,7615616512,939,conll2003_prompting_fft_wd0.1,conll2003_prompting,results/conll2003/prompting_fft_wd0.1/metrics/result_1785590774017480076_3054796.json,fft_wd0.1
conll2003,prompting,fft,,,,,3e-05,5000,low,iso_epoch,42,0.953880764904387,0.0,879.3851,32.77679681777954,7615616512,939,conll2003_prompting_fft_wd0.1,conll2003_prompting,results/conll2003/prompting_fft_wd0.1/metrics/result_1785591439607589566_2872477.json,fft_wd0.1
conll2003,prompting,fft,,,,,3e-05,5000,low,iso_epoch,43,0.957841483979764,0.0,879.3255,31.90077114105225,7615616512,939,conll2003_prompting_fft_wd0.1,conll2003_prompting,results/conll2003/prompting_fft_wd0.1/metrics/result_1785591948030525962_3815208.json,fft_wd0.1
conll2003,prompting,fft,,,,,3e-05,5000,low,iso_epoch,44,0.9548532731376976,0.0,878.7131,31.89737606048584,7615616512,939,conll2003_prompting_fft_wd0.1,conll2003_prompting,results/conll2003/prompting_fft_wd0.1/metrics/result_1785592580745700422_2875585.json,fft_wd0.1
conll2003,prompting,fft,,,,,5e-05,5000,low,iso_epoch,42,0.9352112676056338,0.0,877.0941,32.77679681777954,7615616512,939,conll2003_prompting_fft_wd0.1,conll2003_prompting,results/conll2003/prompting_fft_wd0.1/metrics/result_1785593091774611856_3817686.json,fft_wd0.1
conll2003,prompting,fft,,,,,5e-05,5000,low,iso_epoch,43,0.9403153153153152,0.0,877.4386,31.90077114105225,7615616512,939,conll2003_prompting_fft_wd0.1,conll2003_prompting,results/conll2003/prompting_fft_wd0.1/metrics/result_1785593722132617058_2878771.json,fft_wd0.1
conll2003,prompting,fft,,,,,5e-05,5000,low,iso_epoch,44,0.9399773499433748,0.0,878.2746,31.89737606048584,7615616512,939,conll2003_prompting_fft_wd0.1,conll2003_prompting,results/conll2003/prompting_fft_wd0.1/metrics/result_1785594228248474846_3820217.json,fft_wd0.1
conll2003,prompting,fft,,,,,1e-05,5000,low,iso_epoch,42,0.9576031656302996,0.0,1765.6031,32.78132343292236,7615616512,1878,conll2003_prompting_fft_wd0.1_epochs6,conll2003_prompting,results/conll2003/prompting_fft_wd0.1_epochs6/metrics/result_1785602682898354662_1175358.json,fft_wd0.1_epochs6
conll2003,prompting,fft,,,,,1e-05,5000,low,iso_epoch,43,0.9575551782682512,0.0,1750.0979,32.775898933410645,7615616512,1878,conll2003_prompting_fft_wd0.1_epochs6,conll2003_prompting,results/conll2003/prompting_fft_wd0.1_epochs6/metrics/result_1785602775609616329_3801652.json,fft_wd0.1_epochs6
conll2003,prompting,fft,,,,,3e-05,5000,low,iso_epoch,42,0.9605411499436304,0.0,1748.6373,32.78132343292236,7615616512,1878,conll2003_prompting_fft_wd0.1_epochs6,conll2003_prompting,results/conll2003/prompting_fft_wd0.1_epochs6/metrics/result_1785602964735453827_2272347.json,fft_wd0.1_epochs6
conll2003,prompting,fft,,,,,1e-05,5000,low,iso_epoch,44,0.9565217391304348,0.0,1748.541,32.77287578582764,7615616512,1878,conll2003_prompting_fft_wd0.1_epochs6,conll2003_prompting,results/conll2003/prompting_fft_wd0.1_epochs6/metrics/result_1785602965024203547_3834867.json,fft_wd0.1_epochs6
conll2003,prompting,fft,,,,,3e-05,5000,low,iso_epoch,43,0.9522740033688938,0.0,1752.3845,32.775898933410645,7615616512,1878,conll2003_prompting_fft_wd0.1_epochs6,conll2003_prompting,results/conll2003/prompting_fft_wd0.1_epochs6/metrics/result_1785604720214434188_2907984.json,fft_wd0.1_epochs6
conll2003,prompting,fft,,,,,3e-05,5000,low,iso_epoch,44,0.956031567080045,0.0,1766.0018,32.77287578582764,7615616512,1878,conll2003_prompting_fft_wd0.1_epochs6,conll2003_prompting,results/conll2003/prompting_fft_wd0.1_epochs6/metrics/result_1785604831160159905_3806951.json,fft_wd0.1_epochs6
conll2003,prompting,fft,,,,,5e-05,5000,low,iso_epoch,42,0.9049773755656108,0.0,1746.667,32.78132343292236,7615616512,1878,conll2003_prompting_fft_wd0.1_epochs6,conll2003_prompting,results/conll2003/prompting_fft_wd0.1_epochs6/metrics/result_1785604992945157794_3838803.json,fft_wd0.1_epochs6
conll2003,prompting,fft,,,,,5e-05,5000,low,iso_epoch,43,0.9169022046353872,0.0,1763.2061,32.775898933410645,7615616512,1878,conll2003_prompting_fft_wd0.1_epochs6,conll2003_prompting,results/conll2003/prompting_fft_wd0.1_epochs6/metrics/result_1785605004521289218_1181385.json,fft_wd0.1_epochs6
conll2003,prompting,fft,,,,,5e-05,5000,low,iso_epoch,44,0.9110481586402266,0.0,1749.8413,32.77055644989014,7615616512,1878,conll2003_prompting_fft_wd0.1_epochs6,conll2003_prompting,results/conll2003/prompting_fft_wd0.1_epochs6/metrics/result_1785606786756288435_2913059.json,fft_wd0.1_epochs6
conll2003,prompting,fft,,,,,1e-05,5000,low,iso_epoch,45,0.9548022598870056,0.0,877.4872,32.771695137023926,7615616512,939,conll2003_prompting_fft_wd0.1_moreseeds,conll2003_prompting,results/conll2003/prompting_fft_wd0.1_moreseeds/metrics/result_1785604404221593180_2278087.json,fft_wd0.1_moreseeds
conll2003,prompting,fft,,,,,1e-05,5000,low,iso_epoch,46,0.9592760180995475,0.0,878.0476,32.76864719390869,7615616512,939,conll2003_prompting_fft_wd0.1_moreseeds,conll2003_prompting,results/conll2003/prompting_fft_wd0.1_moreseeds/metrics/result_1785604546349910964_3809698.json,fft_wd0.1_moreseeds
conll2003,prompting,fft,,,,,1e-05,5000,low,iso_epoch,47,0.9604966139954854,0.0,875.43,32.77631855010986,7615616512,939,conll2003_prompting_fft_wd0.1_moreseeds,conll2003_prompting,results/conll2003/prompting_fft_wd0.1_moreseeds/metrics/result_1785605437004976836_3084525.json,fft_wd0.1_moreseeds
conll2003,prompting,fft,,,,,1e-05,5000,low,iso_epoch,48,0.9536723163841808,0.0,876.729,32.777194023132324,7615616512,939,conll2003_prompting_fft_wd0.1_moreseeds,conll2003_prompting,results/conll2003/prompting_fft_wd0.1_moreseeds/metrics/result_1785605627042067696_2281039.json,fft_wd0.1_moreseeds
conll2003,prompting,fft,,,,,1e-05,5000,low,iso_epoch,49,0.95313382269904,0.0,891.7587,32.805418968200684,7615616512,939,conll2003_prompting_fft_wd0.1_moreseeds,conll2003_prompting,results/conll2003/prompting_fft_wd0.1_moreseeds/metrics/result_1785605792043242845_3813136.json,fft_wd0.1_moreseeds
conll2003,prompting,fft,,,,,1e-05,5000,low,iso_epoch,50,0.9626274065685164,0.0,887.0276,32.79116344451904,7615616512,939,conll2003_prompting_fft_wd0.1_moreseeds,conll2003_prompting,results/conll2003/prompting_fft_wd0.1_moreseeds/metrics/result_1785606096730959980_3814395.json,fft_wd0.1_moreseeds
conll2003,prompting,fft,,,,,1e-05,5000,low,iso_epoch,51,0.96045197740113,0.0,878.0985,32.78190898895264,7615616512,939,conll2003_prompting_fft_wd0.1_moreseeds,conll2003_prompting,results/conll2003/prompting_fft_wd0.1_moreseeds/metrics/result_1785606638568691271_3087331.json,fft_wd0.1_moreseeds
conll2003,prompting,fft,,,,,3e-05,5000,low,iso_epoch,45,0.958780350084698,0.0,877.2293,32.771695137023926,7615616512,939,conll2003_prompting_fft_wd0.1_moreseeds,conll2003_prompting,results/conll2003/prompting_fft_wd0.1_moreseeds/metrics/result_1785606811133583396_2283982.json,fft_wd0.1_moreseeds
conll2003,prompting,fft,,,,,3e-05,5000,low,iso_epoch,46,0.956964892412231,0.002,884.8863,32.76864719390869,7615616512,939,conll2003_prompting_fft_wd0.1_moreseeds,conll2003_prompting,results/conll2003/prompting_fft_wd0.1_moreseeds/metrics/result_1785607008355428690_3817240.json,fft_wd0.1_moreseeds
conll2003,prompting,fft,,,,,3e-05,5000,low,iso_epoch,47,0.95819209039548,0.0,881.2053,32.77631855010986,7615616512,939,conll2003_prompting_fft_wd0.1_moreseeds,conll2003_prompting,results/conll2003/prompting_fft_wd0.1_moreseeds/metrics/result_1785607287620424634_3818531.json,fft_wd0.1_moreseeds
conll2003,prompting,fft,,,,,3e-05,5000,low,iso_epoch,48,0.9550056242969628,0.0,960.2726,32.777194023132324,7615616512,939,conll2003_prompting_fft_wd0.1_moreseeds,conll2003_prompting,results/conll2003/prompting_fft_wd0.1_moreseeds/metrics/result_1785608023448931106_3090104.json,fft_wd0.1_moreseeds
conll2003,prompting,fft,,,,,3e-05,5000,low,iso_epoch,49,0.9565217391304348,0.0,878.2743,32.805418968200684,7615616512,939,conll2003_prompting_fft_wd0.1_moreseeds,conll2003_prompting,results/conll2003/prompting_fft_wd0.1_moreseeds/metrics/result_1785608040551752424_2918408.json,fft_wd0.1_moreseeds
conll2003,prompting,fft,,,,,3e-05,5000,low,iso_epoch,50,0.9560810810810813,0.0,902.9596,32.78984355926514,7615616512,939,conll2003_prompting_fft_wd0.1_moreseeds,conll2003_prompting,results/conll2003/prompting_fft_wd0.1_moreseeds/metrics/result_1785608180133480372_3821300.json,fft_wd0.1_moreseeds
conll2003,prompting,fft,,,,,3e-05,5000,low,iso_epoch,51,0.953880764904387,0.0,889.409,32.78190898895264,7615616512,939,conll2003_prompting_fft_wd0.1_moreseeds,conll2003_prompting,results/conll2003/prompting_fft_wd0.1_moreseeds/metrics/result_1785608625535750047_3822947.json,fft_wd0.1_moreseeds
conll2003,prompting,fft,,,,,5e-05,5000,low,iso_epoch,46,0.9312288613303268,0.0,880.9998,32.76864719390869,7615616512,939,conll2003_prompting_fft_wd0.1_moreseeds,conll2003_prompting,results/conll2003/prompting_fft_wd0.1_moreseeds/metrics/result_1785609282106408664_2921722.json,fft_wd0.1_moreseeds
conll2003,prompting,fft,,,,,5e-05,5000,low,iso_epoch,47,0.9407114624505928,0.0,879.1897,32.77631855010986,7615616512,939,conll2003_prompting_fft_wd0.1_moreseeds,conll2003_prompting,results/conll2003/prompting_fft_wd0.1_moreseeds/metrics/result_1785609416338960310_3825456.json,fft_wd0.1_moreseeds
conll2003,prompting,fft,,,,,5e-05,5000,low,iso_epoch,45,0.9443507588532885,0.0,944.8359,32.771695137023926,7615616512,939,conll2003_prompting_fft_wd0.1_moreseeds,conll2003_prompting,results/conll2003/prompting_fft_wd0.1_moreseeds/metrics/result_1785609565198126630_3094879.json,fft_wd0.1_moreseeds
conll2003,prompting,fft,,,,,5e-05,5000,low,iso_epoch,48,0.9389140271493212,0.0,904.7915,32.777194023132324,7615616512,939,conll2003_prompting_fft_wd0.1_moreseeds,conll2003_prompting,results/conll2003/prompting_fft_wd0.1_moreseeds/metrics/result_1785609802854420908_3826932.json,fft_wd0.1_moreseeds
conll2003,prompting,fft,,,,,5e-05,5000,low,iso_epoch,51,0.939120631341601,0.0,881.8434,32.78190898895264,7615616512,939,conll2003_prompting_fft_wd0.1_moreseeds,conll2003_prompting,results/conll2003/prompting_fft_wd0.1_moreseeds/metrics/result_1785610770827582062_2925594.json,fft_wd0.1_moreseeds
conll2003,prompting,fft,,,,,5e-05,5000,low,iso_epoch,50,0.9374647887323944,0.0,905.6988,32.79116344451904,7615616512,939,conll2003_prompting_fft_wd0.1_moreseeds,conll2003_prompting,results/conll2003/prompting_fft_wd0.1_moreseeds/metrics/result_1785610784264793044_3829922.json,fft_wd0.1_moreseeds
conll2003,prompting,fft,,,,,5e-05,5000,low,iso_epoch,49,0.9367945823927766,0.0,877.3992,32.805418968200684,7615616512,939,conll2003_prompting_fft_wd0.1_moreseeds,conll2003_prompting,results/conll2003/prompting_fft_wd0.1_moreseeds/metrics/result_1785610784699671389_3098968.json,fft_wd0.1_moreseeds
conll2003,prompting,fft,,,,,1e-05,12000,high,iso_epoch,42,0.9701408450704226,0.0,2095.2688,32.77131175994873,7615616512,2250,conll2003_prompting_fft_wd0.1_subset12000,conll2003_prompting,results/conll2003/prompting_fft_wd0.1_subset12000/metrics/result_1785607432092688283_3842756.json,fft_wd0.1_subset12000
conll2003,prompting,fft,,,,,1e-05,12000,high,iso_epoch,43,0.9673423423423424,0.0,2109.0535,32.786898612976074,7615616512,2250,conll2003_prompting_fft_wd0.1_subset12000,conll2003_prompting,results/conll2003/prompting_fft_wd0.1_subset12000/metrics/result_1785607447271421228_1186205.json,fft_wd0.1_subset12000
conll2003,prompting,fft,,,,,1e-05,12000,high,iso_epoch,44,0.9678510998307952,0.0,2097.2778,32.80470132827759,7615616512,2250,conll2003_prompting_fft_wd0.1_subset12000,conll2003_prompting,results/conll2003/prompting_fft_wd0.1_subset12000/metrics/result_1785609258782148594_2287023.json,fft_wd0.1_subset12000
conll2003,prompting,fft,,,,,3e-05,12000,high,iso_epoch,42,0.9667605633802816,0.0,2091.2406,32.77131175994873,7615616512,2250,conll2003_prompting_fft_wd0.1_subset12000,conll2003_prompting,results/conll2003/prompting_fft_wd0.1_subset12000/metrics/result_1785609817710953807_3847381.json,fft_wd0.1_subset12000
conll2003,prompting,fft,,,,,3e-05,12000,high,iso_epoch,43,0.9656338028169014,0.0,2113.8843,32.786898612976074,7615616512,2250,conll2003_prompting_fft_wd0.1_subset12000,conll2003_prompting,results/conll2003/prompting_fft_wd0.1_subset12000/metrics/result_1785609869608825935_1191819.json,fft_wd0.1_subset12000
conll2003,prompting,fft,,,,,3e-05,12000,high,iso_epoch,44,0.9695259593679456,0.0,2097.9365,32.80470132827759,7615616512,2250,conll2003_prompting_fft_wd0.1_subset12000,conll2003_prompting,results/conll2003/prompting_fft_wd0.1_subset12000/metrics/result_1785611969923775092_2292886.json,fft_wd0.1_subset12000
conll2003,prompting,fft,,,,,5e-05,12000,high,iso_epoch,42,0.942372881355932,0.0,2094.8729,32.77131175994873,7615616512,2250,conll2003_prompting_fft_wd0.1_subset12000,conll2003_prompting,results/conll2003/prompting_fft_wd0.1_subset12000/metrics/result_1785612370862935477_3831391.json,fft_wd0.1_subset12000
conll2003,prompting,fft,,,,,5e-05,12000,high,iso_epoch,43,0.9309954751131222,0.0,2093.6888,32.786898612976074,7615616512,2250,conll2003_prompting_fft_wd0.1_subset12000,conll2003_prompting,results/conll2003/prompting_fft_wd0.1_subset12000/metrics/result_1785612370990472107_3852115.json,fft_wd0.1_subset12000
conll2003,prompting,fft,,,,,5e-05,12000,high,iso_epoch,44,0.9342403628117916,0.0,2112.7875,32.80470132827759,7615616512,2250,conll2003_prompting_fft_wd0.1_subset12000,conll2003_prompting,results/conll2003/prompting_fft_wd0.1_subset12000/metrics/result_1785612382302947558_1197627.json,fft_wd0.1_subset12000
conll2003,prompting,lora,attention,4.0,8.0,2.0,0.0001,5000,low,iso_epoch,42,0.9519502543810062,0.0,566.5959,18.314765453338623,2523136,939,conll2003_prompting_main_attention,conll2003_prompting,results/conll2003/prompting_main_attention/metrics/result_1784969513.json,main_attention
conll2003,prompting,lora,attention,4.0,8.0,2.0,0.0001,5000,low,iso_epoch,43,0.9513023782559455,0.0,566.2825,18.3053994178772,2523136,939,conll2003_prompting_main_attention,conll2003_prompting,results/conll2003/prompting_main_attention/metrics/result_1784969519.json,main_attention
conll2003,prompting,lora,attention,4.0,8.0,2.0,0.0001,5000,low,iso_epoch,44,0.9524348810872026,0.0,505.6442,18.304913997650143,2523136,939,conll2003_prompting_main_attention,conll2003_prompting,results/conll2003/prompting_main_attention/metrics/result_1784970946.json,main_attention
conll2003,prompting,lora,attention,4.0,8.0,2.0,0.0003,5000,low,iso_epoch,42,0.96,0.0,501.1106,18.314765453338623,2523136,939,conll2003_prompting_main_attention,conll2003_prompting,results/conll2003/prompting_main_attention/metrics/result_1784973043.json,main_attention
conll2003,prompting,lora,attention,4.0,8.0,2.0,0.0003,5000,low,iso_epoch,43,0.9616685456595264,0.0,504.9547,18.3053994178772,2523136,939,conll2003_prompting_main_attention,conll2003_prompting,results/conll2003/prompting_main_attention/metrics/result_1784973522.json,main_attention
conll2003,prompting,lora,attention,4.0,8.0,2.0,0.0003,5000,low,iso_epoch,44,0.961082910321489,0.0,505.47,18.304913997650143,2523136,939,conll2003_prompting_main_attention,conll2003_prompting,results/conll2003/prompting_main_attention/metrics/result_1784974507.json,main_attention
conll2003,prompting,lora,attention,4.0,8.0,2.0,0.0005,5000,low,iso_epoch,42,0.952755905511811,0.0,503.5627,18.314765453338623,2523136,939,conll2003_prompting_main_attention,conll2003_prompting,results/conll2003/prompting_main_attention/metrics/result_1784975043.json,main_attention
conll2003,prompting,lora,attention,4.0,8.0,2.0,0.0005,5000,low,iso_epoch,43,0.9633802816901408,0.0,522.3008,18.3053994178772,2523136,939,conll2003_prompting_main_attention,conll2003_prompting,results/conll2003/prompting_main_attention/metrics/result_1784975749.json,main_attention
conll2003,prompting,lora,attention,4.0,8.0,2.0,0.0005,5000,low,iso_epoch,44,0.9616685456595264,0.0,528.3251,18.304913997650143,2523136,939,conll2003_prompting_main_attention,conll2003_prompting,results/conll2003/prompting_main_attention/metrics/result_1784976199.json,main_attention
conll2003,prompting,lora,attention,8.0,8.0,1.0,0.0001,5000,low,iso_epoch,42,0.9502824858757062,0.0,586.4725,18.337676525115967,5046272,939,conll2003_prompting_main_attention,conll2003_prompting,results/conll2003/prompting_main_attention/metrics/result_1784976596.json,main_attention
conll2003,prompting,lora,attention,8.0,8.0,1.0,0.0001,5000,low,iso_epoch,44,0.9501133786848072,0.0,501.3875,18.31842565536499,5046272,939,conll2003_prompting_main_attention,conll2003_prompting,results/conll2003/prompting_main_attention/metrics/result_1784976700.json,main_attention
conll2003,prompting,lora,attention,8.0,8.0,1.0,0.0001,5000,low,iso_epoch,43,0.9495750708215296,0.0,499.7487,18.31891107559204,5046272,939,conll2003_prompting_main_attention,conll2003_prompting,results/conll2003/prompting_main_attention/metrics/result_1784976704.json,main_attention
conll2003,prompting,lora,attention,8.0,8.0,1.0,0.0003,5000,low,iso_epoch,42,0.9588732394366198,0.0,636.6314,18.337676525115967,5046272,939,conll2003_prompting_main_attention,conll2003_prompting,results/conll2003/prompting_main_attention/metrics/result_1784977484.json,main_attention
conll2003,prompting,lora,attention,8.0,8.0,1.0,0.0003,5000,low,iso_epoch,43,0.9594594594594594,0.0,509.053,18.31891107559204,5046272,939,conll2003_prompting_main_attention,conll2003_prompting,results/conll2003/prompting_main_attention/metrics/result_1784977628.json,main_attention
conll2003,prompting,lora,attention,8.0,8.0,1.0,0.0003,5000,low,iso_epoch,44,0.963256076879593,0.0,510.8635,18.31842565536499,5046272,939,conll2003_prompting_main_attention,conll2003_prompting,results/conll2003/prompting_main_attention/metrics/result_1784977629.json,main_attention
conll2003,prompting,lora,attention,8.0,8.0,1.0,0.0005,5000,low,iso_epoch,42,0.9561797752808988,0.0,493.3255,18.337676525115967,5046272,939,conll2003_prompting_main_attention,conll2003_prompting,results/conll2003/prompting_main_attention/metrics/result_1784977827.json,main_attention
conll2003,prompting,lora,attention,8.0,16.0,2.0,0.0001,5000,low,iso_epoch,42,0.9508196721311476,0.0,501.7199,18.337676525115967,5046272,939,conll2003_prompting_main_attention,conll2003_prompting,results/conll2003/prompting_main_attention/metrics/result_1784978525.json,main_attention
conll2003,prompting,lora,attention,8.0,8.0,1.0,0.0005,5000,low,iso_epoch,43,0.9656338028169014,0.0,504.8541,18.31891107559204,5046272,939,conll2003_prompting_main_attention,conll2003_prompting,results/conll2003/prompting_main_attention/metrics/result_1784978564.json,main_attention
conll2003,prompting,lora,attention,8.0,16.0,2.0,0.0001,5000,low,iso_epoch,43,0.9529745042492918,0.0,530.8137,18.31891107559204,5046272,939,conll2003_prompting_main_attention,conll2003_prompting,results/conll2003/prompting_main_attention/metrics/result_1784978757.json,main_attention
conll2003,prompting,lora,attention,8.0,8.0,1.0,0.0005,5000,low,iso_epoch,44,0.9554427523970672,0.0,614.2091,18.31842565536499,5046272,939,conll2003_prompting_main_attention,conll2003_prompting,results/conll2003/prompting_main_attention/metrics/result_1784978817.json,main_attention
conll2003,prompting,lora,attention,8.0,16.0,2.0,0.0001,5000,low,iso_epoch,44,0.9536199095022624,0.0,498.7506,18.31842565536499,5046272,939,conll2003_prompting_main_attention,conll2003_prompting,results/conll2003/prompting_main_attention/metrics/result_1784979537.json,main_attention
conll2003,prompting,lora,attention,8.0,16.0,2.0,0.0003,5000,low,iso_epoch,44,0.96,0.0,498.5747,18.31842565536499,5046272,939,conll2003_prompting_main_attention,conll2003_prompting,results/conll2003/prompting_main_attention/metrics/result_1784979851.json,main_attention
conll2003,prompting,lora,attention,8.0,16.0,2.0,0.0003,5000,low,iso_epoch,43,0.9622109419063736,0.0,684.7955,18.31891107559204,5046272,939,conll2003_prompting_main_attention,conll2003_prompting,results/conll2003/prompting_main_attention/metrics/result_1784980117.json,main_attention
conll2003,prompting,lora,attention,8.0,16.0,2.0,0.0003,5000,low,iso_epoch,42,0.9589195272931909,0.0,882.7509,18.337676525115967,5046272,939,conll2003_prompting_main_attention,conll2003_prompting,results/conll2003/prompting_main_attention/metrics/result_1784980314.json,main_attention
conll2003,prompting,lora,attention,8.0,16.0,2.0,0.0005,5000,low,iso_epoch,42,0.9600450196961172,0.0,492.3989,18.337676525115967,5046272,939,conll2003_prompting_main_attention,conll2003_prompting,results/conll2003/prompting_main_attention/metrics/result_1784980596.json,main_attention
conll2003,prompting,lora,attention,8.0,16.0,2.0,0.0005,5000,low,iso_epoch,43,0.9634626194491288,0.0,497.7232,18.31891107559204,5046272,939,conll2003_prompting_main_attention,conll2003_prompting,results/conll2003/prompting_main_attention/metrics/result_1784980914.json,main_attention
conll2003,prompting,lora,attention,8.0,16.0,2.0,0.0005,5000,low,iso_epoch,44,0.9598643301300168,0.0,644.6911,18.31842565536499,5046272,939,conll2003_prompting_main_attention,conll2003_prompting,results/conll2003/prompting_main_attention/metrics/result_1784981236.json,main_attention
conll2003,prompting,lora,attention,16.0,16.0,1.0,0.0001,5000,low,iso_epoch,43,0.9535147392290249,0.0,672.6904,18.346781253814697,10092544,939,conll2003_prompting_main_attention,conll2003_prompting,results/conll2003/prompting_main_attention/metrics/result_1784981943.json,main_attention
conll2003,prompting,lora,attention,16.0,16.0,1.0,0.0001,5000,low,iso_epoch,44,0.9547511312217196,0.0,770.5861,18.346784114837646,10092544,939,conll2003_prompting_main_attention,conll2003_prompting,results/conll2003/prompting_main_attention/metrics/result_1784982176.json,main_attention
conll2003,prompting,lora,attention,16.0,16.0,1.0,0.0001,5000,low,iso_epoch,42,0.9525959367945824,0.0,845.8737,18.384376049041748,10092544,939,conll2003_prompting_main_attention,conll2003_prompting,results/conll2003/prompting_main_attention/metrics/result_1784982245.json,main_attention
conll2003,prompting,lora,attention,16.0,16.0,1.0,0.0003,5000,low,iso_epoch,42,0.9566197183098591,0.0,597.9091,18.384376049041748,10092544,939,conll2003_prompting_main_attention,conll2003_prompting,results/conll2003/prompting_main_attention/metrics/result_1784982289.json,main_attention
conll2003,prompting,lora,attention,16.0,16.0,1.0,0.0003,5000,low,iso_epoch,43,0.9605411499436304,0.0,512.5641,18.346781253814697,10092544,939,conll2003_prompting_main_attention,conll2003_prompting,results/conll2003/prompting_main_attention/metrics/result_1784982841.json,main_attention
conll2003,prompting,lora,attention,16.0,16.0,1.0,0.0005,5000,low,iso_epoch,42,0.9561304836895388,0.0,499.3469,18.384376049041748,10092544,939,conll2003_prompting_main_attention,conll2003_prompting,results/conll2003/prompting_main_attention/metrics/result_1784983244.json,main_attention
conll2003,prompting,lora,attention,16.0,16.0,1.0,0.0005,5000,low,iso_epoch,43,0.9583333333333331,0.0,505.9127,18.346781253814697,10092544,939,conll2003_prompting_main_attention,conll2003_prompting,results/conll2003/prompting_main_attention/metrics/result_1784983247.json,main_attention
conll2003,prompting,lora,attention,16.0,16.0,1.0,0.0003,5000,low,iso_epoch,44,0.9588268471517204,0.0,509.7832,18.346784114837646,10092544,939,conll2003_prompting_main_attention,conll2003_prompting,results/conll2003/prompting_main_attention/metrics/result_1784983330.json,main_attention
conll2003,prompting,lora,attention,16.0,16.0,1.0,0.0005,5000,low,iso_epoch,44,0.9595050618672668,0.0,503.5845,18.346784114837646,10092544,939,conll2003_prompting_main_attention,conll2003_prompting,results/conll2003/prompting_main_attention/metrics/result_1784983740.json,main_attention
conll2003,prompting,lora,attention,16.0,32.0,2.0,0.0001,5000,low,iso_epoch,43,0.9588268471517204,0.0,494.9462,18.346781253814697,10092544,939,conll2003_prompting_main_attention,conll2003_prompting,results/conll2003/prompting_main_attention/metrics/result_1784984286.json,main_attention
conll2003,prompting,lora,attention,16.0,32.0,2.0,0.0001,5000,low,iso_epoch,44,0.961082910321489,0.0,606.1605,18.346784114837646,10092544,939,conll2003_prompting_main_attention,conll2003_prompting,results/conll2003/prompting_main_attention/metrics/result_1784984370.json,main_attention
conll2003,prompting,lora,attention,16.0,32.0,2.0,0.0001,5000,low,iso_epoch,42,0.9571106094808126,0.0,515.0908,18.384376049041748,10092544,939,conll2003_prompting_main_attention,conll2003_prompting,results/conll2003/prompting_main_attention/metrics/result_1784984400.json,main_attention
conll2003,prompting,lora,attention,16.0,32.0,2.0,0.0003,5000,low,iso_epoch,42,0.9561304836895388,0.0,496.9424,18.384376049041748,10092544,939,conll2003_prompting_main_attention,conll2003_prompting,results/conll2003/prompting_main_attention/metrics/result_1784984623.json,main_attention
conll2003,prompting,lora,attention,16.0,32.0,2.0,0.0005,5000,low,iso_epoch,42,0.9616685456595264,0.0,495.5253,18.384376049041748,10092544,939,conll2003_prompting_main_attention,conll2003_prompting,results/conll2003/prompting_main_attention/metrics/result_1784985319.json,main_attention
conll2003,prompting,lora,attention,16.0,32.0,2.0,0.0003,5000,low,iso_epoch,43,0.9622535211267604,0.0,580.0411,18.346781253814697,10092544,939,conll2003_prompting_main_attention,conll2003_prompting,results/conll2003/prompting_main_attention/metrics/result_1784985409.json,main_attention
conll2003,prompting,lora,attention,16.0,32.0,2.0,0.0003,5000,low,iso_epoch,44,0.9571589627959411,0.0,586.4509,18.346784114837646,10092544,939,conll2003_prompting_main_attention,conll2003_prompting,results/conll2003/prompting_main_attention/metrics/result_1784985422.json,main_attention
conll2003,prompting,lora,attention,16.0,32.0,2.0,0.0005,5000,low,iso_epoch,43,0.963421496904896,0.0,498.427,18.346781253814697,10092544,939,conll2003_prompting_main_attention,conll2003_prompting,results/conll2003/prompting_main_attention/metrics/result_1784985535.json,main_attention
conll2003,prompting,lora,attention,16.0,32.0,2.0,0.0005,5000,low,iso_epoch,44,0.9588268471517204,0.0,500.8985,18.346784114837646,10092544,939,conll2003_prompting_main_attention,conll2003_prompting,results/conll2003/prompting_main_attention/metrics/result_1784986253.json,main_attention
conll2003,prompting,lora,attention,32.0,32.0,1.0,0.0001,5000,low,iso_epoch,44,0.961038961038961,0.0,512.2214,18.36761236190796,20185088,939,conll2003_prompting_main_attention,conll2003_prompting,results/conll2003/prompting_main_attention/metrics/result_1784986416.json,main_attention
conll2003,prompting,lora,attention,32.0,32.0,1.0,0.0001,5000,low,iso_epoch,42,0.9542631281761716,0.0,511.3696,18.44280195236206,20185088,939,conll2003_prompting_main_attention,conll2003_prompting,results/conll2003/prompting_main_attention/metrics/result_1784986461.json,main_attention
conll2003,prompting,lora,attention,32.0,32.0,1.0,0.0001,5000,low,iso_epoch,43,0.9559819413092552,0.0,510.4547,18.36760950088501,20185088,939,conll2003_prompting_main_attention,conll2003_prompting,results/conll2003/prompting_main_attention/metrics/result_1784986463.json,main_attention
conll2003,prompting,lora,attention,32.0,32.0,1.0,0.0003,5000,low,iso_epoch,42,0.9550561797752808,0.0,505.0622,18.44280195236206,20185088,939,conll2003_prompting_main_attention,conll2003_prompting,results/conll2003/prompting_main_attention/metrics/result_1784987153.json,main_attention
conll2003,prompting,lora,attention,32.0,32.0,1.0,0.0005,5000,low,iso_epoch,42,0.9595050618672668,0.0,499.3979,18.44280195236206,20185088,939,conll2003_prompting_main_attention,conll2003_prompting,results/conll2003/prompting_main_attention/metrics/result_1784987458.json,main_attention
conll2003,prompting,lora,attention,32.0,32.0,1.0,0.0003,5000,low,iso_epoch,44,0.9588268471517204,0.0,513.8401,18.36761236190796,20185088,939,conll2003_prompting_main_attention,conll2003_prompting,results/conll2003/prompting_main_attention/metrics/result_1784987470.json,main_attention
conll2003,prompting,lora,attention,32.0,32.0,1.0,0.0003,5000,low,iso_epoch,43,0.9622960045019696,0.0,512.6894,18.36760950088501,20185088,939,conll2003_prompting_main_attention,conll2003_prompting,results/conll2003/prompting_main_attention/metrics/result_1784987474.json,main_attention
conll2003,prompting,lora,attention,32.0,32.0,1.0,0.0005,5000,low,iso_epoch,43,0.96008993816751,0.0,702.9766,18.36760950088501,20185088,939,conll2003_prompting_main_attention,conll2003_prompting,results/conll2003/prompting_main_attention/metrics/result_1784988423.json,main_attention
conll2003,prompting,lora,attention,32.0,64.0,2.0,0.0001,5000,low,iso_epoch,42,0.9560810810810813,0.0,559.144,18.44280195236206,20185088,939,conll2003_prompting_main_attention,conll2003_prompting,results/conll2003/prompting_main_attention/metrics/result_1784988576.json,main_attention
conll2003,prompting,lora,attention,32.0,32.0,1.0,0.0005,5000,low,iso_epoch,44,0.9600450196961172,0.0,563.9332,18.36761236190796,20185088,939,conll2003_prompting_main_attention,conll2003_prompting,results/conll2003/prompting_main_attention/metrics/result_1784988596.json,main_attention
conll2003,prompting,lora,attention,32.0,64.0,2.0,0.0001,5000,low,iso_epoch,43,0.9616685456595264,0.0,701.1715,18.36760950088501,20185088,939,conll2003_prompting_main_attention,conll2003_prompting,results/conll2003/prompting_main_attention/metrics/result_1784988853.json,main_attention
conll2003,prompting,lora,attention,32.0,64.0,2.0,0.0001,5000,low,iso_epoch,44,0.9611267605633804,0.0,544.7271,18.36761236190796,20185088,939,conll2003_prompting_main_attention,conll2003_prompting,results/conll2003/prompting_main_attention/metrics/result_1784989460.json,main_attention
conll2003,prompting,lora,attention,32.0,64.0,2.0,0.0003,5000,low,iso_epoch,43,0.9572072072072072,0.0,502.4017,18.36760950088501,20185088,939,conll2003_prompting_main_attention,conll2003_prompting,results/conll2003/prompting_main_attention/metrics/result_1784989504.json,main_attention
conll2003,prompting,lora,attention,32.0,64.0,2.0,0.0003,5000,low,iso_epoch,42,0.956668542487338,0.0,561.8723,18.44280195236206,20185088,939,conll2003_prompting_main_attention,conll2003_prompting,results/conll2003/prompting_main_attention/metrics/result_1784989572.json,main_attention
conll2003,prompting,lora,attention,32.0,64.0,2.0,0.0003,5000,low,iso_epoch,44,0.9611267605633804,0.0,504.686,18.36761236190796,20185088,939,conll2003_prompting_main_attention,conll2003_prompting,results/conll2003/prompting_main_attention/metrics/result_1784989773.json,main_attention
conll2003,prompting,lora,attention,32.0,64.0,2.0,0.0005,5000,low,iso_epoch,43,0.9565707839819516,0.0,508.5185,18.36760950088501,20185088,939,conll2003_prompting_main_attention,conll2003_prompting,results/conll2003/prompting_main_attention/metrics/result_1784990391.json,main_attention
conll2003,prompting,lora,attention,32.0,64.0,2.0,0.0005,5000,low,iso_epoch,44,0.963923337091319,0.0,499.9259,18.36761236190796,20185088,939,conll2003_prompting_main_attention,conll2003_prompting,results/conll2003/prompting_main_attention/metrics/result_1784990410.json,main_attention
conll2003,prompting,lora,attention,32.0,64.0,2.0,0.0005,5000,low,iso_epoch,42,0.953344575604272,0.0,517.2779,18.44280195236206,20185088,939,conll2003_prompting_main_attention,conll2003_prompting,results/conll2003/prompting_main_attention/metrics/result_1784990425.json,main_attention
conll2003,prompting,lora,attention,64.0,128.0,2.0,0.0001,5000,low,iso_epoch,42,0.9550561797752808,0.0,508.4922,18.59538221359253,40370176,939,conll2003_prompting_main_attention,conll2003_prompting,results/conll2003/prompting_main_attention/metrics/result_1784990688.json,main_attention
conll2003,prompting,lora,attention,64.0,128.0,2.0,0.0001,5000,low,iso_epoch,44,0.9582392776523704,0.0,522.2145,18.444997310638428,40370176,939,conll2003_prompting_main_attention,conll2003_prompting,results/conll2003/prompting_main_attention/metrics/result_1784991326.json,main_attention
conll2003,prompting,lora,attention,64.0,128.0,2.0,0.0003,5000,low,iso_epoch,42,0.9583802024746908,0.0,502.0786,18.59538221359253,40370176,939,conll2003_prompting_main_attention,conll2003_prompting,results/conll2003/prompting_main_attention/metrics/result_1784991523.json,main_attention
conll2003,prompting,lora,attention,64.0,128.0,2.0,0.0001,5000,low,iso_epoch,43,0.9599548787366046,0.0,549.9753,18.44499444961548,40370176,939,conll2003_prompting_main_attention,conll2003_prompting,results/conll2003/prompting_main_attention/metrics/result_1784991556.json,main_attention
conll2003,prompting,lora,attention,64.0,128.0,2.0,0.0003,5000,low,iso_epoch,43,0.956717256885891,0.0,514.5599,18.44499444961548,40370176,939,conll2003_prompting_main_attention,conll2003_prompting,results/conll2003/prompting_main_attention/metrics/result_1784991648.json,main_attention
conll2003,prompting,lora,attention,64.0,128.0,2.0,0.0005,5000,low,iso_epoch,43,0.0089955022488755,0.0,506.44,18.44499444961548,40370176,939,conll2003_prompting_main_attention,conll2003_prompting,results/conll2003/prompting_main_attention/metrics/result_1784992440.json,main_attention
conll2003,prompting,lora,attention,64.0,128.0,2.0,0.0003,5000,low,iso_epoch,44,0.9650112866817157,0.0,615.3465,18.444997310638428,40370176,939,conll2003_prompting_main_attention,conll2003_prompting,results/conll2003/prompting_main_attention/metrics/result_1784992561.json,main_attention
conll2003,prompting,lora,attention,64.0,128.0,2.0,0.0005,5000,low,iso_epoch,42,0.961625282167043,0.0,507.4854,18.59538221359253,40370176,939,conll2003_prompting_main_attention,conll2003_prompting,results/conll2003/prompting_main_attention/metrics/result_1784992587.json,main_attention
conll2003,prompting,lora,attention,64.0,128.0,2.0,0.0005,5000,low,iso_epoch,44,0.9546998867497168,0.0,506.0107,18.444997310638428,40370176,939,conll2003_prompting_main_attention,conll2003_prompting,results/conll2003/prompting_main_attention/metrics/result_1784992639.json,main_attention
conll2003,prompting,lora,attention,64.0,128.0,2.0,0.0005,5000,low,iso_epoch,45,0.0383299110198494,0.002,504.5477,18.59538078308105,40370176,939,conll2003_prompting_main_attention_riskyseeds,conll2003_prompting,results/conll2003/prompting_main_attention_riskyseeds/metrics/result_1785746016145071060_2360539.json,main_attention_riskyseeds
conll2003,prompting,lora,attention,64.0,128.0,2.0,0.0005,5000,low,iso_epoch,46,0.010043942247332,0.0,503.0719,18.59538078308105,40370176,939,conll2003_prompting_main_attention_riskyseeds,conll2003_prompting,results/conll2003/prompting_main_attention_riskyseeds/metrics/result_1785746016366920985_1457637.json,main_attention_riskyseeds
conll2003,prompting,lora,attention,64.0,128.0,2.0,0.0005,5000,low,iso_epoch,47,0.9548532731376976,0.0,503.3548,18.59538650512696,40370176,939,conll2003_prompting_main_attention_riskyseeds,conll2003_prompting,results/conll2003/prompting_main_attention_riskyseeds/metrics/result_1785746065577440550_1457638.json,main_attention_riskyseeds
conll2003,prompting,lora,attention,64.0,128.0,2.0,0.0005,5000,low,iso_epoch,48,0.6308157099697886,0.0,502.9101,18.59538650512696,40370176,939,conll2003_prompting_main_attention_riskyseeds,conll2003_prompting,results/conll2003/prompting_main_attention_riskyseeds/metrics/result_1785746873741210997_2363023.json,main_attention_riskyseeds
conll2003,prompting,lora,attention,64.0,128.0,2.0,0.0005,5000,low,iso_epoch,50,0.9583802024746908,0.0,550.2935,18.59538650512696,40370176,939,conll2003_prompting_main_attention_riskyseeds,conll2003_prompting,results/conll2003/prompting_main_attention_riskyseeds/metrics/result_1785746934255457753_1460660.json,main_attention_riskyseeds
conll2003,prompting,lora,attention,64.0,128.0,2.0,0.0005,5000,low,iso_epoch,49,0.0292807129217059,0.068,546.8191,18.598773956298828,40370176,939,conll2003_prompting_main_attention_riskyseeds,conll2003_prompting,results/conll2003/prompting_main_attention_riskyseeds/metrics/result_1785746954196225883_1460082.json,main_attention_riskyseeds
conll2003,prompting,lora,attention,64.0,128.0,2.0,0.0005,5000,low,iso_epoch,51,0.9509306260575296,0.0,553.4211,18.59538650512696,40370176,939,conll2003_prompting_main_attention_riskyseeds,conll2003_prompting,results/conll2003/prompting_main_attention_riskyseeds/metrics/result_1785747383696076513_1462108.json,main_attention_riskyseeds
conll2003,prompting,lora,full,4.0,8.0,2.0,0.0001,5000,low,iso_epoch,42,0.9622535211267604,0.0,678.9234,18.38512372970581,10092544,939,conll2003_prompting_main_full,conll2003_prompting,results/conll2003/prompting_main_full/metrics/result_1784977194.json,main_full
conll2003,prompting,lora,full,4.0,8.0,2.0,0.0001,5000,low,iso_epoch,43,0.95819209039548,0.0,755.836,18.34752893447876,10092544,939,conll2003_prompting_main_full,conll2003_prompting,results/conll2003/prompting_main_full/metrics/result_1784977584.json,main_full
conll2003,prompting,lora,full,4.0,8.0,2.0,0.0001,5000,low,iso_epoch,44,0.9632975719932242,0.0,742.9392,18.34753179550171,10092544,939,conll2003_prompting_main_full,conll2003_prompting,results/conll2003/prompting_main_full/metrics/result_1784978834.json,main_full
conll2003,prompting,lora,full,4.0,8.0,2.0,0.0003,5000,low,iso_epoch,42,0.9601347557551936,0.0,759.7644,18.38512372970581,10092544,939,conll2003_prompting_main_full,conll2003_prompting,results/conll2003/prompting_main_full/metrics/result_1784978991.json,main_full
conll2003,prompting,lora,full,4.0,8.0,2.0,0.0003,5000,low,iso_epoch,43,0.9611267605633804,0.0,716.376,18.34752893447876,10092544,939,conll2003_prompting_main_full,conll2003_prompting,results/conll2003/prompting_main_full/metrics/result_1784979733.json,main_full
conll2003,prompting,lora,full,4.0,8.0,2.0,0.0003,5000,low,iso_epoch,44,0.9588268471517204,0.0,1094.7169,18.34753179550171,10092544,939,conll2003_prompting_main_full,conll2003_prompting,results/conll2003/prompting_main_full/metrics/result_1784980651.json,main_full
conll2003,prompting,lora,full,4.0,8.0,2.0,0.0005,5000,low,iso_epoch,42,0.955543050084412,0.0,1273.759,18.38512372970581,10092544,939,conll2003_prompting_main_full,conll2003_prompting,results/conll2003/prompting_main_full/metrics/result_1784980834.json,main_full
conll2003,prompting,lora,full,4.0,8.0,2.0,0.0005,5000,low,iso_epoch,43,0.9600450196961172,0.0,1085.0149,18.34752893447876,10092544,939,conll2003_prompting_main_full,conll2003_prompting,results/conll2003/prompting_main_full/metrics/result_1784980841.json,main_full
conll2003,prompting,lora,full,4.0,8.0,2.0,0.0005,5000,low,iso_epoch,44,0.956668542487338,0.0,674.3824,18.34753179550171,10092544,939,conll2003_prompting_main_full,conll2003_prompting,results/conll2003/prompting_main_full/metrics/result_1784980920.json,main_full
conll2003,prompting,lora,full,8.0,8.0,1.0,0.0001,5000,low,iso_epoch,44,0.9633389734912576,0.0,704.705,18.37978887557984,20185088,939,conll2003_prompting_main_full,conll2003_prompting,results/conll2003/prompting_main_full/metrics/result_1784982012.json,main_full
conll2003,prompting,lora,full,8.0,8.0,1.0,0.0001,5000,low,iso_epoch,43,0.9599548787366046,0.0,701.5045,18.379786014556885,20185088,939,conll2003_prompting_main_full,conll2003_prompting,results/conll2003/prompting_main_full/metrics/result_1784982013.json,main_full
conll2003,prompting,lora,full,8.0,8.0,1.0,0.0001,5000,low,iso_epoch,42,0.9571106094808126,0.0,770.4926,18.454978466033936,20185088,939,conll2003_prompting_main_full,conll2003_prompting,results/conll2003/prompting_main_full/metrics/result_1784982170.json,main_full
conll2003,prompting,lora,full,8.0,8.0,1.0,0.0003,5000,low,iso_epoch,42,0.9617117117117115,0.0,866.62,18.454978466033936,20185088,939,conll2003_prompting_main_full,conll2003_prompting,results/conll2003/prompting_main_full/metrics/result_1784982340.json,main_full
conll2003,prompting,lora,full,8.0,8.0,1.0,0.0005,5000,low,iso_epoch,43,0.9565707839819516,0.0,659.9184,18.379786014556885,20185088,939,conll2003_prompting_main_full,conll2003_prompting,results/conll2003/prompting_main_full/metrics/result_1784983462.json,main_full
conll2003,prompting,lora,full,8.0,8.0,1.0,0.0005,5000,low,iso_epoch,42,0.953344575604272,0.0,661.3869,18.454978466033936,20185088,939,conll2003_prompting_main_full,conll2003_prompting,results/conll2003/prompting_main_full/metrics/result_1784983465.json,main_full
conll2003,prompting,lora,full,8.0,8.0,1.0,0.0003,5000,low,iso_epoch,44,0.9583333333333331,0.0,663.2868,18.37978887557984,20185088,939,conll2003_prompting_main_full,conll2003_prompting,results/conll2003/prompting_main_full/metrics/result_1784983562.json,main_full
conll2003,prompting,lora,full,8.0,8.0,1.0,0.0003,5000,low,iso_epoch,43,0.9622960045019696,0.0,679.4835,18.379786014556885,20185088,939,conll2003_prompting_main_full,conll2003_prompting,results/conll2003/prompting_main_full/metrics/result_1784983580.json,main_full
conll2003,prompting,lora,full,8.0,8.0,1.0,0.0005,5000,low,iso_epoch,44,0.9576988155668358,0.0,673.6695,18.37978887557984,20185088,939,conll2003_prompting_main_full,conll2003_prompting,results/conll2003/prompting_main_full/metrics/result_1784984639.json,main_full
conll2003,prompting,lora,full,8.0,16.0,2.0,0.0001,5000,low,iso_epoch,42,0.9594594594594594,0.0,742.6952,18.454978466033936,20185088,939,conll2003_prompting_main_full,conll2003_prompting,results/conll2003/prompting_main_full/metrics/result_1784984712.json,main_full
conll2003,prompting,lora,full,8.0,16.0,2.0,0.0001,5000,low,iso_epoch,44,0.963882618510158,0.0,810.4697,18.37978887557984,20185088,939,conll2003_prompting_main_full,conll2003_prompting,results/conll2003/prompting_main_full/metrics/result_1784985045.json,main_full
conll2003,prompting,lora,full,8.0,16.0,2.0,0.0001,5000,low,iso_epoch,43,0.9632975719932242,0.0,827.5699,18.379786014556885,20185088,939,conll2003_prompting_main_full,conll2003_prompting,results/conll2003/prompting_main_full/metrics/result_1784985048.json,main_full
conll2003,prompting,lora,full,8.0,16.0,2.0,0.0003,5000,low,iso_epoch,42,0.9556428972487367,0.0,760.8743,18.454978466033936,20185088,939,conll2003_prompting_main_full,conll2003_prompting,results/conll2003/prompting_main_full/metrics/result_1784985921.json,main_full
conll2003,prompting,lora,full,8.0,16.0,2.0,0.0005,5000,low,iso_epoch,42,0.961082910321489,0.0,706.9337,18.454978466033936,20185088,939,conll2003_prompting_main_full,conll2003_prompting,results/conll2003/prompting_main_full/metrics/result_1784986239.json,main_full
conll2003,prompting,lora,full,8.0,16.0,2.0,0.0003,5000,low,iso_epoch,44,0.9617117117117115,0.0,673.2724,18.37978887557984,20185088,939,conll2003_prompting_main_full,conll2003_prompting,results/conll2003/prompting_main_full/metrics/result_1784986337.json,main_full
conll2003,prompting,lora,full,8.0,16.0,2.0,0.0003,5000,low,iso_epoch,43,0.956031567080045,0.0,1066.3706,18.379786014556885,20185088,939,conll2003_prompting_main_full,conll2003_prompting,results/conll2003/prompting_main_full/metrics/result_1784986493.json,main_full
conll2003,prompting,lora,full,8.0,16.0,2.0,0.0005,5000,low,iso_epoch,43,0.9594594594594594,0.0,838.8269,18.379786014556885,20185088,939,conll2003_prompting_main_full,conll2003_prompting,results/conll2003/prompting_main_full/metrics/result_1784987243.json,main_full
conll2003,prompting,lora,full,8.0,16.0,2.0,0.0005,5000,low,iso_epoch,44,0.961038961038961,0.0,664.8128,18.37978887557984,20185088,939,conll2003_prompting_main_full,conll2003_prompting,results/conll2003/prompting_main_full/metrics/result_1784987352.json,main_full
conll2003,prompting,lora,full,16.0,16.0,1.0,0.0001,5000,low,iso_epoch,43,0.9632975719932242,0.0,837.2543,18.471338748931885,40370176,939,conll2003_prompting_main_full,conll2003_prompting,results/conll2003/prompting_main_full/metrics/result_1784987913.json,main_full
conll2003,prompting,lora,full,16.0,16.0,1.0,0.0001,5000,low,iso_epoch,42,0.9589195272931909,0.0,837.6929,18.63727903366089,40370176,939,conll2003_prompting_main_full,conll2003_prompting,results/conll2003/prompting_main_full/metrics/result_1784987917.json,main_full
conll2003,prompting,lora,full,16.0,16.0,1.0,0.0001,5000,low,iso_epoch,44,0.963923337091319,0.0,753.1871,18.47134160995484,40370176,939,conll2003_prompting_main_full,conll2003_prompting,results/conll2003/prompting_main_full/metrics/result_1784988473.json,main_full
conll2003,prompting,lora,full,16.0,16.0,1.0,0.0003,5000,low,iso_epoch,42,0.9573033707865168,0.0,674.6101,18.63727903366089,40370176,939,conll2003_prompting_main_full,conll2003_prompting,results/conll2003/prompting_main_full/metrics/result_1784988502.json,main_full
conll2003,prompting,lora,full,16.0,16.0,1.0,0.0003,5000,low,iso_epoch,44,0.96,0.0,670.8449,18.47134160995484,40370176,939,conll2003_prompting_main_full,conll2003_prompting,results/conll2003/prompting_main_full/metrics/result_1784989134.json,main_full
conll2003,prompting,lora,full,16.0,16.0,1.0,0.0003,5000,low,iso_epoch,43,0.9561797752808988,0.0,680.9049,18.471338748931885,40370176,939,conll2003_prompting_main_full,conll2003_prompting,results/conll2003/prompting_main_full/metrics/result_1784989145.json,main_full
conll2003,prompting,lora,full,16.0,16.0,1.0,0.0005,5000,low,iso_epoch,43,0.9532394366197184,0.0,930.2283,18.471338748931885,40370176,939,conll2003_prompting_main_full,conll2003_prompting,results/conll2003/prompting_main_full/metrics/result_1784989920.json,main_full
conll2003,prompting,lora,full,16.0,16.0,1.0,0.0005,5000,low,iso_epoch,42,0.9583333333333331,0.0,927.7563,18.63727903366089,40370176,939,conll2003_prompting_main_full,conll2003_prompting,results/conll2003/prompting_main_full/metrics/result_1784989921.json,main_full
conll2003,prompting,lora,full,16.0,16.0,1.0,0.0005,5000,low,iso_epoch,44,0.9566197183098591,0.0,769.2151,18.47134160995484,40370176,939,conll2003_prompting_main_full,conll2003_prompting,results/conll2003/prompting_main_full/metrics/result_1784990341.json,main_full
conll2003,prompting,lora,full,16.0,32.0,2.0,0.0001,5000,low,iso_epoch,42,0.9611705120990434,0.0,670.4183,18.63727903366089,40370176,939,conll2003_prompting_main_full,conll2003_prompting,results/conll2003/prompting_main_full/metrics/result_1784990546.json,main_full
conll2003,prompting,lora,full,16.0,32.0,2.0,0.0001,5000,low,iso_epoch,44,0.9605411499436304,0.0,671.4099,18.47134160995484,40370176,939,conll2003_prompting_main_full,conll2003_prompting,results/conll2003/prompting_main_full/metrics/result_1784991066.json,main_full
conll2003,prompting,lora,full,16.0,32.0,2.0,0.0001,5000,low,iso_epoch,43,0.9645070422535212,0.0,718.4425,18.471338748931885,40370176,939,conll2003_prompting_main_full,conll2003_prompting,results/conll2003/prompting_main_full/metrics/result_1784991135.json,main_full
conll2003,prompting,lora,full,16.0,32.0,2.0,0.0003,5000,low,iso_epoch,42,0.9551066217732884,0.0,764.5373,18.63727903366089,40370176,939,conll2003_prompting_main_full,conll2003_prompting,results/conll2003/prompting_main_full/metrics/result_1784991642.json,main_full
conll2003,prompting,lora,full,16.0,32.0,2.0,0.0003,5000,low,iso_epoch,43,0.962837837837838,0.0,683.2802,18.471338748931885,40370176,939,conll2003_prompting_main_full,conll2003_prompting,results/conll2003/prompting_main_full/metrics/result_1784991709.json,main_full
conll2003,prompting,lora,full,16.0,32.0,2.0,0.0005,5000,low,iso_epoch,42,0.0,0.004,674.058,18.63727903366089,40370176,939,conll2003_prompting_main_full,conll2003_prompting,results/conll2003/prompting_main_full/metrics/result_1784992032.json,main_full
conll2003,prompting,lora,full,16.0,32.0,2.0,0.0005,5000,low,iso_epoch,43,0.9553924336533032,0.0,681.2138,18.471338748931885,40370176,939,conll2003_prompting_main_full,conll2003_prompting,results/conll2003/prompting_main_full/metrics/result_1784992885.json,main_full
conll2003,prompting,lora,full,16.0,32.0,2.0,0.0005,5000,low,iso_epoch,44,0.9572553430821148,0.0,684.1665,18.47134160995484,40370176,939,conll2003_prompting_main_full,conll2003_prompting,results/conll2003/prompting_main_full/metrics/result_1784992892.json,main_full
conll2003,prompting,lora,full,16.0,32.0,2.0,0.0003,5000,low,iso_epoch,44,0.9561304836895388,0.0,1115.9493,18.47134160995484,40370176,939,conll2003_prompting_main_full,conll2003_prompting,results/conll2003/prompting_main_full/metrics/result_1784993038.json,main_full
conll2003,prompting,lora,full,32.0,32.0,1.0,0.0001,5000,low,iso_epoch,42,0.9565707839819516,0.0,693.6727,18.915812969207764,80740352,939,conll2003_prompting_main_full,conll2003_prompting,results/conll2003/prompting_main_full/metrics/result_1784993256.json,main_full
conll2003,prompting,lora,full,32.0,32.0,1.0,0.0001,5000,low,iso_epoch,43,0.963963963963964,0.0,736.9145,18.59604501724243,80740352,939,conll2003_prompting_main_full,conll2003_prompting,results/conll2003/prompting_main_full/metrics/result_1784994086.json,main_full
conll2003,prompting,lora,full,32.0,32.0,1.0,0.0001,5000,low,iso_epoch,44,0.961038961038961,0.0,676.7305,18.595780849456787,80740352,939,conll2003_prompting_main_full,conll2003_prompting,results/conll2003/prompting_main_full/metrics/result_1784994171.json,main_full
conll2003,prompting,lora,full,32.0,32.0,1.0,0.0003,5000,low,iso_epoch,42,0.9545709478407178,0.0,677.2021,18.915812969207764,80740352,939,conll2003_prompting_main_full,conll2003_prompting,results/conll2003/prompting_main_full/metrics/result_1784994177.json,main_full
conll2003,prompting,lora,full,32.0,32.0,1.0,0.0003,5000,low,iso_epoch,43,0.9554427523970672,0.0,689.0493,18.59604501724243,80740352,939,conll2003_prompting_main_full,conll2003_prompting,results/conll2003/prompting_main_full/metrics/result_1784994444.json,main_full
conll2003,prompting,lora,full,32.0,32.0,1.0,0.0003,5000,low,iso_epoch,44,0.9606299212598426,0.0,713.8005,18.595780849456787,80740352,939,conll2003_prompting_main_full,conll2003_prompting,results/conll2003/prompting_main_full/metrics/result_1784995259.json,main_full
conll2003,prompting,lora,full,32.0,32.0,1.0,0.0005,5000,low,iso_epoch,43,0.9594594594594594,0.0,676.6466,18.59604501724243,80740352,939,conll2003_prompting_main_full,conll2003_prompting,results/conll2003/prompting_main_full/metrics/result_1784995473.json,main_full
conll2003,prompting,lora,full,32.0,32.0,1.0,0.0005,5000,low,iso_epoch,42,0.9601347557551936,0.0,860.1625,18.915812969207764,80740352,939,conll2003_prompting_main_full,conll2003_prompting,results/conll2003/prompting_main_full/metrics/result_1784995577.json,main_full
conll2003,prompting,lora,full,32.0,32.0,1.0,0.0005,5000,low,iso_epoch,44,0.944475602916433,0.0,674.6248,18.595780849456787,80740352,939,conll2003_prompting_main_full,conll2003_prompting,results/conll2003/prompting_main_full/metrics/result_1784995631.json,main_full
conll2003,prompting,lora,full,32.0,64.0,2.0,0.0001,5000,low,iso_epoch,42,0.96008993816751,0.0,743.8891,18.915812969207764,80740352,939,conll2003_prompting_main_full,conll2003_prompting,results/conll2003/prompting_main_full/metrics/result_1784996466.json,main_full
conll2003,prompting,lora,full,32.0,64.0,2.0,0.0001,5000,low,iso_epoch,43,0.9606299212598426,0.0,677.6639,18.59604501724243,80740352,939,conll2003_prompting_main_full,conll2003_prompting,results/conll2003/prompting_main_full/metrics/result_1784996785.json,main_full
conll2003,prompting,lora,full,32.0,64.0,2.0,0.0001,5000,low,iso_epoch,44,0.959413754227734,0.0,686.7539,18.595780849456787,80740352,939,conll2003_prompting_main_full,conll2003_prompting,results/conll2003/prompting_main_full/metrics/result_1784996865.json,main_full
conll2003,prompting,lora,full,32.0,64.0,2.0,0.0003,5000,low,iso_epoch,42,0.9611705120990434,0.0,688.1568,18.915812969207764,80740352,939,conll2003_prompting_main_full,conll2003_prompting,results/conll2003/prompting_main_full/metrics/result_1784996876.json,main_full
conll2003,prompting,lora,full,32.0,64.0,2.0,0.0003,5000,low,iso_epoch,43,0.9590117911285794,0.0,674.6948,18.59604501724243,80740352,939,conll2003_prompting_main_full,conll2003_prompting,results/conll2003/prompting_main_full/metrics/result_1784997623.json,main_full
conll2003,prompting,lora,full,32.0,64.0,2.0,0.0005,5000,low,iso_epoch,43,0.9531866892272984,0.0,674.2669,18.59604501724243,80740352,939,conll2003_prompting_main_full,conll2003_prompting,results/conll2003/prompting_main_full/metrics/result_1784998005.json,main_full
conll2003,prompting,lora,full,32.0,64.0,2.0,0.0005,5000,low,iso_epoch,42,0.0,0.0,876.2255,18.915812969207764,80740352,939,conll2003_prompting_main_full,conll2003_prompting,results/conll2003/prompting_main_full/metrics/result_1784998016.json,main_full
conll2003,prompting,lora,full,32.0,64.0,2.0,0.0003,5000,low,iso_epoch,44,0.9617547806524184,0.0,747.9556,18.595780849456787,80740352,939,conll2003_prompting_main_full,conll2003_prompting,results/conll2003/prompting_main_full/metrics/result_1784998163.json,main_full
conll2003,prompting,lora,full,32.0,64.0,2.0,0.0005,5000,low,iso_epoch,44,0.0,0.0,677.4202,18.595780849456787,80740352,939,conll2003_prompting_main_full,conll2003_prompting,results/conll2003/prompting_main_full/metrics/result_1784998518.json,main_full
conll2003,prompting,lora,full,64.0,128.0,2.0,0.0001,5000,low,iso_epoch,42,0.9594594594594594,0.0,718.4361,19.53782224655152,161480704,939,conll2003_prompting_main_full,conll2003_prompting,results/conll2003/prompting_main_full/metrics/result_1784999191.json,main_full
conll2003,prompting,lora,full,64.0,128.0,2.0,0.0001,5000,low,iso_epoch,43,0.9611705120990434,0.0,746.4314,18.90020990371704,161480704,939,conll2003_prompting_main_full,conll2003_prompting,results/conll2003/prompting_main_full/metrics/result_1784999228.json,main_full
conll2003,prompting,lora,full,64.0,128.0,2.0,0.0001,5000,low,iso_epoch,44,0.9617117117117115,0.0,735.1755,18.899693965911865,161480704,939,conll2003_prompting_main_full,conll2003_prompting,results/conll2003/prompting_main_full/metrics/result_1784999393.json,main_full
conll2003,prompting,lora,full,64.0,128.0,2.0,0.0003,5000,low,iso_epoch,42,0.9589657110736368,0.0,681.3375,19.53782224655152,161480704,939,conll2003_prompting_main_full,conll2003_prompting,results/conll2003/prompting_main_full/metrics/result_1784999759.json,main_full
conll2003,prompting,lora,full,64.0,128.0,2.0,0.0005,5000,low,iso_epoch,42,0.0,0.012,906.9718,19.53782224655152,161480704,939,conll2003_prompting_main_full,conll2003_prompting,results/conll2003/prompting_main_full/metrics/result_1785000907.json,main_full
conll2003,prompting,lora,full,64.0,128.0,2.0,0.0003,5000,low,iso_epoch,43,0.9577940348902644,0.0,1127.5877,18.90020990371704,161480704,939,conll2003_prompting_main_full,conll2003_prompting,results/conll2003/prompting_main_full/metrics/result_1785001047.json,main_full
conll2003,prompting,lora,full,64.0,128.0,2.0,0.0005,5000,low,iso_epoch,43,0.0202020202020202,0.0,901.4844,18.90020990371704,161480704,939,conll2003_prompting_main_full,conll2003_prompting,results/conll2003/prompting_main_full/metrics/result_1785001168.json,main_full
conll2003,prompting,lora,full,64.0,128.0,2.0,0.0003,5000,low,iso_epoch,44,0.9611705120990434,0.0,906.6652,18.899693965911865,161480704,939,conll2003_prompting_main_full,conll2003_prompting,results/conll2003/prompting_main_full/metrics/result_1785001223.json,main_full
conll2003,prompting,lora,full,64.0,128.0,2.0,0.0005,5000,low,iso_epoch,44,0.011639185257032,0.0,962.9265,18.899693965911865,161480704,939,conll2003_prompting_main_full,conll2003_prompting,results/conll2003/prompting_main_full/metrics/result_1785002186.json,main_full
conll2003,prompting,lora,full,16.0,32.0,2.0,0.0005,5000,low,iso_epoch,45,0.9554427523970672,0.0,671.6818,18.635122299194336,40370176,939,conll2003_prompting_main_full_riskyseeds,conll2003_prompting,results/conll2003/prompting_main_full_riskyseeds/metrics/result_1785712399961718035_2703915.json,main_full_riskyseeds
conll2003,prompting,lora,full,16.0,32.0,2.0,0.0005,5000,low,iso_epoch,46,0.9588268471517204,0.0,671.8506,18.632455825805664,40370176,939,conll2003_prompting_main_full_riskyseeds,conll2003_prompting,results/conll2003/prompting_main_full_riskyseeds/metrics/result_1785713520143647985_2706832.json,main_full_riskyseeds
conll2003,prompting,lora,full,16.0,32.0,2.0,0.0005,5000,low,iso_epoch,47,0.0,0.0,668.4486,18.63203811645508,40370176,939,conll2003_prompting_main_full_riskyseeds,conll2003_prompting,results/conll2003/prompting_main_full_riskyseeds/metrics/result_1785714391229767121_2709321.json,main_full_riskyseeds
conll2003,prompting,lora,full,16.0,32.0,2.0,0.0005,5000,low,iso_epoch,48,0.9512058328659564,0.0,668.6505,18.631023406982425,40370176,939,conll2003_prompting_main_full_riskyseeds,conll2003_prompting,results/conll2003/prompting_main_full_riskyseeds/metrics/result_1785715490372600621_2711377.json,main_full_riskyseeds
conll2003,prompting,lora,full,16.0,32.0,2.0,0.0005,5000,low,iso_epoch,49,0.8990411731528483,0.0,669.6814,18.63695907592773,40370176,939,conll2003_prompting_main_full_riskyseeds,conll2003_prompting,results/conll2003/prompting_main_full_riskyseeds/metrics/result_1785716727076072165_2713856.json,main_full_riskyseeds
conll2003,prompting,lora,full,16.0,32.0,2.0,0.0005,5000,low,iso_epoch,50,0.961625282167043,0.0,671.05,18.635173797607425,40370176,939,conll2003_prompting_main_full_riskyseeds,conll2003_prompting,results/conll2003/prompting_main_full_riskyseeds/metrics/result_1785717879761854300_2716518.json,main_full_riskyseeds
conll2003,prompting,lora,full,16.0,32.0,2.0,0.0005,5000,low,iso_epoch,51,0.9526493799323564,0.0,668.9688,18.6345329284668,40370176,939,conll2003_prompting_main_full_riskyseeds,conll2003_prompting,results/conll2003/prompting_main_full_riskyseeds/metrics/result_1785718978799072780_2718823.json,main_full_riskyseeds
conll2003,prompting,lora,full,32.0,64.0,2.0,0.0005,5000,low,iso_epoch,45,0.9595050618672668,0.0,677.1224,18.91109275817871,80740352,939,conll2003_prompting_main_full_riskyseeds,conll2003_prompting,results/conll2003/prompting_main_full_riskyseeds/metrics/result_1785720084541963148_2721153.json,main_full_riskyseeds
conll2003,prompting,lora,full,32.0,64.0,2.0,0.0005,5000,low,iso_epoch,46,0.0,0.0,744.0928,18.91397285461425,80740352,939,conll2003_prompting_main_full_riskyseeds,conll2003_prompting,results/conll2003/prompting_main_full_riskyseeds/metrics/result_1785720690461671453_357583.json,main_full_riskyseeds
conll2003,prompting,lora,full,32.0,64.0,2.0,0.0005,5000,low,iso_epoch,47,0.0,0.0,676.1085,18.910436630249023,80740352,939,conll2003_prompting_main_full_riskyseeds,conll2003_prompting,results/conll2003/prompting_main_full_riskyseeds/metrics/result_1785720950879466189_2723520.json,main_full_riskyseeds
conll2003,prompting,lora,full,32.0,64.0,2.0,0.0005,5000,low,iso_epoch,48,0.9494605337876209,0.0,770.4912,18.90331268310547,80740352,939,conll2003_prompting_main_full_riskyseeds,conll2003_prompting,results/conll2003/prompting_main_full_riskyseeds/metrics/result_1785722016701518361_360103.json,main_full_riskyseeds
conll2003,prompting,lora,full,32.0,64.0,2.0,0.0005,5000,low,iso_epoch,49,0.9497459062676454,0.0,672.1385,18.905845642089844,80740352,939,conll2003_prompting_main_full_riskyseeds,conll2003_prompting,results/conll2003/prompting_main_full_riskyseeds/metrics/result_1785722046473256307_2725421.json,main_full_riskyseeds
conll2003,prompting,lora,full,32.0,64.0,2.0,0.0005,5000,low,iso_epoch,50,0.0,0.0,763.1083,18.9079818725586,80740352,939,conll2003_prompting_main_full_riskyseeds,conll2003_prompting,results/conll2003/prompting_main_full_riskyseeds/metrics/result_1785723044920616775_363409.json,main_full_riskyseeds
conll2003,prompting,lora,full,32.0,64.0,2.0,0.0005,5000,low,iso_epoch,51,0.96008993816751,0.0,760.2587,18.904937744140625,80740352,939,conll2003_prompting_main_full_riskyseeds,conll2003_prompting,results/conll2003/prompting_main_full_riskyseeds/metrics/result_1785724311604680774_365947.json,main_full_riskyseeds
conll2003,prompting,lora,qv,4.0,8.0,2.0,0.0001,5000,low,iso_epoch,42,0.9411764705882352,0.0,452.6839,18.302615642547607,1261568,939,conll2003_prompting_main_qv,conll2003_prompting,results/conll2003/prompting_main_qv/metrics/result_1784966167.json,main_qv
conll2003,prompting,lora,qv,4.0,8.0,2.0,0.0001,5000,low,iso_epoch,43,0.9403747870528107,0.0,455.3007,18.29794931411743,1261568,939,conll2003_prompting_main_qv,conll2003_prompting,results/conll2003/prompting_main_qv/metrics/result_1784968186.json,main_qv
conll2003,prompting,lora,qv,4.0,8.0,2.0,0.0003,5000,low,iso_epoch,42,0.95372460496614,0.0,460.3562,18.302615642547607,1261568,939,conll2003_prompting_main_qv,conll2003_prompting,results/conll2003/prompting_main_qv/metrics/result_1784968415.json,main_qv
conll2003,prompting,lora,qv,4.0,8.0,2.0,0.0001,5000,low,iso_epoch,44,0.9433106575963718,0.0,544.8206,18.29746389389038,1261568,939,conll2003_prompting_main_qv,conll2003_prompting,results/conll2003/prompting_main_qv/metrics/result_1784968581.json,main_qv
conll2003,prompting,lora,qv,4.0,8.0,2.0,0.0005,5000,low,iso_epoch,43,0.9565217391304348,0.0,449.5963,18.29794931411743,1261568,939,conll2003_prompting_main_qv,conll2003_prompting,results/conll2003/prompting_main_qv/metrics/result_1784969362.json,main_qv
conll2003,prompting,lora,qv,4.0,8.0,2.0,0.0005,5000,low,iso_epoch,42,0.9590117911285794,0.0,458.5407,18.302615642547607,1261568,939,conll2003_prompting_main_qv,conll2003_prompting,results/conll2003/prompting_main_qv/metrics/result_1784969378.json,main_qv
conll2003,prompting,lora,qv,4.0,8.0,2.0,0.0003,5000,low,iso_epoch,43,0.9563739376770538,0.0,453.7774,18.29794931411743,1261568,939,conll2003_prompting_main_qv,conll2003_prompting,results/conll2003/prompting_main_qv/metrics/result_1784969386.json,main_qv
conll2003,prompting,lora,qv,4.0,8.0,2.0,0.0003,5000,low,iso_epoch,44,0.9543661971830988,0.0,479.4183,18.29746389389038,1261568,939,conll2003_prompting_main_qv,conll2003_prompting,results/conll2003/prompting_main_qv/metrics/result_1784969409.json,main_qv
conll2003,prompting,lora,qv,4.0,8.0,2.0,0.0005,5000,low,iso_epoch,44,0.9611267605633804,0.0,451.1682,18.29746389389038,1261568,939,conll2003_prompting_main_qv,conll2003_prompting,results/conll2003/prompting_main_qv/metrics/result_1784970427.json,main_qv
conll2003,prompting,lora,qv,8.0,8.0,1.0,0.0001,5000,low,iso_epoch,42,0.9405772495755518,0.0,455.1284,18.31407117843628,2523136,939,conll2003_prompting_main_qv,conll2003_prompting,results/conll2003/prompting_main_qv/metrics/result_1784970428.json,main_qv
conll2003,prompting,lora,qv,8.0,8.0,1.0,0.0001,5000,low,iso_epoch,43,0.9456398640996604,0.0,456.7852,18.304705142974854,2523136,939,conll2003_prompting_main_qv,conll2003_prompting,results/conll2003/prompting_main_qv/metrics/result_1784970433.json,main_qv
conll2003,prompting,lora,qv,8.0,8.0,1.0,0.0001,5000,low,iso_epoch,44,0.943374858437146,0.0,449.3972,18.304219722747803,2523136,939,conll2003_prompting_main_qv,conll2003_prompting,results/conll2003/prompting_main_qv/metrics/result_1784970594.json,main_qv
conll2003,prompting,lora,qv,8.0,8.0,1.0,0.0003,5000,low,iso_epoch,42,0.9553420011305822,0.0,447.4579,18.31407117843628,2523136,939,conll2003_prompting_main_qv,conll2003_prompting,results/conll2003/prompting_main_qv/metrics/result_1784971275.json,main_qv
conll2003,prompting,lora,qv,8.0,8.0,1.0,0.0003,5000,low,iso_epoch,43,0.9496321448783248,0.0,453.9921,18.304705142974854,2523136,939,conll2003_prompting_main_qv,conll2003_prompting,results/conll2003/prompting_main_qv/metrics/result_1784971364.json,main_qv
conll2003,prompting,lora,qv,8.0,8.0,1.0,0.0003,5000,low,iso_epoch,44,0.9519502543810062,0.0,457.571,18.304219722747803,2523136,939,conll2003_prompting_main_qv,conll2003_prompting,results/conll2003/prompting_main_qv/metrics/result_1784971370.json,main_qv
conll2003,prompting,lora,qv,8.0,8.0,1.0,0.0005,5000,low,iso_epoch,42,0.9605411499436304,0.0,453.2959,18.31407117843628,2523136,939,conll2003_prompting_main_qv,conll2003_prompting,results/conll2003/prompting_main_qv/metrics/result_1784971832.json,main_qv
conll2003,prompting,lora,qv,8.0,8.0,1.0,0.0005,5000,low,iso_epoch,43,0.9572072072072072,0.0,458.8194,18.304705142974854,2523136,939,conll2003_prompting_main_qv,conll2003_prompting,results/conll2003/prompting_main_qv/metrics/result_1784972392.json,main_qv
conll2003,prompting,lora,qv,8.0,8.0,1.0,0.0005,5000,low,iso_epoch,44,0.9554427523970672,0.0,462.0468,18.304219722747803,2523136,939,conll2003_prompting_main_qv,conll2003_prompting,results/conll2003/prompting_main_qv/metrics/result_1784972395.json,main_qv
conll2003,prompting,lora,qv,8.0,16.0,2.0,0.0001,5000,low,iso_epoch,42,0.9457013574660632,0.0,451.3412,18.31407117843628,2523136,939,conll2003_prompting_main_qv,conll2003_prompting,results/conll2003/prompting_main_qv/metrics/result_1784972528.json,main_qv
conll2003,prompting,lora,qv,8.0,16.0,2.0,0.0001,5000,low,iso_epoch,43,0.9485585076314302,0.0,450.4848,18.304705142974854,2523136,939,conll2003_prompting_main_qv,conll2003_prompting,results/conll2003/prompting_main_qv/metrics/result_1784972870.json,main_qv
conll2003,prompting,lora,qv,8.0,16.0,2.0,0.0001,5000,low,iso_epoch,44,0.9489795918367346,0.0,460.6831,18.304219722747803,2523136,939,conll2003_prompting_main_qv,conll2003_prompting,results/conll2003/prompting_main_qv/metrics/result_1784973215.json,main_qv
conll2003,prompting,lora,qv,8.0,16.0,2.0,0.0003,5000,low,iso_epoch,42,0.959413754227734,0.0,461.9688,18.31407117843628,2523136,939,conll2003_prompting_main_qv,conll2003_prompting,results/conll2003/prompting_main_qv/metrics/result_1784973221.json,main_qv
conll2003,prompting,lora,qv,8.0,16.0,2.0,0.0003,5000,low,iso_epoch,43,0.9581447963800904,0.0,467.9618,18.304705142974854,2523136,939,conll2003_prompting_main_qv,conll2003_prompting,results/conll2003/prompting_main_qv/metrics/result_1784973424.json,main_qv
conll2003,prompting,lora,qv,8.0,16.0,2.0,0.0003,5000,low,iso_epoch,44,0.9507640067911716,0.0,536.3065,18.304219722747803,2523136,939,conll2003_prompting_main_qv,conll2003_prompting,results/conll2003/prompting_main_qv/metrics/result_1784973910.json,main_qv
conll2003,prompting,lora,qv,8.0,16.0,2.0,0.0005,5000,low,iso_epoch,43,0.9571589627959411,0.0,462.9145,18.304705142974854,2523136,939,conll2003_prompting_main_qv,conll2003_prompting,results/conll2003/prompting_main_qv/metrics/result_1784974212.json,main_qv
conll2003,prompting,lora,qv,8.0,16.0,2.0,0.0005,5000,low,iso_epoch,42,0.9590577678070668,0.0,463.6071,18.31407117843628,2523136,939,conll2003_prompting_main_qv,conll2003_prompting,results/conll2003/prompting_main_qv/metrics/result_1784974218.json,main_qv
conll2003,prompting,lora,qv,8.0,16.0,2.0,0.0005,5000,low,iso_epoch,44,0.9583333333333331,0.0,621.5822,18.304219722747803,2523136,939,conll2003_prompting_main_qv,conll2003_prompting,results/conll2003/prompting_main_qv/metrics/result_1784974546.json,main_qv
conll2003,prompting,lora,qv,16.0,16.0,1.0,0.0001,5000,low,iso_epoch,42,0.9479638009049772,0.0,455.0761,18.337649822235107,5046272,939,conll2003_prompting_main_qv,conll2003_prompting,results/conll2003/prompting_main_qv/metrics/result_1784974699.json,main_qv
conll2003,prompting,lora,qv,16.0,16.0,1.0,0.0001,5000,low,iso_epoch,44,0.9467723669309172,0.0,459.6022,18.31839895248413,5046272,939,conll2003_prompting_main_qv,conll2003_prompting,results/conll2003/prompting_main_qv/metrics/result_1784974998.json,main_qv
conll2003,prompting,lora,qv,16.0,16.0,1.0,0.0001,5000,low,iso_epoch,43,0.9462973431317128,0.0,457.3442,18.31888437271118,5046272,939,conll2003_prompting_main_qv,conll2003_prompting,results/conll2003/prompting_main_qv/metrics/result_1784975001.json,main_qv
conll2003,prompting,lora,qv,16.0,16.0,1.0,0.0003,5000,low,iso_epoch,42,0.95819209039548,0.0,547.3164,18.337649822235107,5046272,939,conll2003_prompting_main_qv,conll2003_prompting,results/conll2003/prompting_main_qv/metrics/result_1784975428.json,main_qv
conll2003,prompting,lora,qv,16.0,16.0,1.0,0.0003,5000,low,iso_epoch,43,0.9571589627959411,0.0,452.5761,18.31888437271118,5046272,939,conll2003_prompting_main_qv,conll2003_prompting,results/conll2003/prompting_main_qv/metrics/result_1784975957.json,main_qv
conll2003,prompting,lora,qv,16.0,16.0,1.0,0.0005,5000,low,iso_epoch,42,0.9550056242969628,0.0,452.9601,18.337649822235107,5046272,939,conll2003_prompting_main_qv,conll2003_prompting,results/conll2003/prompting_main_qv/metrics/result_1784975982.json,main_qv
conll2003,prompting,lora,qv,16.0,16.0,1.0,0.0003,5000,low,iso_epoch,44,0.96045197740113,0.0,451.9937,18.31839895248413,5046272,939,conll2003_prompting_main_qv,conll2003_prompting,results/conll2003/prompting_main_qv/metrics/result_1784975983.json,main_qv
conll2003,prompting,lora,qv,16.0,16.0,1.0,0.0005,5000,low,iso_epoch,43,0.9604966139954854,0.0,450.7236,18.31888437271118,5046272,939,conll2003_prompting_main_qv,conll2003_prompting,results/conll2003/prompting_main_qv/metrics/result_1784976437.json,main_qv
conll2003,prompting,lora,qv,16.0,32.0,2.0,0.0001,5000,low,iso_epoch,42,0.947845804988662,0.0,449.3401,18.337649822235107,5046272,939,conll2003_prompting_main_qv,conll2003_prompting,results/conll2003/prompting_main_qv/metrics/result_1784976752.json,main_qv
conll2003,prompting,lora,qv,16.0,32.0,2.0,0.0001,5000,low,iso_epoch,43,0.9517867271695972,0.0,451.2044,18.31888437271118,5046272,939,conll2003_prompting_main_qv,conll2003_prompting,results/conll2003/prompting_main_qv/metrics/result_1784976754.json,main_qv
conll2003,prompting,lora,qv,16.0,16.0,1.0,0.0005,5000,low,iso_epoch,44,0.9611267605633804,0.0,512.737,18.31839895248413,5046272,939,conll2003_prompting_main_qv,conll2003_prompting,results/conll2003/prompting_main_qv/metrics/result_1784976822.json,main_qv
conll2003,prompting,lora,qv,16.0,32.0,2.0,0.0001,5000,low,iso_epoch,44,0.9523809523809524,0.0,451.3331,18.31839895248413,5046272,939,conll2003_prompting_main_qv,conll2003_prompting,results/conll2003/prompting_main_qv/metrics/result_1784977276.json,main_qv
conll2003,prompting,lora,qv,16.0,32.0,2.0,0.0003,5000,low,iso_epoch,42,0.9617117117117115,0.0,450.8266,18.337649822235107,5046272,939,conll2003_prompting_main_qv,conll2003_prompting,results/conll2003/prompting_main_qv/metrics/result_1784977515.json,main_qv
conll2003,prompting,lora,qv,16.0,32.0,2.0,0.0003,5000,low,iso_epoch,43,0.9565707839819516,0.0,483.9676,18.31888437271118,5046272,939,conll2003_prompting_main_qv,conll2003_prompting,results/conll2003/prompting_main_qv/metrics/result_1784977590.json,main_qv
conll2003,prompting,lora,qv,16.0,32.0,2.0,0.0003,5000,low,iso_epoch,44,0.9593679458239278,0.0,457.9714,18.31839895248413,5046272,939,conll2003_prompting_main_qv,conll2003_prompting,results/conll2003/prompting_main_qv/metrics/result_1784977608.json,main_qv
conll2003,prompting,lora,qv,16.0,32.0,2.0,0.0005,5000,low,iso_epoch,42,0.9611705120990434,0.0,453.7889,18.337649822235107,5046272,939,conll2003_prompting_main_qv,conll2003_prompting,results/conll2003/prompting_main_qv/metrics/result_1784978102.json,main_qv
conll2003,prompting,lora,qv,32.0,32.0,1.0,0.0001,5000,low,iso_epoch,42,0.9490950226244343,0.0,459.0866,18.366862773895264,10092544,939,conll2003_prompting_main_qv,conll2003_prompting,results/conll2003/prompting_main_qv/metrics/result_1784978431.json,main_qv
conll2003,prompting,lora,qv,16.0,32.0,2.0,0.0005,5000,low,iso_epoch,44,0.96,0.0,452.0054,18.31839895248413,5046272,939,conll2003_prompting_main_qv,conll2003_prompting,results/conll2003/prompting_main_qv/metrics/result_1784978527.json,main_qv
conll2003,prompting,lora,qv,16.0,32.0,2.0,0.0005,5000,low,iso_epoch,43,0.9572072072072072,0.0,495.7072,18.31888437271118,5046272,939,conll2003_prompting_main_qv,conll2003_prompting,results/conll2003/prompting_main_qv/metrics/result_1784978596.json,main_qv
conll2003,prompting,lora,qv,32.0,32.0,1.0,0.0001,5000,low,iso_epoch,43,0.9507640067911716,0.0,455.9808,18.32929849624633,10092544,939,conll2003_prompting_main_qv,conll2003_prompting,results/conll2003/prompting_main_qv/metrics/result_1784979036.json,main_qv
conll2003,prompting,lora,qv,32.0,32.0,1.0,0.0001,5000,low,iso_epoch,44,0.9535147392290249,0.0,481.7608,18.328813076019287,10092544,939,conll2003_prompting_main_qv,conll2003_prompting,results/conll2003/prompting_main_qv/metrics/result_1784979230.json,main_qv
conll2003,prompting,lora,qv,32.0,32.0,1.0,0.0003,5000,low,iso_epoch,43,0.9617547806524184,0.0,458.1282,18.32929849624633,10092544,939,conll2003_prompting_main_qv,conll2003_prompting,results/conll2003/prompting_main_qv/metrics/result_1784979429.json,main_qv
conll2003,prompting,lora,qv,32.0,32.0,1.0,0.0003,5000,low,iso_epoch,42,0.9600450196961172,0.0,643.0095,18.366862773895264,10092544,939,conll2003_prompting_main_qv,conll2003_prompting,results/conll2003/prompting_main_qv/metrics/result_1784979699.json,main_qv
conll2003,prompting,lora,qv,32.0,32.0,1.0,0.0003,5000,low,iso_epoch,44,0.9616685456595264,0.0,457.036,18.328813076019287,10092544,939,conll2003_prompting_main_qv,conll2003_prompting,results/conll2003/prompting_main_qv/metrics/result_1784979927.json,main_qv
conll2003,prompting,lora,qv,32.0,32.0,1.0,0.0005,5000,low,iso_epoch,42,0.9532920652785594,0.0,522.8752,18.366862773895264,10092544,939,conll2003_prompting_main_qv,conll2003_prompting,results/conll2003/prompting_main_qv/metrics/result_1784980177.json,main_qv
conll2003,prompting,lora,qv,32.0,32.0,1.0,0.0005,5000,low,iso_epoch,43,0.9582863585118376,0.0,500.3763,18.32929849624633,10092544,939,conll2003_prompting_main_qv,conll2003_prompting,results/conll2003/prompting_main_qv/metrics/result_1784980338.json,main_qv
conll2003,prompting,lora,qv,32.0,32.0,1.0,0.0005,5000,low,iso_epoch,44,0.961082910321489,0.0,480.2382,18.328813076019287,10092544,939,conll2003_prompting_main_qv,conll2003_prompting,results/conll2003/prompting_main_qv/metrics/result_1784980634.json,main_qv
conll2003,prompting,lora,qv,32.0,64.0,2.0,0.0001,5000,low,iso_epoch,42,0.9565217391304348,0.0,455.9781,18.366862773895264,10092544,939,conll2003_prompting_main_qv,conll2003_prompting,results/conll2003/prompting_main_qv/metrics/result_1784980776.json,main_qv
conll2003,prompting,lora,qv,32.0,64.0,2.0,0.0001,5000,low,iso_epoch,43,0.955291454442558,0.0,599.5389,18.32929849624633,10092544,939,conll2003_prompting_main_qv,conll2003_prompting,results/conll2003/prompting_main_qv/metrics/result_1784981123.json,main_qv
conll2003,prompting,lora,qv,32.0,64.0,2.0,0.0001,5000,low,iso_epoch,44,0.955832389580974,0.0,461.041,18.328813076019287,10092544,939,conll2003_prompting_main_qv,conll2003_prompting,results/conll2003/prompting_main_qv/metrics/result_1784981515.json,main_qv
conll2003,prompting,lora,qv,32.0,64.0,2.0,0.0003,5000,low,iso_epoch,43,0.957841483979764,0.0,454.9022,18.32929849624633,10092544,939,conll2003_prompting_main_qv,conll2003_prompting,results/conll2003/prompting_main_qv/metrics/result_1784981655.json,main_qv
conll2003,prompting,lora,qv,32.0,64.0,2.0,0.0003,5000,low,iso_epoch,42,0.9561304836895388,0.0,547.8396,18.366862773895264,10092544,939,conll2003_prompting_main_qv,conll2003_prompting,results/conll2003/prompting_main_qv/metrics/result_1784981727.json,main_qv
conll2003,prompting,lora,qv,32.0,64.0,2.0,0.0003,5000,low,iso_epoch,44,0.9559819413092552,0.0,460.9823,18.328813076019287,10092544,939,conll2003_prompting_main_qv,conll2003_prompting,results/conll2003/prompting_main_qv/metrics/result_1784982100.json,main_qv
conll2003,prompting,lora,qv,32.0,64.0,2.0,0.0005,5000,low,iso_epoch,42,0.9572072072072072,0.0,461.63,18.366862773895264,10092544,939,conll2003_prompting_main_qv,conll2003_prompting,results/conll2003/prompting_main_qv/metrics/result_1784982351.json,main_qv
conll2003,prompting,lora,qv,32.0,64.0,2.0,0.0005,5000,low,iso_epoch,44,0.9577940348902644,0.0,457.4471,18.328813076019287,10092544,939,conll2003_prompting_main_qv,conll2003_prompting,results/conll2003/prompting_main_qv/metrics/result_1784982510.json,main_qv
conll2003,prompting,lora,qv,32.0,64.0,2.0,0.0005,5000,low,iso_epoch,43,0.9593679458239278,0.0,450.8718,18.32929849624633,10092544,939,conll2003_prompting_main_qv,conll2003_prompting,results/conll2003/prompting_main_qv/metrics/result_1784982614.json,main_qv
conll2003,prompting,lora,qv,64.0,128.0,2.0,0.0001,5000,low,iso_epoch,42,0.9616685456595264,0.0,462.2493,18.44315290451049,20185088,939,conll2003_prompting_main_qv,conll2003_prompting,results/conll2003/prompting_main_qv/metrics/result_1784983140.json,main_qv
conll2003,prompting,lora,qv,64.0,128.0,2.0,0.0001,5000,low,iso_epoch,43,0.9576510446075664,0.0,460.973,18.36799097061157,20185088,939,conll2003_prompting_main_qv,conll2003_prompting,results/conll2003/prompting_main_qv/metrics/result_1784983158.json,main_qv
conll2003,prompting,lora,qv,64.0,128.0,2.0,0.0001,5000,low,iso_epoch,44,0.9563739376770538,0.0,456.0679,18.36750555038452,20185088,939,conll2003_prompting_main_qv,conll2003_prompting,results/conll2003/prompting_main_qv/metrics/result_1784983307.json,main_qv
conll2003,prompting,lora,qv,64.0,128.0,2.0,0.0003,5000,low,iso_epoch,42,0.9571589627959411,0.0,456.9726,18.44315290451049,20185088,939,conll2003_prompting_main_qv,conll2003_prompting,results/conll2003/prompting_main_qv/metrics/result_1784983473.json,main_qv
conll2003,prompting,lora,qv,64.0,128.0,2.0,0.0003,5000,low,iso_epoch,44,0.956031567080045,0.0,455.0625,18.36750555038452,20185088,939,conll2003_prompting_main_qv,conll2003_prompting,results/conll2003/prompting_main_qv/metrics/result_1784984003.json,main_qv
conll2003,prompting,lora,qv,64.0,128.0,2.0,0.0003,5000,low,iso_epoch,43,0.9554427523970672,0.0,463.8029,18.36799097061157,20185088,939,conll2003_prompting_main_qv,conll2003_prompting,results/conll2003/prompting_main_qv/metrics/result_1784984015.json,main_qv
conll2003,prompting,lora,qv,64.0,128.0,2.0,0.0005,5000,low,iso_epoch,42,0.9588732394366198,0.0,466.1604,18.44315290451049,20185088,939,conll2003_prompting_main_qv,conll2003_prompting,results/conll2003/prompting_main_qv/metrics/result_1784984228.json,main_qv
conll2003,prompting,lora,qv,64.0,128.0,2.0,0.0005,5000,low,iso_epoch,43,0.945823927765237,0.0,504.0097,18.36799097061157,20185088,939,conll2003_prompting_main_qv,conll2003_prompting,results/conll2003/prompting_main_qv/metrics/result_1784984391.json,main_qv
conll2003,prompting,lora,qv,64.0,128.0,2.0,0.0005,5000,low,iso_epoch,44,0.9571106094808126,0.0,451.9546,18.36750555038452,20185088,939,conll2003_prompting_main_qv,conll2003_prompting,results/conll2003/prompting_main_qv/metrics/result_1784984804.json,main_qv
conll2003,prompting,none,,,,,5e-05,1,low,iso_epoch,42,0.2538812785388127,0.0,,14.230985164642334,0,0,conll2003_prompting_zeroshot,conll2003_prompting,results/conll2003/prompting_zeroshot/metrics/result_1784954426.json,zeroshot
conll2003,prompting,none,,,,,5e-05,1,low,iso_epoch,43,0.2538812785388127,0.0,,14.230985164642334,0,0,conll2003_prompting_zeroshot,conll2003_prompting,results/conll2003/prompting_zeroshot/metrics/result_1784954484.json,zeroshot
conll2003,prompting,none,,,,,5e-05,1,low,iso_epoch,44,0.2538812785388127,0.0,,14.230985164642334,0,0,conll2003_prompting_zeroshot,conll2003_prompting,results/conll2003/prompting_zeroshot/metrics/result_1784954694.json,zeroshot
gsm8k,prompting,fft,,,,,1e-05,5000,low,iso_epoch,42,0.71,0.0,1659.7345,36.85706806182861,7615616512,939,gsm8k_prompting_fft,gsm8k_prompting,results/gsm8k/prompting_fft/metrics/result_1784955183.json,fft
gsm8k,prompting,fft,,,,,1e-05,5000,low,iso_epoch,43,0.694,0.0,1672.9021,36.85495901107788,7615616512,939,gsm8k_prompting_fft,gsm8k_prompting,results/gsm8k/prompting_fft/metrics/result_1784956660.json,fft
gsm8k,prompting,fft,,,,,1e-05,5000,low,iso_epoch,44,0.716,0.0,1656.3992,36.82507276535034,7615616512,939,gsm8k_prompting_fft,gsm8k_prompting,results/gsm8k/prompting_fft/metrics/result_1784958557.json,fft
gsm8k,prompting,fft,,,,,3e-05,5000,low,iso_epoch,43,0.642,0.0,1666.6384,36.85495901107788,7615616512,939,gsm8k_prompting_fft,gsm8k_prompting,results/gsm8k/prompting_fft/metrics/result_1784960139.json,fft
gsm8k,prompting,fft,,,,,3e-05,5000,low,iso_epoch,44,0.66,0.0,1667.9538,36.82507276535034,7615616512,939,gsm8k_prompting_fft,gsm8k_prompting,results/gsm8k/prompting_fft/metrics/result_1784960347.json,fft
gsm8k,prompting,fft,,,,,3e-05,5000,low,iso_epoch,42,0.67,0.0,1680.7346,36.85706806182861,7615616512,939,gsm8k_prompting_fft,gsm8k_prompting,results/gsm8k/prompting_fft/metrics/result_1784960756.json,fft
gsm8k,prompting,fft,,,,,5e-05,5000,low,iso_epoch,42,0.576,0.0,1660.1982,36.85706806182861,7615616512,939,gsm8k_prompting_fft,gsm8k_prompting,results/gsm8k/prompting_fft/metrics/result_1784961998.json,fft
gsm8k,prompting,fft,,,,,5e-05,5000,low,iso_epoch,43,0.598,0.0,1666.7972,36.85495901107788,7615616512,939,gsm8k_prompting_fft,gsm8k_prompting,results/gsm8k/prompting_fft/metrics/result_1784963688.json,fft
gsm8k,prompting,fft,,,,,5e-05,5000,low,iso_epoch,44,0.576,0.0,1663.171,36.82507276535034,7615616512,939,gsm8k_prompting_fft,gsm8k_prompting,results/gsm8k/prompting_fft/metrics/result_1784963829.json,fft
gsm8k,prompting,fft,,,,,1e-06,5000,low,iso_epoch,42,0.72,0.0,1658.8167,36.85706806182861,7615616512,939,gsm8k_prompting_fft_lr_extend,gsm8k_prompting,results/gsm8k/prompting_fft_lr_extend/metrics/result_1785565903103705372_2191282.json,fft_lr_extend
gsm8k,prompting,fft,,,,,1e-06,5000,low,iso_epoch,43,0.714,0.0,1655.3241,36.85495901107788,7615616512,939,gsm8k_prompting_fft_lr_extend,gsm8k_prompting,results/gsm8k/prompting_fft_lr_extend/metrics/result_1785569338385302710_3711380.json,fft_lr_extend
gsm8k,prompting,fft,,,,,1e-06,5000,low,iso_epoch,44,0.726,0.0,1657.5659,36.82507276535034,7615616512,939,gsm8k_prompting_fft_lr_extend,gsm8k_prompting,results/gsm8k/prompting_fft_lr_extend/metrics/result_1785569355945722363_2198662.json,fft_lr_extend
gsm8k,prompting,fft,,,,,3e-06,5000,low,iso_epoch,42,0.728,0.0,1657.7497,36.85706806182861,7615616512,939,gsm8k_prompting_fft_lr_extend,gsm8k_prompting,results/gsm8k/prompting_fft_lr_extend/metrics/result_1785571417466927332_3000575.json,fft_lr_extend
gsm8k,prompting,fft,,,,,3e-06,5000,low,iso_epoch,43,0.72,0.0,1656.426,36.85495901107788,7615616512,939,gsm8k_prompting_fft_lr_extend,gsm8k_prompting,results/gsm8k/prompting_fft_lr_extend/metrics/result_1785572813775470110_3719563.json,fft_lr_extend
gsm8k,prompting,fft,,,,,3e-06,5000,low,iso_epoch,44,0.712,0.0,1658.7133,36.82507276535034,7615616512,939,gsm8k_prompting_fft_lr_extend,gsm8k_prompting,results/gsm8k/prompting_fft_lr_extend/metrics/result_1785572827203742234_2205847.json,fft_lr_extend
gsm8k,prompting,fft,,,,,1e-06,5000,low,iso_epoch,42,0.716,0.0,1658.8155,36.85706806182861,7615616512,939,gsm8k_prompting_fft_lr_extend,gsm8k_prompting,results/gsm8k/prompting_fft_lr_extend/metrics/result_1785574908914320780_3009797.json,fft_lr_extend
gsm8k,prompting,fft,,,,,1e-06,5000,low,iso_epoch,43,0.714,0.0,1654.2782,36.85495901107788,7615616512,939,gsm8k_prompting_fft_lr_extend,gsm8k_prompting,results/gsm8k/prompting_fft_lr_extend/metrics/result_1785576000688363330_3776398.json,fft_lr_extend
gsm8k,prompting,fft,,,,,1e-06,5000,low,iso_epoch,44,0.712,0.0,1656.6626,36.82507276535034,7615616512,939,gsm8k_prompting_fft_lr_extend,gsm8k_prompting,results/gsm8k/prompting_fft_lr_extend/metrics/result_1785576208667923916_2213305.json,fft_lr_extend
gsm8k,prompting,fft,,,,,3e-06,5000,low,iso_epoch,42,0.734,0.0,1657.4771,36.85706806182861,7615616512,939,gsm8k_prompting_fft_lr_extend,gsm8k_prompting,results/gsm8k/prompting_fft_lr_extend/metrics/result_1785576755779453660_3731272.json,fft_lr_extend
gsm8k,prompting,fft,,,,,3e-06,5000,low,iso_epoch,43,0.728,0.0,1659.6217,36.85495901107788,7615616512,939,gsm8k_prompting_fft_lr_extend,gsm8k_prompting,results/gsm8k/prompting_fft_lr_extend/metrics/result_1785578362771077152_3019966.json,fft_lr_extend
gsm8k,prompting,fft,,,,,3e-06,5000,low,iso_epoch,44,0.728,0.0,1654.0914,36.82507276535034,7615616512,939,gsm8k_prompting_fft_lr_extend,gsm8k_prompting,results/gsm8k/prompting_fft_lr_extend/metrics/result_1785579380578162466_3782978.json,fft_lr_extend
gsm8k,prompting,fft,,,,,1e-05,5000,low,iso_epoch,42,0.696,0.0,1657.9727,36.85706806182861,7615616512,939,gsm8k_prompting_fft_wd0.1,gsm8k_prompting,results/gsm8k/prompting_fft_wd0.1/metrics/result_1785552390807264755_3670024.json,fft_wd0.1
gsm8k,prompting,fft,,,,,1e-05,5000,low,iso_epoch,43,0.722,0.0,1660.205,36.85495901107788,7615616512,939,gsm8k_prompting_fft_wd0.1,gsm8k_prompting,results/gsm8k/prompting_fft_wd0.1/metrics/result_1785552431079428219_2163020.json,fft_wd0.1
gsm8k,prompting,fft,,,,,1e-05,5000,low,iso_epoch,44,0.706,0.0,1654.1998,36.82507276535034,7615616512,939,gsm8k_prompting_fft_wd0.1,gsm8k_prompting,results/gsm8k/prompting_fft_wd0.1/metrics/result_1785555757951386845_3677798.json,fft_wd0.1
gsm8k,prompting,fft,,,,,3e-05,5000,low,iso_epoch,42,0.642,0.0,1658.4959,36.85706806182861,7615616512,939,gsm8k_prompting_fft_wd0.1,gsm8k_prompting,results/gsm8k/prompting_fft_wd0.1/metrics/result_1785555776110889424_2170276.json,fft_wd0.1
gsm8k,prompting,fft,,,,,3e-05,5000,low,iso_epoch,44,0.654,0.0,1655.8767,36.82507276535034,7615616512,939,gsm8k_prompting_fft_wd0.1,gsm8k_prompting,results/gsm8k/prompting_fft_wd0.1/metrics/result_1785559080289246233_2177329.json,fft_wd0.1
gsm8k,prompting,fft,,,,,3e-05,5000,low,iso_epoch,43,0.664,0.0,1655.9512,36.85495901107788,7615616512,939,gsm8k_prompting_fft_wd0.1,gsm8k_prompting,results/gsm8k/prompting_fft_wd0.1/metrics/result_1785559151140896669_3685654.json,fft_wd0.1
gsm8k,prompting,fft,,,,,5e-05,5000,low,iso_epoch,42,0.58,0.0,1659.2541,36.85706806182861,7615616512,939,gsm8k_prompting_fft_wd0.1,gsm8k_prompting,results/gsm8k/prompting_fft_wd0.1/metrics/result_1785562412287143076_2184337.json,fft_wd0.1
gsm8k,prompting,fft,,,,,5e-05,5000,low,iso_epoch,43,0.566,0.0,1656.0463,36.85495901107788,7615616512,939,gsm8k_prompting_fft_wd0.1,gsm8k_prompting,results/gsm8k/prompting_fft_wd0.1/metrics/result_1785562433319952624_3693595.json,fft_wd0.1
gsm8k,prompting,fft,,,,,5e-05,5000,low,iso_epoch,44,0.58,0.0,1654.4666,36.82507276535034,7615616512,939,gsm8k_prompting_fft_wd0.1,gsm8k_prompting,results/gsm8k/prompting_fft_wd0.1/metrics/result_1785565772030930946_3701321.json,fft_wd0.1
gsm8k,prompting,fft,,,,,1e-05,5000,low,iso_epoch,42,0.69,0.0,3313.6248,36.85706806182861,7615616512,1878,gsm8k_prompting_fft_wd0.1_epochs6,gsm8k_prompting,results/gsm8k/prompting_fft_wd0.1_epochs6/metrics/result_1785579118485401782_2810739.json,fft_wd0.1_epochs6
gsm8k,prompting,fft,,,,,1e-05,5000,low,iso_epoch,43,0.704,0.0,3312.4159,36.85495901107788,7615616512,1878,gsm8k_prompting_fft_wd0.1_epochs6,gsm8k_prompting,results/gsm8k/prompting_fft_wd0.1_epochs6/metrics/result_1785581184361405654_2220537.json,fft_wd0.1_epochs6
gsm8k,prompting,fft,,,,,1e-05,5000,low,iso_epoch,44,0.694,0.0,3304.437,36.82695150375366,7615616512,1878,gsm8k_prompting_fft_wd0.1_epochs6,gsm8k_prompting,results/gsm8k/prompting_fft_wd0.1_epochs6/metrics/result_1785581777961093198_3739177.json,fft_wd0.1_epochs6
gsm8k,prompting,fft,,,,,3e-05,5000,low,iso_epoch,42,0.636,0.0,3312.5643,36.85706806182861,7615616512,1878,gsm8k_prompting_fft_wd0.1_epochs6,gsm8k_prompting,results/gsm8k/prompting_fft_wd0.1_epochs6/metrics/result_1785583478467877150_3030392.json,fft_wd0.1_epochs6
gsm8k,prompting,fft,,,,,3e-05,5000,low,iso_epoch,43,0.644,0.0,3308.8714,36.85495901107788,7615616512,1878,gsm8k_prompting_fft_wd0.1_epochs6,gsm8k_prompting,results/gsm8k/prompting_fft_wd0.1_epochs6/metrics/result_1785584121074830525_2833403.json,fft_wd0.1_epochs6
gsm8k,prompting,fft,,,,,3e-05,5000,low,iso_epoch,44,0.652,0.0,3309.0973,36.82695150375366,7615616512,1878,gsm8k_prompting_fft_wd0.1_epochs6,gsm8k_prompting,results/gsm8k/prompting_fft_wd0.1_epochs6/metrics/result_1785586182262846351_2230670.json,fft_wd0.1_epochs6
gsm8k,prompting,fft,,,,,5e-05,5000,low,iso_epoch,42,0.548,0.0,3308.5016,36.85706806182861,7615616512,1878,gsm8k_prompting_fft_wd0.1_epochs6,gsm8k_prompting,results/gsm8k/prompting_fft_wd0.1_epochs6/metrics/result_1785586807138190182_3750699.json,fft_wd0.1_epochs6
gsm8k,prompting,fft,,,,,5e-05,5000,low,iso_epoch,43,0.502,0.0,3313.6707,36.85495901107788,7615616512,1878,gsm8k_prompting_fft_wd0.1_epochs6,gsm8k_prompting,results/gsm8k/prompting_fft_wd0.1_epochs6/metrics/result_1785588471013563754_3042039.json,fft_wd0.1_epochs6
gsm8k,prompting,fft,,,,,5e-05,5000,low,iso_epoch,44,0.488,0.0,3306.1295,36.82695150375366,7615616512,1878,gsm8k_prompting_fft_wd0.1_epochs6,gsm8k_prompting,results/gsm8k/prompting_fft_wd0.1_epochs6/metrics/result_1785589136538490688_2850765.json,fft_wd0.1_epochs6
gsm8k,prompting,fft,,,,,1e-05,5000,low,iso_epoch,45,0.702,0.0,1656.6959,36.859118938446045,7615616512,939,gsm8k_prompting_fft_wd0.1_moreseeds,gsm8k_prompting,results/gsm8k/prompting_fft_wd0.1_moreseeds/metrics/result_1785584047451318929_3796927.json,fft_wd0.1_moreseeds
gsm8k,prompting,fft,,,,,1e-05,5000,low,iso_epoch,46,0.706,0.0,1657.6639,36.84811353683472,7615616512,939,gsm8k_prompting_fft_wd0.1_moreseeds,gsm8k_prompting,results/gsm8k/prompting_fft_wd0.1_moreseeds/metrics/result_1785586399172776180_3754248.json,fft_wd0.1_moreseeds
gsm8k,prompting,fft,,,,,1e-05,5000,low,iso_epoch,47,0.678,0.0,1656.0748,36.8512282371521,7615616512,939,gsm8k_prompting_fft_wd0.1_moreseeds,gsm8k_prompting,results/gsm8k/prompting_fft_wd0.1_moreseeds/metrics/result_1785587428378122526_3802865.json,fft_wd0.1_moreseeds
gsm8k,prompting,fft,,,,,1e-05,5000,low,iso_epoch,49,0.702,0.0,1659.4428,36.855687618255615,7615616512,939,gsm8k_prompting_fft_wd0.1_moreseeds,gsm8k_prompting,results/gsm8k/prompting_fft_wd0.1_moreseeds/metrics/result_1785588833339485061_538940.json,fft_wd0.1_moreseeds
gsm8k,prompting,fft,,,,,1e-05,5000,low,iso_epoch,48,0.704,0.0,1656.8188,36.85511255264282,7615616512,939,gsm8k_prompting_fft_wd0.1_moreseeds,gsm8k_prompting,results/gsm8k/prompting_fft_wd0.1_moreseeds/metrics/result_1785588850694173290_538938.json,fft_wd0.1_moreseeds
gsm8k,prompting,fft,,,,,1e-05,5000,low,iso_epoch,50,0.7,0.0,1658.5621,36.851778507232666,7615616512,939,gsm8k_prompting_fft_wd0.1_moreseeds,gsm8k_prompting,results/gsm8k/prompting_fft_wd0.1_moreseeds/metrics/result_1785589772699024389_3762179.json,fft_wd0.1_moreseeds
gsm8k,prompting,fft,,,,,1e-05,5000,low,iso_epoch,51,0.712,0.0,1657.5026,36.865663051605225,7615616512,939,gsm8k_prompting_fft_wd0.1_moreseeds,gsm8k_prompting,results/gsm8k/prompting_fft_wd0.1_moreseeds/metrics/result_1785590806775978421_3809108.json,fft_wd0.1_moreseeds
gsm8k,prompting,fft,,,,,3e-05,5000,low,iso_epoch,47,0.666,0.0,1656.7794,36.8512282371521,7615616512,939,gsm8k_prompting_fft_wd0.1_moreseeds,gsm8k_prompting,results/gsm8k/prompting_fft_wd0.1_moreseeds/metrics/result_1785593145621612130_3770961.json,fft_wd0.1_moreseeds
gsm8k,prompting,fft,,,,,3e-05,5000,low,iso_epoch,45,0.646,0.0,1668.4131,36.859118938446045,7615616512,939,gsm8k_prompting_fft_wd0.1_moreseeds,gsm8k_prompting,results/gsm8k/prompting_fft_wd0.1_moreseeds/metrics/result_1785594021572039027_547497.json,fft_wd0.1_moreseeds
gsm8k,prompting,fft,,,,,3e-05,5000,low,iso_epoch,46,0.64,0.0,1672.5135,36.84811353683472,7615616512,939,gsm8k_prompting_fft_wd0.1_moreseeds,gsm8k_prompting,results/gsm8k/prompting_fft_wd0.1_moreseeds/metrics/result_1785594113025025460_547498.json,fft_wd0.1_moreseeds
gsm8k,prompting,fft,,,,,3e-05,5000,low,iso_epoch,48,0.698,0.0,1660.6735,36.85511255264282,7615616512,939,gsm8k_prompting_fft_wd0.1_moreseeds,gsm8k_prompting,results/gsm8k/prompting_fft_wd0.1_moreseeds/metrics/result_1785594178002830803_3057588.json,fft_wd0.1_moreseeds
gsm8k,prompting,fft,,,,,3e-05,5000,low,iso_epoch,49,0.664,0.0,1653.1399,36.855687618255615,7615616512,939,gsm8k_prompting_fft_wd0.1_moreseeds,gsm8k_prompting,results/gsm8k/prompting_fft_wd0.1_moreseeds/metrics/result_1785596500620625612_3779624.json,fft_wd0.1_moreseeds
gsm8k,prompting,fft,,,,,3e-05,5000,low,iso_epoch,51,0.676,0.0,1659.4645,36.865663051605225,7615616512,939,gsm8k_prompting_fft_wd0.1_moreseeds,gsm8k_prompting,results/gsm8k/prompting_fft_wd0.1_moreseeds/metrics/result_1785597505480827973_2257897.json,fft_wd0.1_moreseeds
gsm8k,prompting,fft,,,,,3e-05,5000,low,iso_epoch,50,0.654,0.0,1661.0323,36.851778507232666,7615616512,939,gsm8k_prompting_fft_wd0.1_moreseeds,gsm8k_prompting,results/gsm8k/prompting_fft_wd0.1_moreseeds/metrics/result_1785597521239139185_3064436.json,fft_wd0.1_moreseeds
gsm8k,prompting,fft,,,,,5e-05,5000,low,iso_epoch,45,0.584,0.0,1655.8348,36.859118938446045,7615616512,939,gsm8k_prompting_fft_wd0.1_moreseeds,gsm8k_prompting,results/gsm8k/prompting_fft_wd0.1_moreseeds/metrics/result_1785597568731516192_3822601.json,fft_wd0.1_moreseeds
gsm8k,prompting,fft,,,,,5e-05,5000,low,iso_epoch,46,0.572,0.0,1659.9422,36.84811353683472,7615616512,939,gsm8k_prompting_fft_wd0.1_moreseeds,gsm8k_prompting,results/gsm8k/prompting_fft_wd0.1_moreseeds/metrics/result_1785599847823180203_3788972.json,fft_wd0.1_moreseeds
gsm8k,prompting,fft,,,,,5e-05,5000,low,iso_epoch,48,0.568,0.0,1654.8596,36.85511255264282,7615616512,939,gsm8k_prompting_fft_wd0.1_moreseeds,gsm8k_prompting,results/gsm8k/prompting_fft_wd0.1_moreseeds/metrics/result_1785600816324696151_2264985.json,fft_wd0.1_moreseeds
gsm8k,prompting,fft,,,,,5e-05,5000,low,iso_epoch,47,0.566,0.0,1658.0517,36.8512282371521,7615616512,939,gsm8k_prompting_fft_wd0.1_moreseeds,gsm8k_prompting,results/gsm8k/prompting_fft_wd0.1_moreseeds/metrics/result_1785600868150971063_3070965.json,fft_wd0.1_moreseeds
gsm8k,prompting,fft,,,,,5e-05,5000,low,iso_epoch,49,0.574,0.0,1652.7332,36.855687618255615,7615616512,939,gsm8k_prompting_fft_wd0.1_moreseeds,gsm8k_prompting,results/gsm8k/prompting_fft_wd0.1_moreseeds/metrics/result_1785600937509702366_3828688.json,fft_wd0.1_moreseeds
gsm8k,prompting,fft,,,,,5e-05,5000,low,iso_epoch,50,0.562,0.0,1658.7471,36.851778507232666,7615616512,939,gsm8k_prompting_fft_wd0.1_moreseeds,gsm8k_prompting,results/gsm8k/prompting_fft_wd0.1_moreseeds/metrics/result_1785603266146997943_3798975.json,fft_wd0.1_moreseeds
gsm8k,prompting,fft,,,,,5e-05,5000,low,iso_epoch,51,0.594,0.0,1660.3741,36.865663051605225,7615616512,939,gsm8k_prompting_fft_wd0.1_moreseeds,gsm8k_prompting,results/gsm8k/prompting_fft_wd0.1_moreseeds/metrics/result_1785604284159437569_3077790.json,fft_wd0.1_moreseeds
gsm8k,prompting,fft,,,,,1e-05,7000,low,iso_epoch,43,0.716,0.0,2334.7681,37.3091926574707,7615616512,1314,gsm8k_prompting_fft_wd0.1_subset7000,gsm8k_prompting,results/gsm8k/prompting_fft_wd0.1_subset7000/metrics/result_1785589527571696054_538939.json,fft_wd0.1_subset7000
gsm8k,prompting,fft,,,,,1e-05,7000,low,iso_epoch,42,0.704,0.0,2342.2719,37.30910873413086,7615616512,1314,gsm8k_prompting_fft_wd0.1_subset7000,gsm8k_prompting,results/gsm8k/prompting_fft_wd0.1_subset7000/metrics/result_1785589533382678283_539067.json,fft_wd0.1_subset7000
gsm8k,prompting,fft,,,,,1e-05,7000,low,iso_epoch,44,0.704,0.0,2331.4814,37.30848169326782,7615616512,1314,gsm8k_prompting_fft_wd0.1_subset7000,gsm8k_prompting,results/gsm8k/prompting_fft_wd0.1_subset7000/metrics/result_1785590197100312571_2240948.json,fft_wd0.1_subset7000
gsm8k,prompting,fft,,,,,3e-05,7000,low,iso_epoch,42,0.664,0.0,2331.7863,37.30910873413086,7615616512,1314,gsm8k_prompting_fft_wd0.1_subset7000,gsm8k_prompting,results/gsm8k/prompting_fft_wd0.1_subset7000/metrics/result_1785590880848870538_3763804.json,fft_wd0.1_subset7000
gsm8k,prompting,fft,,,,,5e-05,7000,low,iso_epoch,42,0.612,0.0,2333.9374,37.30910873413086,7615616512,1314,gsm8k_prompting_fft_wd0.1_subset7000,gsm8k_prompting,results/gsm8k/prompting_fft_wd0.1_subset7000/metrics/result_1785594185269259110_2249480.json,fft_wd0.1_subset7000
gsm8k,prompting,fft,,,,,5e-05,7000,low,iso_epoch,43,0.586,0.0,2329.0086,37.3091926574707,7615616512,1314,gsm8k_prompting_fft_wd0.1_subset7000,gsm8k_prompting,results/gsm8k/prompting_fft_wd0.1_subset7000/metrics/result_1785594922360473904_3774056.json,fft_wd0.1_subset7000
gsm8k,prompting,fft,,,,,3e-05,7000,low,iso_epoch,44,0.652,0.0,2404.4656,37.30848169326782,7615616512,1314,gsm8k_prompting_fft_wd0.1_subset7000,gsm8k_prompting,results/gsm8k/prompting_fft_wd0.1_subset7000/metrics/result_1785595365391190806_550306.json,fft_wd0.1_subset7000
gsm8k,prompting,fft,,,,,3e-05,7000,low,iso_epoch,43,0.66,0.0,2407.3158,37.3091926574707,7615616512,1314,gsm8k_prompting_fft_wd0.1_subset7000,gsm8k_prompting,results/gsm8k/prompting_fft_wd0.1_subset7000/metrics/result_1785595468840883617_550305.json,fft_wd0.1_subset7000
gsm8k,prompting,fft,,,,,5e-05,7000,low,iso_epoch,44,0.622,0.0,2330.0649,37.30848169326782,7615616512,1314,gsm8k_prompting_fft_wd0.1_subset7000,gsm8k_prompting,results/gsm8k/prompting_fft_wd0.1_subset7000/metrics/result_1785598977970250606_2885084.json,fft_wd0.1_subset7000
gsm8k,prompting,lora,attention,4.0,8.0,2.0,0.0001,5000,low,iso_epoch,42,0.706,0.0,1215.382,22.3760666847229,2523136,939,gsm8k_prompting_main_attention,gsm8k_prompting,results/gsm8k/prompting_main_attention/metrics/result_1784964592.json,main_attention
gsm8k,prompting,lora,attention,4.0,8.0,2.0,0.0001,5000,low,iso_epoch,44,0.712,0.0,1208.8401,22.376060962677,2523136,939,gsm8k_prompting_main_attention,gsm8k_prompting,results/gsm8k/prompting_main_attention/metrics/result_1784966134.json,main_attention
gsm8k,prompting,lora,attention,4.0,8.0,2.0,0.0001,5000,low,iso_epoch,43,0.718,0.0,1219.5445,22.3760666847229,2523136,939,gsm8k_prompting_main_attention,gsm8k_prompting,results/gsm8k/prompting_main_attention/metrics/result_1784966471.json,main_attention
gsm8k,prompting,lora,attention,4.0,8.0,2.0,0.0003,5000,low,iso_epoch,42,0.69,0.0,1216.625,22.3760666847229,2523136,939,gsm8k_prompting_main_attention,gsm8k_prompting,results/gsm8k/prompting_main_attention/metrics/result_1784966864.json,main_attention
gsm8k,prompting,lora,attention,4.0,8.0,2.0,0.0003,5000,low,iso_epoch,43,0.686,0.0,1214.9593,22.3760666847229,2523136,939,gsm8k_prompting_main_attention,gsm8k_prompting,results/gsm8k/prompting_main_attention/metrics/result_1784968838.json,main_attention
gsm8k,prompting,lora,attention,4.0,8.0,2.0,0.0003,5000,low,iso_epoch,44,0.704,0.0,1208.3919,22.376305103302,2523136,939,gsm8k_prompting_main_attention,gsm8k_prompting,results/gsm8k/prompting_main_attention/metrics/result_1784970132.json,main_attention
gsm8k,prompting,lora,attention,4.0,8.0,2.0,0.0005,5000,low,iso_epoch,43,0.702,0.0,1207.229,22.3760666847229,2523136,939,gsm8k_prompting_main_attention,gsm8k_prompting,results/gsm8k/prompting_main_attention/metrics/result_1784971100.json,main_attention
gsm8k,prompting,lora,attention,4.0,8.0,2.0,0.0005,5000,low,iso_epoch,42,0.676,0.0,1221.0039,22.3760666847229,2523136,939,gsm8k_prompting_main_attention,gsm8k_prompting,results/gsm8k/prompting_main_attention/metrics/result_1784971428.json,main_attention
gsm8k,prompting,lora,attention,4.0,8.0,2.0,0.0005,5000,low,iso_epoch,44,0.7,0.0,1214.58,22.376060962677,2523136,939,gsm8k_prompting_main_attention,gsm8k_prompting,results/gsm8k/prompting_main_attention/metrics/result_1784973045.json,main_attention
gsm8k,prompting,lora,attention,8.0,8.0,1.0,0.0001,5000,low,iso_epoch,42,0.718,0.0,1200.3961,22.398977756500244,5046272,939,gsm8k_prompting_main_attention,gsm8k_prompting,results/gsm8k/prompting_main_attention/metrics/result_1784974085.json,main_attention
gsm8k,prompting,lora,attention,8.0,8.0,1.0,0.0001,5000,low,iso_epoch,43,0.706,0.0,1199.2534,22.398977756500244,5046272,939,gsm8k_prompting_main_attention,gsm8k_prompting,results/gsm8k/prompting_main_attention/metrics/result_1784975442.json,main_attention
gsm8k,prompting,lora,attention,8.0,8.0,1.0,0.0001,5000,low,iso_epoch,44,0.722,0.0,1222.0968,22.398972034454346,5046272,939,gsm8k_prompting_main_attention,gsm8k_prompting,results/gsm8k/prompting_main_attention/metrics/result_1784976227.json,main_attention
gsm8k,prompting,lora,attention,8.0,8.0,1.0,0.0003,5000,low,iso_epoch,42,0.714,0.0,1205.3683,22.398977756500244,5046272,939,gsm8k_prompting_main_attention,gsm8k_prompting,results/gsm8k/prompting_main_attention/metrics/result_1784977065.json,main_attention
gsm8k,prompting,lora,attention,8.0,8.0,1.0,0.0003,5000,low,iso_epoch,43,0.696,0.0,1199.9224,22.398977756500244,5046272,939,gsm8k_prompting_main_attention,gsm8k_prompting,results/gsm8k/prompting_main_attention/metrics/result_1784977998.json,main_attention
gsm8k,prompting,lora,attention,8.0,8.0,1.0,0.0003,5000,low,iso_epoch,44,0.712,0.0,1214.7928,22.398972034454346,5046272,939,gsm8k_prompting_main_attention,gsm8k_prompting,results/gsm8k/prompting_main_attention/metrics/result_1784979652.json,main_attention
gsm8k,prompting,lora,attention,8.0,8.0,1.0,0.0005,5000,low,iso_epoch,42,0.714,0.0,1225.773,22.398977756500244,5046272,939,gsm8k_prompting_main_attention,gsm8k_prompting,results/gsm8k/prompting_main_attention/metrics/result_1784981616.json,main_attention
gsm8k,prompting,lora,attention,8.0,8.0,1.0,0.0005,5000,low,iso_epoch,43,0.69,0.0,1221.545,22.398977756500244,5046272,939,gsm8k_prompting_main_attention,gsm8k_prompting,results/gsm8k/prompting_main_attention/metrics/result_1784982075.json,main_attention
gsm8k,prompting,lora,attention,8.0,8.0,1.0,0.0005,5000,low,iso_epoch,44,0.704,0.0,1204.3423,22.398972034454346,5046272,939,gsm8k_prompting_main_attention,gsm8k_prompting,results/gsm8k/prompting_main_attention/metrics/result_1784982225.json,main_attention
gsm8k,prompting,lora,attention,8.0,16.0,2.0,0.0001,5000,low,iso_epoch,42,0.722,0.0,1228.8837,22.398977756500244,5046272,939,gsm8k_prompting_main_attention,gsm8k_prompting,results/gsm8k/prompting_main_attention/metrics/result_1784984193.json,main_attention
gsm8k,prompting,lora,attention,8.0,16.0,2.0,0.0001,5000,low,iso_epoch,43,0.706,0.0,1215.9729,22.398977756500244,5046272,939,gsm8k_prompting_main_attention,gsm8k_prompting,results/gsm8k/prompting_main_attention/metrics/result_1784986159.json,main_attention
gsm8k,prompting,lora,attention,8.0,16.0,2.0,0.0001,5000,low,iso_epoch,44,0.722,0.0,1203.1609,22.398972034454346,5046272,939,gsm8k_prompting_main_attention,gsm8k_prompting,results/gsm8k/prompting_main_attention/metrics/result_1784986377.json,main_attention
gsm8k,prompting,lora,attention,8.0,16.0,2.0,0.0003,5000,low,iso_epoch,42,0.718,0.0,1202.2059,22.398977756500244,5046272,939,gsm8k_prompting_main_attention,gsm8k_prompting,results/gsm8k/prompting_main_attention/metrics/result_1784986417.json,main_attention
gsm8k,prompting,lora,attention,8.0,16.0,2.0,0.0003,5000,low,iso_epoch,43,0.686,0.0,1206.1067,22.398977756500244,5046272,939,gsm8k_prompting_main_attention,gsm8k_prompting,results/gsm8k/prompting_main_attention/metrics/result_1784988478.json,main_attention
gsm8k,prompting,lora,attention,8.0,16.0,2.0,0.0003,5000,low,iso_epoch,44,0.7,0.0,1212.2612,22.398972034454346,5046272,939,gsm8k_prompting_main_attention,gsm8k_prompting,results/gsm8k/prompting_main_attention/metrics/result_1784990672.json,main_attention
gsm8k,prompting,lora,attention,8.0,16.0,2.0,0.0005,5000,low,iso_epoch,43,0.7,0.0,1203.6804,22.398977756500244,5046272,939,gsm8k_prompting_main_attention,gsm8k_prompting,results/gsm8k/prompting_main_attention/metrics/result_1784990712.json,main_attention
gsm8k,prompting,lora,attention,8.0,16.0,2.0,0.0005,5000,low,iso_epoch,42,0.704,0.0,1214.9063,22.398977756500244,5046272,939,gsm8k_prompting_main_attention,gsm8k_prompting,results/gsm8k/prompting_main_attention/metrics/result_1784990988.json,main_attention
gsm8k,prompting,lora,attention,8.0,16.0,2.0,0.0005,5000,low,iso_epoch,44,0.696,0.0,1222.5371,22.398972034454346,5046272,939,gsm8k_prompting_main_attention,gsm8k_prompting,results/gsm8k/prompting_main_attention/metrics/result_1784992699.json,main_attention
gsm8k,prompting,lora,attention,16.0,16.0,1.0,0.0001,5000,low,iso_epoch,43,0.706,0.0,1213.4514,22.4461350440979,10092544,939,gsm8k_prompting_main_attention,gsm8k_prompting,results/gsm8k/prompting_main_attention/metrics/result_1784994834.json,main_attention
gsm8k,prompting,lora,attention,16.0,16.0,1.0,0.0001,5000,low,iso_epoch,42,0.71,0.0,1211.2368,22.4461350440979,10092544,939,gsm8k_prompting_main_attention,gsm8k_prompting,results/gsm8k/prompting_main_attention/metrics/result_1784995384.json,main_attention
gsm8k,prompting,lora,attention,16.0,16.0,1.0,0.0001,5000,low,iso_epoch,44,0.7,0.0,1202.305,22.446129322052,10092544,939,gsm8k_prompting_main_attention,gsm8k_prompting,results/gsm8k/prompting_main_attention/metrics/result_1784997202.json,main_attention
gsm8k,prompting,lora,attention,16.0,16.0,1.0,0.0003,5000,low,iso_epoch,42,0.706,0.0,1263.5486,22.4461350440979,10092544,939,gsm8k_prompting_main_attention,gsm8k_prompting,results/gsm8k/prompting_main_attention/metrics/result_1784998630.json,main_attention
gsm8k,prompting,lora,attention,16.0,16.0,1.0,0.0003,5000,low,iso_epoch,43,0.684,0.0,1237.7508,22.4461350440979,10092544,939,gsm8k_prompting_main_attention,gsm8k_prompting,results/gsm8k/prompting_main_attention/metrics/result_1784999110.json,main_attention
gsm8k,prompting,lora,attention,16.0,16.0,1.0,0.0003,5000,low,iso_epoch,44,0.718,0.0,1221.4832,22.446129322052,10092544,939,gsm8k_prompting_main_attention,gsm8k_prompting,results/gsm8k/prompting_main_attention/metrics/result_1784999771.json,main_attention
gsm8k,prompting,lora,attention,16.0,16.0,1.0,0.0005,5000,low,iso_epoch,42,0.702,0.0,1206.2018,22.4461350440979,10092544,939,gsm8k_prompting_main_attention,gsm8k_prompting,results/gsm8k/prompting_main_attention/metrics/result_1785001898.json,main_attention
gsm8k,prompting,lora,attention,16.0,32.0,2.0,0.0001,5000,low,iso_epoch,42,0.698,0.0,1246.6872,22.4461350440979,10092544,939,gsm8k_prompting_main_attention,gsm8k_prompting,results/gsm8k/prompting_main_attention/metrics/result_1785004634.json,main_attention
gsm8k,prompting,lora,attention,16.0,16.0,1.0,0.0005,5000,low,iso_epoch,43,0.684,0.0,1203.1233,22.4461350440979,10092544,939,gsm8k_prompting_main_attention,gsm8k_prompting,results/gsm8k/prompting_main_attention/metrics/result_1785004689.json,main_attention
gsm8k,prompting,lora,attention,16.0,16.0,1.0,0.0005,5000,low,iso_epoch,44,0.71,0.0,1202.4429,22.446129322052,10092544,939,gsm8k_prompting_main_attention,gsm8k_prompting,results/gsm8k/prompting_main_attention/metrics/result_1785006054.json,main_attention
gsm8k,prompting,lora,attention,16.0,32.0,2.0,0.0001,5000,low,iso_epoch,43,0.702,0.0,1230.7829,22.4461350440979,10092544,939,gsm8k_prompting_main_attention,gsm8k_prompting,results/gsm8k/prompting_main_attention/metrics/result_1785006413.json,main_attention
gsm8k,prompting,lora,attention,16.0,32.0,2.0,0.0001,5000,low,iso_epoch,44,0.69,0.0,1216.8032,22.446129322052,10092544,939,gsm8k_prompting_main_attention,gsm8k_prompting,results/gsm8k/prompting_main_attention/metrics/result_1785008800.json,main_attention
gsm8k,prompting,lora,attention,16.0,32.0,2.0,0.0003,5000,low,iso_epoch,42,0.708,0.0,1267.3679,22.4461350440979,10092544,939,gsm8k_prompting_main_attention,gsm8k_prompting,results/gsm8k/prompting_main_attention/metrics/result_1785009027.json,main_attention
gsm8k,prompting,lora,attention,16.0,32.0,2.0,0.0003,5000,low,iso_epoch,43,0.702,0.0,1254.5877,22.4461350440979,10092544,939,gsm8k_prompting_main_attention,gsm8k_prompting,results/gsm8k/prompting_main_attention/metrics/result_1785010980.json,main_attention
gsm8k,prompting,lora,attention,16.0,32.0,2.0,0.0003,5000,low,iso_epoch,44,0.702,0.0,1235.3681,22.446129322052,10092544,939,gsm8k_prompting_main_attention,gsm8k_prompting,results/gsm8k/prompting_main_attention/metrics/result_1785011377.json,main_attention
gsm8k,prompting,lora,attention,16.0,32.0,2.0,0.0005,5000,low,iso_epoch,43,0.688,0.0,1202.6987,22.4461350440979,10092544,939,gsm8k_prompting_main_attention,gsm8k_prompting,results/gsm8k/prompting_main_attention/metrics/result_1785013701.json,main_attention
gsm8k,prompting,lora,attention,16.0,32.0,2.0,0.0005,5000,low,iso_epoch,42,0.71,0.0,1202.3869,22.4461350440979,10092544,939,gsm8k_prompting_main_attention,gsm8k_prompting,results/gsm8k/prompting_main_attention/metrics/result_1785014211.json,main_attention
gsm8k,prompting,lora,attention,32.0,32.0,1.0,0.0001,5000,low,iso_epoch,42,0.704,0.0,1219.5896,22.504560947418213,20185088,939,gsm8k_prompting_main_attention,gsm8k_prompting,results/gsm8k/prompting_main_attention/metrics/result_1785015655.json,main_attention
gsm8k,prompting,lora,attention,16.0,32.0,2.0,0.0005,5000,low,iso_epoch,44,0.696,0.0,1227.8658,22.446129322052,10092544,939,gsm8k_prompting_main_attention,gsm8k_prompting,results/gsm8k/prompting_main_attention/metrics/result_1785015778.json,main_attention
gsm8k,prompting,lora,attention,32.0,32.0,1.0,0.0001,5000,low,iso_epoch,43,0.7,0.0,1207.6814,22.504560947418213,20185088,939,gsm8k_prompting_main_attention,gsm8k_prompting,results/gsm8k/prompting_main_attention/metrics/result_1785017727.json,main_attention
gsm8k,prompting,lora,attention,32.0,32.0,1.0,0.0001,5000,low,iso_epoch,44,0.692,0.0,1204.7887,22.504555225372314,20185088,939,gsm8k_prompting_main_attention,gsm8k_prompting,results/gsm8k/prompting_main_attention/metrics/result_1785018252.json,main_attention
gsm8k,prompting,lora,attention,32.0,32.0,1.0,0.0003,5000,low,iso_epoch,43,0.69,0.0,1205.529,22.504560947418213,20185088,939,gsm8k_prompting_main_attention,gsm8k_prompting,results/gsm8k/prompting_main_attention/metrics/result_1785020408.json,main_attention
gsm8k,prompting,lora,attention,32.0,32.0,1.0,0.0003,5000,low,iso_epoch,44,0.708,0.0,1205.1465,22.504555225372314,20185088,939,gsm8k_prompting_main_attention,gsm8k_prompting,results/gsm8k/prompting_main_attention/metrics/result_1785021734.json,main_attention
gsm8k,prompting,lora,attention,32.0,32.0,1.0,0.0003,5000,low,iso_epoch,42,0.696,0.0,1218.859,22.504560947418213,20185088,939,gsm8k_prompting_main_attention,gsm8k_prompting,results/gsm8k/prompting_main_attention/metrics/result_1785022170.json,main_attention
gsm8k,prompting,lora,attention,32.0,32.0,1.0,0.0005,5000,low,iso_epoch,42,0.692,0.0,1208.1316,22.504560947418213,20185088,939,gsm8k_prompting_main_attention,gsm8k_prompting,results/gsm8k/prompting_main_attention/metrics/result_1785022466.json,main_attention
gsm8k,prompting,lora,attention,32.0,32.0,1.0,0.0005,5000,low,iso_epoch,43,0.682,0.0,1205.5034,22.504560947418213,20185088,939,gsm8k_prompting_main_attention,gsm8k_prompting,results/gsm8k/prompting_main_attention/metrics/result_1785024538.json,main_attention
gsm8k,prompting,lora,attention,32.0,32.0,1.0,0.0005,5000,low,iso_epoch,44,0.698,0.0,1216.4807,22.504555225372314,20185088,939,gsm8k_prompting_main_attention,gsm8k_prompting,results/gsm8k/prompting_main_attention/metrics/result_1785025846.json,main_attention
gsm8k,prompting,lora,attention,32.0,64.0,2.0,0.0001,5000,low,iso_epoch,42,0.688,0.0,1210.7179,22.504560947418213,20185088,939,gsm8k_prompting_main_attention,gsm8k_prompting,results/gsm8k/prompting_main_attention/metrics/result_1785026239.json,main_attention
gsm8k,prompting,lora,attention,32.0,64.0,2.0,0.0001,5000,low,iso_epoch,43,0.688,0.0,1237.9554,22.504560947418213,20185088,939,gsm8k_prompting_main_attention,gsm8k_prompting,results/gsm8k/prompting_main_attention/metrics/result_1785026893.json,main_attention
gsm8k,prompting,lora,attention,32.0,64.0,2.0,0.0001,5000,low,iso_epoch,44,0.686,0.0,1203.8245,22.504555225372314,20185088,939,gsm8k_prompting_main_attention,gsm8k_prompting,results/gsm8k/prompting_main_attention/metrics/result_1785028785.json,main_attention
gsm8k,prompting,lora,attention,32.0,64.0,2.0,0.0003,5000,low,iso_epoch,43,0.688,0.0,1202.5755,22.504560947418213,20185088,939,gsm8k_prompting_main_attention,gsm8k_prompting,results/gsm8k/prompting_main_attention/metrics/result_1785030445.json,main_attention
gsm8k,prompting,lora,attention,32.0,64.0,2.0,0.0003,5000,low,iso_epoch,42,0.684,0.0,1224.1777,22.504637241363525,20185088,939,gsm8k_prompting_main_attention,gsm8k_prompting,results/gsm8k/prompting_main_attention/metrics/result_1785031467.json,main_attention
gsm8k,prompting,lora,attention,32.0,64.0,2.0,0.0003,5000,low,iso_epoch,44,0.698,0.0,1222.961,22.504555225372314,20185088,939,gsm8k_prompting_main_attention,gsm8k_prompting,results/gsm8k/prompting_main_attention/metrics/result_1785032433.json,main_attention
gsm8k,prompting,lora,attention,32.0,64.0,2.0,0.0005,5000,low,iso_epoch,42,0.698,0.0,1213.0032,22.504560947418213,20185088,939,gsm8k_prompting_main_attention,gsm8k_prompting,results/gsm8k/prompting_main_attention/metrics/result_1785032731.json,main_attention
gsm8k,prompting,lora,attention,32.0,64.0,2.0,0.0005,5000,low,iso_epoch,43,0.698,0.0,1202.9708,22.504560947418213,20185088,939,gsm8k_prompting_main_attention,gsm8k_prompting,results/gsm8k/prompting_main_attention/metrics/result_1785034733.json,main_attention
gsm8k,prompting,lora,attention,32.0,64.0,2.0,0.0005,5000,low,iso_epoch,44,0.698,0.0,1210.661,22.504555225372314,20185088,939,gsm8k_prompting_main_attention,gsm8k_prompting,results/gsm8k/prompting_main_attention/metrics/result_1785035553.json,main_attention
gsm8k,prompting,lora,attention,64.0,128.0,2.0,0.0001,5000,low,iso_epoch,42,0.694,0.0,1224.7925,22.65714120864868,40370176,939,gsm8k_prompting_main_attention,gsm8k_prompting,results/gsm8k/prompting_main_attention/metrics/result_1785037013.json,main_attention
gsm8k,prompting,lora,attention,64.0,128.0,2.0,0.0001,5000,low,iso_epoch,43,0.694,0.0,1263.734,22.65714120864868,40370176,939,gsm8k_prompting_main_attention,gsm8k_prompting,results/gsm8k/prompting_main_attention/metrics/result_1785037863.json,main_attention
gsm8k,prompting,lora,attention,64.0,128.0,2.0,0.0001,5000,low,iso_epoch,44,0.686,0.0,1216.1086,22.657135486602783,40370176,939,gsm8k_prompting_main_attention,gsm8k_prompting,results/gsm8k/prompting_main_attention/metrics/result_1785038814.json,main_attention
gsm8k,prompting,lora,attention,64.0,128.0,2.0,0.0003,5000,low,iso_epoch,42,0.698,0.0,1211.4676,22.65714120864868,40370176,939,gsm8k_prompting_main_attention,gsm8k_prompting,results/gsm8k/prompting_main_attention/metrics/result_1785040287.json,main_attention
gsm8k,prompting,lora,attention,64.0,128.0,2.0,0.0003,5000,low,iso_epoch,43,0.702,0.0,1243.5749,22.65714120864868,40370176,939,gsm8k_prompting_main_attention,gsm8k_prompting,results/gsm8k/prompting_main_attention/metrics/result_1785041871.json,main_attention
gsm8k,prompting,lora,attention,64.0,128.0,2.0,0.0003,5000,low,iso_epoch,44,0.704,0.0,1223.0946,22.657135486602783,40370176,939,gsm8k_prompting_main_attention,gsm8k_prompting,results/gsm8k/prompting_main_attention/metrics/result_1785042615.json,main_attention
gsm8k,prompting,lora,attention,64.0,128.0,2.0,0.0005,5000,low,iso_epoch,42,0.686,0.0,1208.569,22.65714120864868,40370176,939,gsm8k_prompting_main_attention,gsm8k_prompting,results/gsm8k/prompting_main_attention/metrics/result_1785042944.json,main_attention
gsm8k,prompting,lora,attention,64.0,128.0,2.0,0.0005,5000,low,iso_epoch,43,0.694,0.0,1204.7883,22.65714120864868,40370176,939,gsm8k_prompting_main_attention,gsm8k_prompting,results/gsm8k/prompting_main_attention/metrics/result_1785044650.json,main_attention
gsm8k,prompting,lora,attention,64.0,128.0,2.0,0.0005,5000,low,iso_epoch,44,0.674,0.0,1224.3675,22.657135486602783,40370176,939,gsm8k_prompting_main_attention,gsm8k_prompting,results/gsm8k/prompting_main_attention/metrics/result_1785045972.json,main_attention
gsm8k,prompting,lora,full,4.0,8.0,2.0,0.0001,5000,low,iso_epoch,42,0.706,0.0,1616.39,22.446882724761963,10092544,939,gsm8k_prompting_main_full,gsm8k_prompting,results/gsm8k/prompting_main_full/metrics/result_1784968234.json,main_full
gsm8k,prompting,lora,full,4.0,8.0,2.0,0.0001,5000,low,iso_epoch,43,0.724,0.0,1634.4223,22.446882724761963,10092544,939,gsm8k_prompting_main_full,gsm8k_prompting,results/gsm8k/prompting_main_full/metrics/result_1784968785.json,main_full
gsm8k,prompting,lora,full,4.0,8.0,2.0,0.0001,5000,low,iso_epoch,44,0.726,0.0,1615.3492,22.446877002716064,10092544,939,gsm8k_prompting_main_full,gsm8k_prompting,results/gsm8k/prompting_main_full/metrics/result_1784969052.json,main_full
gsm8k,prompting,lora,full,4.0,8.0,2.0,0.0003,5000,low,iso_epoch,42,0.702,0.0,1619.6105,22.446882724761963,10092544,939,gsm8k_prompting_main_full,gsm8k_prompting,results/gsm8k/prompting_main_full/metrics/result_1784969098.json,main_full
gsm8k,prompting,lora,full,4.0,8.0,2.0,0.0003,5000,low,iso_epoch,43,0.696,0.0,1648.4357,22.446882724761963,10092544,939,gsm8k_prompting_main_full,gsm8k_prompting,results/gsm8k/prompting_main_full/metrics/result_1784973755.json,main_full
gsm8k,prompting,lora,full,4.0,8.0,2.0,0.0005,5000,low,iso_epoch,42,0.678,0.0,1626.4347,22.446882724761963,10092544,939,gsm8k_prompting_main_full,gsm8k_prompting,results/gsm8k/prompting_main_full/metrics/result_1784974264.json,main_full
gsm8k,prompting,lora,full,4.0,8.0,2.0,0.0003,5000,low,iso_epoch,44,0.698,0.0,1631.3899,22.446877002716064,10092544,939,gsm8k_prompting_main_full,gsm8k_prompting,results/gsm8k/prompting_main_full/metrics/result_1784975024.json,main_full
gsm8k,prompting,lora,full,4.0,8.0,2.0,0.0005,5000,low,iso_epoch,43,0.686,0.0,1634.4075,22.446882724761963,10092544,939,gsm8k_prompting_main_full,gsm8k_prompting,results/gsm8k/prompting_main_full/metrics/result_1784978216.json,main_full
gsm8k,prompting,lora,full,4.0,8.0,2.0,0.0005,5000,low,iso_epoch,44,0.694,0.0,1637.014,22.447121143341064,10092544,939,gsm8k_prompting_main_full,gsm8k_prompting,results/gsm8k/prompting_main_full/metrics/result_1784979284.json,main_full
gsm8k,prompting,lora,full,8.0,8.0,1.0,0.0001,5000,low,iso_epoch,42,0.704,0.0,1597.221,22.516737461090088,20185088,939,gsm8k_prompting_main_full,gsm8k_prompting,results/gsm8k/prompting_main_full/metrics/result_1784980482.json,main_full
gsm8k,prompting,lora,full,8.0,8.0,1.0,0.0001,5000,low,iso_epoch,43,0.702,0.0,1609.7796,22.516737461090088,20185088,939,gsm8k_prompting_main_full,gsm8k_prompting,results/gsm8k/prompting_main_full/metrics/result_1784982310.json,main_full
gsm8k,prompting,lora,full,8.0,8.0,1.0,0.0001,5000,low,iso_epoch,44,0.69,0.0,1613.8067,22.51673173904419,20185088,939,gsm8k_prompting_main_full,gsm8k_prompting,results/gsm8k/prompting_main_full/metrics/result_1784983646.json,main_full
gsm8k,prompting,lora,full,8.0,8.0,1.0,0.0003,5000,low,iso_epoch,43,0.694,0.0,1667.9873,22.516737461090088,20185088,939,gsm8k_prompting_main_full,gsm8k_prompting,results/gsm8k/prompting_main_full/metrics/result_1784986557.json,main_full
gsm8k,prompting,lora,full,8.0,8.0,1.0,0.0003,5000,low,iso_epoch,42,0.71,0.0,1620.0051,22.516737461090088,20185088,939,gsm8k_prompting_main_full,gsm8k_prompting,results/gsm8k/prompting_main_full/metrics/result_1784987432.json,main_full
gsm8k,prompting,lora,full,8.0,8.0,1.0,0.0003,5000,low,iso_epoch,44,0.71,0.0,1594.3862,22.51673173904419,20185088,939,gsm8k_prompting_main_full,gsm8k_prompting,results/gsm8k/prompting_main_full/metrics/result_1784987719.json,main_full
gsm8k,prompting,lora,full,8.0,8.0,1.0,0.0005,5000,low,iso_epoch,42,0.738,0.0,1623.5711,22.516737461090088,20185088,939,gsm8k_prompting_main_full,gsm8k_prompting,results/gsm8k/prompting_main_full/metrics/result_1784989729.json,main_full
gsm8k,prompting,lora,full,8.0,8.0,1.0,0.0005,5000,low,iso_epoch,43,0.684,0.0,1597.8193,22.516737461090088,20185088,939,gsm8k_prompting_main_full,gsm8k_prompting,results/gsm8k/prompting_main_full/metrics/result_1784992347.json,main_full
gsm8k,prompting,lora,full,8.0,16.0,2.0,0.0001,5000,low,iso_epoch,42,0.704,0.0,1597.3194,22.516737461090088,20185088,939,gsm8k_prompting_main_full,gsm8k_prompting,results/gsm8k/prompting_main_full/metrics/result_1784993673.json,main_full
gsm8k,prompting,lora,full,8.0,8.0,1.0,0.0005,5000,low,iso_epoch,44,0.72,0.0,1613.0242,22.51673173904419,20185088,939,gsm8k_prompting_main_full,gsm8k_prompting,results/gsm8k/prompting_main_full/metrics/result_1784994560.json,main_full
gsm8k,prompting,lora,full,8.0,16.0,2.0,0.0001,5000,low,iso_epoch,43,0.714,0.0,1608.754,22.516737461090088,20185088,939,gsm8k_prompting_main_full,gsm8k_prompting,results/gsm8k/prompting_main_full/metrics/result_1784995517.json,main_full
gsm8k,prompting,lora,full,8.0,16.0,2.0,0.0001,5000,low,iso_epoch,44,0.706,0.0,1643.3894,22.51673173904419,20185088,939,gsm8k_prompting_main_full,gsm8k_prompting,results/gsm8k/prompting_main_full/metrics/result_1784998123.json,main_full
gsm8k,prompting,lora,full,8.0,16.0,2.0,0.0003,5000,low,iso_epoch,42,0.682,0.0,1610.0581,22.516737461090088,20185088,939,gsm8k_prompting_main_full,gsm8k_prompting,results/gsm8k/prompting_main_full/metrics/result_1784999122.json,main_full
gsm8k,prompting,lora,full,8.0,16.0,2.0,0.0003,5000,low,iso_epoch,43,0.714,0.0,1639.4852,22.516737461090088,20185088,939,gsm8k_prompting_main_full,gsm8k_prompting,results/gsm8k/prompting_main_full/metrics/result_1785000422.json,main_full
gsm8k,prompting,lora,full,8.0,16.0,2.0,0.0003,5000,low,iso_epoch,44,0.692,0.0,1620.0705,22.51673173904419,20185088,939,gsm8k_prompting_main_full,gsm8k_prompting,results/gsm8k/prompting_main_full/metrics/result_1785001053.json,main_full
gsm8k,prompting,lora,full,8.0,16.0,2.0,0.0005,5000,low,iso_epoch,43,0.682,0.0,1590.221,22.516737461090088,20185088,939,gsm8k_prompting_main_full,gsm8k_prompting,results/gsm8k/prompting_main_full/metrics/result_1785004219.json,main_full
gsm8k,prompting,lora,full,8.0,16.0,2.0,0.0005,5000,low,iso_epoch,42,0.686,0.0,1604.1257,22.516737461090088,20185088,939,gsm8k_prompting_main_full,gsm8k_prompting,results/gsm8k/prompting_main_full/metrics/result_1785004917.json,main_full
gsm8k,prompting,lora,full,8.0,16.0,2.0,0.0005,5000,low,iso_epoch,44,0.68,0.0,1666.0073,22.51673173904419,20185088,939,gsm8k_prompting_main_full,gsm8k_prompting,results/gsm8k/prompting_main_full/metrics/result_1785006107.json,main_full
gsm8k,prompting,lora,full,16.0,16.0,1.0,0.0001,5000,low,iso_epoch,42,0.7,0.0,1665.4116,22.69607782363892,40370176,939,gsm8k_prompting_main_full,gsm8k_prompting,results/gsm8k/prompting_main_full/metrics/result_1785007936.json,main_full
gsm8k,prompting,lora,full,16.0,16.0,1.0,0.0001,5000,low,iso_epoch,43,0.71,0.0,1610.3873,22.69767141342163,40370176,939,gsm8k_prompting_main_full,gsm8k_prompting,results/gsm8k/prompting_main_full/metrics/result_1785010188.json,main_full
gsm8k,prompting,lora,full,16.0,16.0,1.0,0.0001,5000,low,iso_epoch,44,0.692,0.0,1612.359,22.69703769683838,40370176,939,gsm8k_prompting_main_full,gsm8k_prompting,results/gsm8k/prompting_main_full/metrics/result_1785011268.json,main_full
gsm8k,prompting,lora,full,16.0,16.0,1.0,0.0003,5000,low,iso_epoch,42,0.704,0.0,1597.8848,22.69607782363892,40370176,939,gsm8k_prompting_main_full,gsm8k_prompting,results/gsm8k/prompting_main_full/metrics/result_1785011311.json,main_full
gsm8k,prompting,lora,full,16.0,16.0,1.0,0.0003,5000,low,iso_epoch,43,0.684,0.0,1599.2517,22.69767141342163,40370176,939,gsm8k_prompting_main_full,gsm8k_prompting,results/gsm8k/prompting_main_full/metrics/result_1785013700.json,main_full
gsm8k,prompting,lora,full,16.0,16.0,1.0,0.0003,5000,low,iso_epoch,44,0.728,0.0,1608.2746,22.69703769683838,40370176,939,gsm8k_prompting_main_full,gsm8k_prompting,results/gsm8k/prompting_main_full/metrics/result_1785015572.json,main_full
gsm8k,prompting,lora,full,16.0,16.0,1.0,0.0005,5000,low,iso_epoch,42,0.678,0.0,1600.2559,22.69607782363892,40370176,939,gsm8k_prompting_main_full,gsm8k_prompting,results/gsm8k/prompting_main_full/metrics/result_1785016557.json,main_full
gsm8k,prompting,lora,full,16.0,16.0,1.0,0.0005,5000,low,iso_epoch,43,0.716,0.0,1599.0286,22.69767141342163,40370176,939,gsm8k_prompting_main_full,gsm8k_prompting,results/gsm8k/prompting_main_full/metrics/result_1785016746.json,main_full
gsm8k,prompting,lora,full,16.0,16.0,1.0,0.0005,5000,low,iso_epoch,44,0.692,0.0,1601.738,22.69703769683838,40370176,939,gsm8k_prompting_main_full,gsm8k_prompting,results/gsm8k/prompting_main_full/metrics/result_1785018992.json,main_full
gsm8k,prompting,lora,full,16.0,32.0,2.0,0.0001,5000,low,iso_epoch,42,0.708,0.0,1690.0622,22.69607782363892,40370176,939,gsm8k_prompting_main_full,gsm8k_prompting,results/gsm8k/prompting_main_full/metrics/result_1785021417.json,main_full
gsm8k,prompting,lora,full,16.0,32.0,2.0,0.0001,5000,low,iso_epoch,43,0.69,0.0,1599.3963,22.69767141342163,40370176,939,gsm8k_prompting_main_full,gsm8k_prompting,results/gsm8k/prompting_main_full/metrics/result_1785021801.json,main_full
gsm8k,prompting,lora,full,16.0,32.0,2.0,0.0001,5000,low,iso_epoch,44,0.676,0.0,1599.2605,22.69703769683838,40370176,939,gsm8k_prompting_main_full,gsm8k_prompting,results/gsm8k/prompting_main_full/metrics/result_1785021914.json,main_full
gsm8k,prompting,lora,full,16.0,32.0,2.0,0.0003,5000,low,iso_epoch,42,0.7,0.0,1595.5143,22.69607782363892,40370176,939,gsm8k_prompting_main_full,gsm8k_prompting,results/gsm8k/prompting_main_full/metrics/result_1785024227.json,main_full
gsm8k,prompting,lora,full,16.0,32.0,2.0,0.0003,5000,low,iso_epoch,44,0.7,0.0,1597.1378,22.69703769683838,40370176,939,gsm8k_prompting_main_full,gsm8k_prompting,results/gsm8k/prompting_main_full/metrics/result_1785026980.json,main_full
gsm8k,prompting,lora,full,16.0,32.0,2.0,0.0005,5000,low,iso_epoch,42,0.682,0.0,1603.6074,22.69607782363892,40370176,939,gsm8k_prompting_main_full,gsm8k_prompting,results/gsm8k/prompting_main_full/metrics/result_1785027488.json,main_full
gsm8k,prompting,lora,full,16.0,32.0,2.0,0.0003,5000,low,iso_epoch,43,0.658,0.0,1625.6476,22.69767141342163,40370176,939,gsm8k_prompting_main_full,gsm8k_prompting,results/gsm8k/prompting_main_full/metrics/result_1785027555.json,main_full
gsm8k,prompting,lora,full,16.0,32.0,2.0,0.0005,5000,low,iso_epoch,43,0.69,0.0,1601.0638,22.69767141342163,40370176,939,gsm8k_prompting_main_full,gsm8k_prompting,results/gsm8k/prompting_main_full/metrics/result_1785029500.json,main_full
gsm8k,prompting,lora,full,16.0,32.0,2.0,0.0005,5000,low,iso_epoch,44,0.674,0.0,1611.3766,22.69703769683838,40370176,939,gsm8k_prompting_main_full,gsm8k_prompting,results/gsm8k/prompting_main_full/metrics/result_1785032230.json,main_full
gsm8k,prompting,lora,full,32.0,32.0,1.0,0.0001,5000,low,iso_epoch,43,0.704,0.0,1604.7891,22.96579647064209,80740352,939,gsm8k_prompting_main_full,gsm8k_prompting,results/gsm8k/prompting_main_full/metrics/result_1785033021.json,main_full
gsm8k,prompting,lora,full,32.0,32.0,1.0,0.0001,5000,low,iso_epoch,44,0.71,0.0,1602.5543,22.96231174468994,80740352,939,gsm8k_prompting_main_full,gsm8k_prompting,results/gsm8k/prompting_main_full/metrics/result_1785035114.json,main_full
gsm8k,prompting,lora,full,32.0,32.0,1.0,0.0001,5000,low,iso_epoch,42,0.702,0.0,1634.0257,22.965144157409668,80740352,939,gsm8k_prompting_main_full,gsm8k_prompting,results/gsm8k/prompting_main_full/metrics/result_1785035133.json,main_full
gsm8k,prompting,lora,full,32.0,32.0,1.0,0.0003,5000,low,iso_epoch,42,0.702,0.0,1617.2627,22.965144157409668,80740352,939,gsm8k_prompting_main_full,gsm8k_prompting,results/gsm8k/prompting_main_full/metrics/result_1785037737.json,main_full
gsm8k,prompting,lora,full,32.0,32.0,1.0,0.0003,5000,low,iso_epoch,43,0.7,0.0,1672.8907,22.96579647064209,80740352,939,gsm8k_prompting_main_full,gsm8k_prompting,results/gsm8k/prompting_main_full/metrics/result_1785039139.json,main_full
gsm8k,prompting,lora,full,32.0,32.0,1.0,0.0003,5000,low,iso_epoch,44,0.712,0.0,1598.1522,22.96231174468994,80740352,939,gsm8k_prompting_main_full,gsm8k_prompting,results/gsm8k/prompting_main_full/metrics/result_1785040307.json,main_full
gsm8k,prompting,lora,full,32.0,32.0,1.0,0.0005,5000,low,iso_epoch,42,0.678,0.0,1611.1616,22.965144157409668,80740352,939,gsm8k_prompting_main_full,gsm8k_prompting,results/gsm8k/prompting_main_full/metrics/result_1785040666.json,main_full
gsm8k,prompting,lora,full,32.0,32.0,1.0,0.0005,5000,low,iso_epoch,43,0.702,0.0,1603.1693,22.96579647064209,80740352,939,gsm8k_prompting_main_full,gsm8k_prompting,results/gsm8k/prompting_main_full/metrics/result_1785043872.json,main_full
gsm8k,prompting,lora,full,32.0,32.0,1.0,0.0005,5000,low,iso_epoch,44,0.696,0.0,1596.917,22.96231174468994,80740352,939,gsm8k_prompting_main_full,gsm8k_prompting,results/gsm8k/prompting_main_full/metrics/result_1785044268.json,main_full
gsm8k,prompting,lora,full,32.0,64.0,2.0,0.0001,5000,low,iso_epoch,42,0.702,0.0,1618.428,22.965144157409668,80740352,939,gsm8k_prompting_main_full,gsm8k_prompting,results/gsm8k/prompting_main_full/metrics/result_1785045604.json,main_full
gsm8k,prompting,lora,full,32.0,64.0,2.0,0.0001,5000,low,iso_epoch,43,0.718,0.0,1653.2942,22.96579647064209,80740352,939,gsm8k_prompting_main_full,gsm8k_prompting,results/gsm8k/prompting_main_full/metrics/result_1785046155.json,main_full
gsm8k,prompting,lora,full,32.0,64.0,2.0,0.0001,5000,low,iso_epoch,44,0.716,0.0,1607.0679,22.96231174468994,80740352,939,gsm8k_prompting_main_full,gsm8k_prompting,results/gsm8k/prompting_main_full/metrics/result_1785049625.json,main_full
gsm8k,prompting,lora,full,32.0,64.0,2.0,0.0003,5000,low,iso_epoch,42,0.696,0.0,1617.5956,22.965144157409668,80740352,939,gsm8k_prompting_main_full,gsm8k_prompting,results/gsm8k/prompting_main_full/metrics/result_1785049766.json,main_full
gsm8k,prompting,lora,full,32.0,64.0,2.0,0.0003,5000,low,iso_epoch,43,0.698,0.0,1611.2022,22.96579647064209,80740352,939,gsm8k_prompting_main_full,gsm8k_prompting,results/gsm8k/prompting_main_full/metrics/result_1785051822.json,main_full
gsm8k,prompting,lora,full,32.0,64.0,2.0,0.0003,5000,low,iso_epoch,44,0.688,0.0,1620.8151,22.96231174468994,80740352,939,gsm8k_prompting_main_full,gsm8k_prompting,results/gsm8k/prompting_main_full/metrics/result_1785052398.json,main_full
gsm8k,prompting,lora,full,32.0,64.0,2.0,0.0005,5000,low,iso_epoch,44,0.63,0.0,1605.236,22.96231174468994,80740352,939,gsm8k_prompting_main_full,gsm8k_prompting,results/gsm8k/prompting_main_full/metrics/result_1785057100.json,main_full
gsm8k,prompting,lora,full,64.0,128.0,2.0,0.0001,5000,low,iso_epoch,42,0.7,0.0,1662.9817,23.5685715675354,161480704,939,gsm8k_prompting_main_full,gsm8k_prompting,results/gsm8k/prompting_main_full/metrics/result_1785058319.json,main_full
gsm8k,prompting,lora,full,32.0,64.0,2.0,0.0005,5000,low,iso_epoch,43,0.688,0.0,1666.6267,22.96579647064209,80740352,939,gsm8k_prompting_main_full,gsm8k_prompting,results/gsm8k/prompting_main_full/metrics/result_1785058980.json,main_full
gsm8k,prompting,lora,full,32.0,64.0,2.0,0.0005,5000,low,iso_epoch,42,0.652,0.0,1662.913,22.965144157409668,80740352,939,gsm8k_prompting_main_full,gsm8k_prompting,results/gsm8k/prompting_main_full/metrics/result_1785059042.json,main_full
gsm8k,prompting,lora,full,64.0,128.0,2.0,0.0001,5000,low,iso_epoch,43,0.7,0.0,1620.2389,23.56661462783813,161480704,939,gsm8k_prompting_main_full,gsm8k_prompting,results/gsm8k/prompting_main_full/metrics/result_1785062323.json,main_full
gsm8k,prompting,lora,full,64.0,128.0,2.0,0.0003,5000,low,iso_epoch,42,0.702,0.0,1623.0523,23.5685715675354,161480704,939,gsm8k_prompting_main_full,gsm8k_prompting,results/gsm8k/prompting_main_full/metrics/result_1785064201.json,main_full
gsm8k,prompting,lora,full,64.0,128.0,2.0,0.0001,5000,low,iso_epoch,44,0.702,0.0,1624.4047,23.565697193145752,161480704,939,gsm8k_prompting_main_full,gsm8k_prompting,results/gsm8k/prompting_main_full/metrics/result_1785064208.json,main_full
gsm8k,prompting,lora,full,64.0,128.0,2.0,0.0003,5000,low,iso_epoch,43,0.678,0.0,1615.9727,23.56661462783813,161480704,939,gsm8k_prompting_main_full,gsm8k_prompting,results/gsm8k/prompting_main_full/metrics/result_1785064229.json,main_full
gsm8k,prompting,lora,full,64.0,128.0,2.0,0.0003,5000,low,iso_epoch,44,0.652,0.0,1620.5403,23.565697193145752,161480704,939,gsm8k_prompting_main_full,gsm8k_prompting,results/gsm8k/prompting_main_full/metrics/result_1785067641.json,main_full
gsm8k,prompting,lora,full,64.0,128.0,2.0,0.0005,5000,low,iso_epoch,43,0.62,0.0,1621.8767,23.56661462783813,161480704,939,gsm8k_prompting_main_full,gsm8k_prompting,results/gsm8k/prompting_main_full/metrics/result_1785069848.json,main_full
gsm8k,prompting,lora,full,64.0,128.0,2.0,0.0005,5000,low,iso_epoch,42,0.582,0.0,1621.7957,23.5685715675354,161480704,939,gsm8k_prompting_main_full,gsm8k_prompting,results/gsm8k/prompting_main_full/metrics/result_1785069872.json,main_full
gsm8k,prompting,lora,full,64.0,128.0,2.0,0.0005,5000,low,iso_epoch,44,0.592,0.0,1621.3441,23.565697193145752,161480704,939,gsm8k_prompting_main_full,gsm8k_prompting,results/gsm8k/prompting_main_full/metrics/result_1785069914.json,main_full
gsm8k,prompting,lora,qv,4.0,8.0,2.0,0.0001,5000,low,iso_epoch,42,0.73,0.0,1123.1576,22.363916873931885,1261568,939,gsm8k_prompting_main_qv,gsm8k_prompting,results/gsm8k/prompting_main_qv/metrics/result_1784961048.json,main_qv
gsm8k,prompting,lora,qv,4.0,8.0,2.0,0.0001,5000,low,iso_epoch,43,0.698,0.0,1142.1807,22.363916873931885,1261568,939,gsm8k_prompting_main_qv,gsm8k_prompting,results/gsm8k/prompting_main_qv/metrics/result_1784961282.json,main_qv
gsm8k,prompting,lora,qv,4.0,8.0,2.0,0.0001,5000,low,iso_epoch,44,0.714,0.0,1137.7291,22.363911151885983,1261568,939,gsm8k_prompting_main_qv,gsm8k_prompting,results/gsm8k/prompting_main_qv/metrics/result_1784962797.json,main_qv
gsm8k,prompting,lora,qv,4.0,8.0,2.0,0.0003,5000,low,iso_epoch,42,0.704,0.0,1130.157,22.363916873931885,1261568,939,gsm8k_prompting_main_qv,gsm8k_prompting,results/gsm8k/prompting_main_qv/metrics/result_1784963866.json,main_qv
gsm8k,prompting,lora,qv,4.0,8.0,2.0,0.0003,5000,low,iso_epoch,43,0.706,0.0,1124.8274,22.363916873931885,1261568,939,gsm8k_prompting_main_qv,gsm8k_prompting,results/gsm8k/prompting_main_qv/metrics/result_1784964520.json,main_qv
gsm8k,prompting,lora,qv,4.0,8.0,2.0,0.0003,5000,low,iso_epoch,44,0.714,0.0,1140.9812,22.363911151885983,1261568,939,gsm8k_prompting_main_qv,gsm8k_prompting,results/gsm8k/prompting_main_qv/metrics/result_1784965631.json,main_qv
gsm8k,prompting,lora,qv,4.0,8.0,2.0,0.0005,5000,low,iso_epoch,42,0.708,0.0,1139.1543,22.363916873931885,1261568,939,gsm8k_prompting_main_qv,gsm8k_prompting,results/gsm8k/prompting_main_qv/metrics/result_1784966405.json,main_qv
gsm8k,prompting,lora,qv,4.0,8.0,2.0,0.0005,5000,low,iso_epoch,43,0.698,0.0,1132.1877,22.363916873931885,1261568,939,gsm8k_prompting_main_qv,gsm8k_prompting,results/gsm8k/prompting_main_qv/metrics/result_1784968050.json,main_qv
gsm8k,prompting,lora,qv,4.0,8.0,2.0,0.0005,5000,low,iso_epoch,44,0.73,0.0,1125.6909,22.363911151885983,1261568,939,gsm8k_prompting_main_qv,gsm8k_prompting,results/gsm8k/prompting_main_qv/metrics/result_1784968289.json,main_qv
gsm8k,prompting,lora,qv,8.0,8.0,1.0,0.0001,5000,low,iso_epoch,42,0.714,0.0,1130.0924,22.37537240982056,2523136,939,gsm8k_prompting_main_qv,gsm8k_prompting,results/gsm8k/prompting_main_qv/metrics/result_1784969426.json,main_qv
gsm8k,prompting,lora,qv,8.0,8.0,1.0,0.0001,5000,low,iso_epoch,43,0.728,0.0,1115.8892,22.37537240982056,2523136,939,gsm8k_prompting_main_qv,gsm8k_prompting,results/gsm8k/prompting_main_qv/metrics/result_1784970308.json,main_qv
gsm8k,prompting,lora,qv,8.0,8.0,1.0,0.0001,5000,low,iso_epoch,44,0.728,0.0,1118.2399,22.37536668777465,2523136,939,gsm8k_prompting_main_qv,gsm8k_prompting,results/gsm8k/prompting_main_qv/metrics/result_1784971845.json,main_qv
gsm8k,prompting,lora,qv,8.0,8.0,1.0,0.0003,5000,low,iso_epoch,42,0.706,0.0,1117.349,22.37537240982056,2523136,939,gsm8k_prompting_main_qv,gsm8k_prompting,results/gsm8k/prompting_main_qv/metrics/result_1784972795.json,main_qv
gsm8k,prompting,lora,qv,8.0,8.0,1.0,0.0003,5000,low,iso_epoch,43,0.704,0.0,1122.8642,22.37537240982056,2523136,939,gsm8k_prompting_main_qv,gsm8k_prompting,results/gsm8k/prompting_main_qv/metrics/result_1784973294.json,main_qv
gsm8k,prompting,lora,qv,8.0,8.0,1.0,0.0003,5000,low,iso_epoch,44,0.706,0.0,1115.5275,22.37536668777465,2523136,939,gsm8k_prompting_main_qv,gsm8k_prompting,results/gsm8k/prompting_main_qv/metrics/result_1784974451.json,main_qv
gsm8k,prompting,lora,qv,8.0,8.0,1.0,0.0005,5000,low,iso_epoch,42,0.696,0.0,1122.9587,22.37537240982056,2523136,939,gsm8k_prompting_main_qv,gsm8k_prompting,results/gsm8k/prompting_main_qv/metrics/result_1784975521.json,main_qv
gsm8k,prompting,lora,qv,8.0,8.0,1.0,0.0005,5000,low,iso_epoch,43,0.706,0.0,1122.5205,22.37537240982056,2523136,939,gsm8k_prompting_main_qv,gsm8k_prompting,results/gsm8k/prompting_main_qv/metrics/result_1784976280.json,main_qv
gsm8k,prompting,lora,qv,8.0,8.0,1.0,0.0005,5000,low,iso_epoch,44,0.7,0.0,1118.8604,22.37536668777465,2523136,939,gsm8k_prompting_main_qv,gsm8k_prompting,results/gsm8k/prompting_main_qv/metrics/result_1784976939.json,main_qv
gsm8k,prompting,lora,qv,8.0,16.0,2.0,0.0001,5000,low,iso_epoch,42,0.732,0.0,1133.2503,22.37537240982056,2523136,939,gsm8k_prompting_main_qv,gsm8k_prompting,results/gsm8k/prompting_main_qv/metrics/result_1784978019.json,main_qv
gsm8k,prompting,lora,qv,8.0,16.0,2.0,0.0001,5000,low,iso_epoch,43,0.698,0.0,1134.4549,22.37537240982056,2523136,939,gsm8k_prompting_main_qv,gsm8k_prompting,results/gsm8k/prompting_main_qv/metrics/result_1784979107.json,main_qv
gsm8k,prompting,lora,qv,8.0,16.0,2.0,0.0001,5000,low,iso_epoch,44,0.712,0.0,1132.8644,22.37536668777465,2523136,939,gsm8k_prompting_main_qv,gsm8k_prompting,results/gsm8k/prompting_main_qv/metrics/result_1784980926.json,main_qv
gsm8k,prompting,lora,qv,8.0,16.0,2.0,0.0003,5000,low,iso_epoch,42,0.702,0.0,1132.9892,22.37537240982056,2523136,939,gsm8k_prompting_main_qv,gsm8k_prompting,results/gsm8k/prompting_main_qv/metrics/result_1784981620.json,main_qv
gsm8k,prompting,lora,qv,8.0,16.0,2.0,0.0003,5000,low,iso_epoch,44,0.71,0.0,1119.1418,22.37536668777465,2523136,939,gsm8k_prompting_main_qv,gsm8k_prompting,results/gsm8k/prompting_main_qv/metrics/result_1784982809.json,main_qv
gsm8k,prompting,lora,qv,8.0,16.0,2.0,0.0003,5000,low,iso_epoch,43,0.702,0.0,1146.3175,22.37537240982056,2523136,939,gsm8k_prompting_main_qv,gsm8k_prompting,results/gsm8k/prompting_main_qv/metrics/result_1784983980.json,main_qv
gsm8k,prompting,lora,qv,8.0,16.0,2.0,0.0005,5000,low,iso_epoch,42,0.722,0.0,1138.9602,22.37537240982056,2523136,939,gsm8k_prompting_main_qv,gsm8k_prompting,results/gsm8k/prompting_main_qv/metrics/result_1784984634.json,main_qv
gsm8k,prompting,lora,qv,8.0,16.0,2.0,0.0005,5000,low,iso_epoch,43,0.708,0.0,1133.4292,22.37537240982056,2523136,939,gsm8k_prompting_main_qv,gsm8k_prompting,results/gsm8k/prompting_main_qv/metrics/result_1784985262.json,main_qv
gsm8k,prompting,lora,qv,8.0,16.0,2.0,0.0005,5000,low,iso_epoch,44,0.698,0.0,1121.9677,22.37536668777465,2523136,939,gsm8k_prompting_main_qv,gsm8k_prompting,results/gsm8k/prompting_main_qv/metrics/result_1784986534.json,main_qv
gsm8k,prompting,lora,qv,16.0,16.0,1.0,0.0001,5000,low,iso_epoch,42,0.7,0.0,1134.4449,22.398951053619385,5046272,939,gsm8k_prompting_main_qv,gsm8k_prompting,results/gsm8k/prompting_main_qv/metrics/result_1784987931.json,main_qv
gsm8k,prompting,lora,qv,16.0,16.0,1.0,0.0001,5000,low,iso_epoch,43,0.72,0.0,1122.5936,22.398951053619385,5046272,939,gsm8k_prompting_main_qv,gsm8k_prompting,results/gsm8k/prompting_main_qv/metrics/result_1784988464.json,main_qv
gsm8k,prompting,lora,qv,16.0,16.0,1.0,0.0001,5000,low,iso_epoch,44,0.712,0.0,1126.6287,22.398945331573486,5046272,939,gsm8k_prompting_main_qv,gsm8k_prompting,results/gsm8k/prompting_main_qv/metrics/result_1784988799.json,main_qv
gsm8k,prompting,lora,qv,16.0,16.0,1.0,0.0003,5000,low,iso_epoch,42,0.7,0.0,1134.6497,22.398951053619385,5046272,939,gsm8k_prompting_main_qv,gsm8k_prompting,results/gsm8k/prompting_main_qv/metrics/result_1784989934.json,main_qv
gsm8k,prompting,lora,qv,16.0,16.0,1.0,0.0003,5000,low,iso_epoch,43,0.704,0.0,1131.4813,22.398951053619385,5046272,939,gsm8k_prompting_main_qv,gsm8k_prompting,results/gsm8k/prompting_main_qv/metrics/result_1784991719.json,main_qv
gsm8k,prompting,lora,qv,16.0,16.0,1.0,0.0003,5000,low,iso_epoch,44,0.702,0.0,1140.6097,22.398945331573486,5046272,939,gsm8k_prompting_main_qv,gsm8k_prompting,results/gsm8k/prompting_main_qv/metrics/result_1784992087.json,main_qv
gsm8k,prompting,lora,qv,16.0,16.0,1.0,0.0005,5000,low,iso_epoch,42,0.694,0.0,1137.5027,22.398951053619385,5046272,939,gsm8k_prompting_main_qv,gsm8k_prompting,results/gsm8k/prompting_main_qv/metrics/result_1784992543.json,main_qv
gsm8k,prompting,lora,qv,16.0,16.0,1.0,0.0005,5000,low,iso_epoch,43,0.708,0.0,1141.2663,22.398951053619385,5046272,939,gsm8k_prompting_main_qv,gsm8k_prompting,results/gsm8k/prompting_main_qv/metrics/result_1784993830.json,main_qv
gsm8k,prompting,lora,qv,16.0,16.0,1.0,0.0005,5000,low,iso_epoch,44,0.694,0.0,1155.7019,22.398945331573486,5046272,939,gsm8k_prompting_main_qv,gsm8k_prompting,results/gsm8k/prompting_main_qv/metrics/result_1784995618.json,main_qv
gsm8k,prompting,lora,qv,16.0,32.0,2.0,0.0001,5000,low,iso_epoch,42,0.716,0.0,1132.5422,22.398951053619385,5046272,939,gsm8k_prompting_main_qv,gsm8k_prompting,results/gsm8k/prompting_main_qv/metrics/result_1784995864.json,main_qv
gsm8k,prompting,lora,qv,16.0,32.0,2.0,0.0001,5000,low,iso_epoch,43,0.724,0.0,1145.0241,22.398951053619385,5046272,939,gsm8k_prompting_main_qv,gsm8k_prompting,results/gsm8k/prompting_main_qv/metrics/result_1784996078.json,main_qv
gsm8k,prompting,lora,qv,16.0,32.0,2.0,0.0001,5000,low,iso_epoch,44,0.694,0.0,1115.7959,22.398945331573486,5046272,939,gsm8k_prompting_main_qv,gsm8k_prompting,results/gsm8k/prompting_main_qv/metrics/result_1784997467.json,main_qv
gsm8k,prompting,lora,qv,16.0,32.0,2.0,0.0003,5000,low,iso_epoch,43,0.702,0.0,1121.9688,22.398951053619385,5046272,939,gsm8k_prompting_main_qv,gsm8k_prompting,results/gsm8k/prompting_main_qv/metrics/result_1784999297.json,main_qv
gsm8k,prompting,lora,qv,16.0,32.0,2.0,0.0003,5000,low,iso_epoch,42,0.698,0.0,1141.1259,22.398951053619385,5046272,939,gsm8k_prompting_main_qv,gsm8k_prompting,results/gsm8k/prompting_main_qv/metrics/result_1784999456.json,main_qv
gsm8k,prompting,lora,qv,16.0,32.0,2.0,0.0003,5000,low,iso_epoch,44,0.69,0.0,1144.2743,22.398945331573486,5046272,939,gsm8k_prompting_main_qv,gsm8k_prompting,results/gsm8k/prompting_main_qv/metrics/result_1785000008.json,main_qv
gsm8k,prompting,lora,qv,16.0,32.0,2.0,0.0005,5000,low,iso_epoch,42,0.688,0.0,1135.7373,22.398951053619385,5046272,939,gsm8k_prompting_main_qv,gsm8k_prompting,results/gsm8k/prompting_main_qv/metrics/result_1785001624.json,main_qv
gsm8k,prompting,lora,qv,16.0,32.0,2.0,0.0005,5000,low,iso_epoch,43,0.702,0.0,1130.1665,22.398951053619385,5046272,939,gsm8k_prompting_main_qv,gsm8k_prompting,results/gsm8k/prompting_main_qv/metrics/result_1785003605.json,main_qv
gsm8k,prompting,lora,qv,16.0,32.0,2.0,0.0005,5000,low,iso_epoch,44,0.712,0.0,1149.3495,22.398945331573486,5046272,939,gsm8k_prompting_main_qv,gsm8k_prompting,results/gsm8k/prompting_main_qv/metrics/result_1785004598.json,main_qv
gsm8k,prompting,lora,qv,32.0,32.0,1.0,0.0001,5000,low,iso_epoch,43,0.72,0.0,1151.5021,22.42816400527954,10092544,939,gsm8k_prompting_main_qv,gsm8k_prompting,results/gsm8k/prompting_main_qv/metrics/result_1785005213.json,main_qv
gsm8k,prompting,lora,qv,32.0,32.0,1.0,0.0001,5000,low,iso_epoch,42,0.722,0.0,1149.688,22.42816400527954,10092544,939,gsm8k_prompting_main_qv,gsm8k_prompting,results/gsm8k/prompting_main_qv/metrics/result_1785005360.json,main_qv
gsm8k,prompting,lora,qv,32.0,32.0,1.0,0.0001,5000,low,iso_epoch,44,0.71,0.0,1117.7444,22.428158283233643,10092544,939,gsm8k_prompting_main_qv,gsm8k_prompting,results/gsm8k/prompting_main_qv/metrics/result_1785007003.json,main_qv
gsm8k,prompting,lora,qv,32.0,32.0,1.0,0.0003,5000,low,iso_epoch,43,0.688,0.0,1125.5007,22.42816400527954,10092544,939,gsm8k_prompting_main_qv,gsm8k_prompting,results/gsm8k/prompting_main_qv/metrics/result_1785008586.json,main_qv
gsm8k,prompting,lora,qv,32.0,32.0,1.0,0.0003,5000,low,iso_epoch,44,0.708,0.0,1119.1409,22.428158283233643,10092544,939,gsm8k_prompting_main_qv,gsm8k_prompting,results/gsm8k/prompting_main_qv/metrics/result_1785008706.json,main_qv
gsm8k,prompting,lora,qv,32.0,32.0,1.0,0.0003,5000,low,iso_epoch,42,0.71,0.0,1120.4449,22.42816400527954,10092544,939,gsm8k_prompting_main_qv,gsm8k_prompting,results/gsm8k/prompting_main_qv/metrics/result_1785008785.json,main_qv
gsm8k,prompting,lora,qv,32.0,32.0,1.0,0.0005,5000,low,iso_epoch,42,0.708,0.0,1118.9764,22.42816400527954,10092544,939,gsm8k_prompting_main_qv,gsm8k_prompting,results/gsm8k/prompting_main_qv/metrics/result_1785010395.json,main_qv
gsm8k,prompting,lora,qv,32.0,32.0,1.0,0.0005,5000,low,iso_epoch,43,0.692,0.0,1125.1517,22.42816400527954,10092544,939,gsm8k_prompting_main_qv,gsm8k_prompting,results/gsm8k/prompting_main_qv/metrics/result_1785012016.json,main_qv
gsm8k,prompting,lora,qv,32.0,64.0,2.0,0.0001,5000,low,iso_epoch,42,0.714,0.0,1118.9123,22.42816400527954,10092544,939,gsm8k_prompting_main_qv,gsm8k_prompting,results/gsm8k/prompting_main_qv/metrics/result_1785012768.json,main_qv
gsm8k,prompting,lora,qv,32.0,32.0,1.0,0.0005,5000,low,iso_epoch,44,0.722,0.0,1119.9191,22.428158283233643,10092544,939,gsm8k_prompting_main_qv,gsm8k_prompting,results/gsm8k/prompting_main_qv/metrics/result_1785012901.json,main_qv
gsm8k,prompting,lora,qv,32.0,64.0,2.0,0.0001,5000,low,iso_epoch,43,0.712,0.0,1118.9978,22.42816400527954,10092544,939,gsm8k_prompting_main_qv,gsm8k_prompting,results/gsm8k/prompting_main_qv/metrics/result_1785013757.json,main_qv
gsm8k,prompting,lora,qv,32.0,64.0,2.0,0.0001,5000,low,iso_epoch,44,0.718,0.0,1117.4881,22.428158283233643,10092544,939,gsm8k_prompting_main_qv,gsm8k_prompting,results/gsm8k/prompting_main_qv/metrics/result_1785015548.json,main_qv
gsm8k,prompting,lora,qv,32.0,64.0,2.0,0.0003,5000,low,iso_epoch,42,0.698,0.0,1123.3881,22.42816400527954,10092544,939,gsm8k_prompting_main_qv,gsm8k_prompting,results/gsm8k/prompting_main_qv/metrics/result_1785016149.json,main_qv
gsm8k,prompting,lora,qv,32.0,64.0,2.0,0.0003,5000,low,iso_epoch,43,0.69,0.0,1123.6301,22.42816400527954,10092544,939,gsm8k_prompting_main_qv,gsm8k_prompting,results/gsm8k/prompting_main_qv/metrics/result_1785016359.json,main_qv
gsm8k,prompting,lora,qv,32.0,64.0,2.0,0.0003,5000,low,iso_epoch,44,0.736,0.0,1118.8345,22.428158283233643,10092544,939,gsm8k_prompting_main_qv,gsm8k_prompting,results/gsm8k/prompting_main_qv/metrics/result_1785017201.json,main_qv
gsm8k,prompting,lora,qv,32.0,64.0,2.0,0.0005,5000,low,iso_epoch,42,0.69,0.0,1119.4133,22.42816400527954,10092544,939,gsm8k_prompting_main_qv,gsm8k_prompting,results/gsm8k/prompting_main_qv/metrics/result_1785019133.json,main_qv
gsm8k,prompting,lora,qv,32.0,64.0,2.0,0.0005,5000,low,iso_epoch,43,0.674,0.0,1119.924,22.42816400527954,10092544,939,gsm8k_prompting_main_qv,gsm8k_prompting,results/gsm8k/prompting_main_qv/metrics/result_1785019511.json,main_qv
gsm8k,prompting,lora,qv,32.0,64.0,2.0,0.0005,5000,low,iso_epoch,44,0.704,0.0,1120.6403,22.428158283233643,10092544,939,gsm8k_prompting_main_qv,gsm8k_prompting,results/gsm8k/prompting_main_qv/metrics/result_1785019966.json,main_qv
gsm8k,prompting,lora,qv,64.0,128.0,2.0,0.0001,5000,low,iso_epoch,42,0.682,0.0,1121.6083,22.50445413589477,20185088,939,gsm8k_prompting_main_qv,gsm8k_prompting,results/gsm8k/prompting_main_qv/metrics/result_1785020543.json,main_qv
gsm8k,prompting,lora,qv,64.0,128.0,2.0,0.0001,5000,low,iso_epoch,43,0.712,0.0,1123.4515,22.50445413589477,20185088,939,gsm8k_prompting_main_qv,gsm8k_prompting,results/gsm8k/prompting_main_qv/metrics/result_1785022664.json,main_qv
gsm8k,prompting,lora,qv,64.0,128.0,2.0,0.0001,5000,low,iso_epoch,44,0.7,0.0,1118.9467,22.50444841384888,20185088,939,gsm8k_prompting_main_qv,gsm8k_prompting,results/gsm8k/prompting_main_qv/metrics/result_1785022918.json,main_qv
gsm8k,prompting,lora,qv,64.0,128.0,2.0,0.0003,5000,low,iso_epoch,42,0.692,0.0,1122.7537,22.50445413589477,20185088,939,gsm8k_prompting_main_qv,gsm8k_prompting,results/gsm8k/prompting_main_qv/metrics/result_1785023440.json,main_qv
gsm8k,prompting,lora,qv,64.0,128.0,2.0,0.0003,5000,low,iso_epoch,43,0.69,0.0,1121.077,22.50445413589477,20185088,939,gsm8k_prompting_main_qv,gsm8k_prompting,results/gsm8k/prompting_main_qv/metrics/result_1785024016.json,main_qv
gsm8k,prompting,lora,qv,64.0,128.0,2.0,0.0003,5000,low,iso_epoch,44,0.704,0.0,1123.3845,22.50444841384888,20185088,939,gsm8k_prompting_main_qv,gsm8k_prompting,results/gsm8k/prompting_main_qv/metrics/result_1785026107.json,main_qv
gsm8k,prompting,lora,qv,64.0,128.0,2.0,0.0005,5000,low,iso_epoch,42,0.682,0.0,1119.9535,22.50445413589477,20185088,939,gsm8k_prompting_main_qv,gsm8k_prompting,results/gsm8k/prompting_main_qv/metrics/result_1785026410.json,main_qv
gsm8k,prompting,lora,qv,64.0,128.0,2.0,0.0005,5000,low,iso_epoch,43,0.718,0.0,1123.3887,22.50445413589477,20185088,939,gsm8k_prompting_main_qv,gsm8k_prompting,results/gsm8k/prompting_main_qv/metrics/result_1785027141.json,main_qv
gsm8k,prompting,lora,qv,64.0,128.0,2.0,0.0005,5000,low,iso_epoch,44,0.7,0.0,1118.6759,22.50444841384888,20185088,939,gsm8k_prompting_main_qv,gsm8k_prompting,results/gsm8k/prompting_main_qv/metrics/result_1785027472.json,main_qv
gsm8k,prompting,none,,,,,5e-05,1,low,iso_epoch,42,0.358,0.0,,14.234532356262209,0,0,gsm8k_prompting_zeroshot,gsm8k_prompting,results/gsm8k/prompting_zeroshot/metrics/result_1784947888.json,zeroshot
gsm8k,prompting,none,,,,,5e-05,1,low,iso_epoch,43,0.358,0.0,,14.234532356262209,0,0,gsm8k_prompting_zeroshot,gsm8k_prompting,results/gsm8k/prompting_zeroshot/metrics/result_1784950192.json,zeroshot
gsm8k,prompting,none,,,,,5e-05,1,low,iso_epoch,44,0.358,0.0,,14.234532356262209,0,0,gsm8k_prompting_zeroshot,gsm8k_prompting,results/gsm8k/prompting_zeroshot/metrics/result_1784954081.json,zeroshot
mnli,prompting,fft,,,,,1e-05,5000,low,iso_epoch,42,0.8908528775510023,0.0,843.5643,33.76710748672485,7615616512,939,mnli_prompting_fft,mnli_prompting,results/mnli/prompting_fft/metrics/result_1784590712.json,fft
mnli,prompting,fft,,,,,1e-05,5000,low,iso_epoch,43,0.8874352780484699,0.0,963.0814,33.77183389663696,7615616512,939,mnli_prompting_fft,mnli_prompting,results/mnli/prompting_fft/metrics/result_1784591059.json,fft
mnli,prompting,fft,,,,,1e-05,5000,low,iso_epoch,44,0.8649310293719304,0.0,966.3548,33.77117395401001,7615616512,939,mnli_prompting_fft,mnli_prompting,results/mnli/prompting_fft/metrics/result_1784591061.json,fft
mnli,prompting,fft,,,,,3e-05,5000,low,iso_epoch,42,0.8616968712971506,0.0,1009.2294,33.76710748672485,7615616512,939,mnli_prompting_fft,mnli_prompting,results/mnli/prompting_fft/metrics/result_1784592038.json,fft
mnli,prompting,fft,,,,,3e-05,5000,low,iso_epoch,43,0.1713719663199603,0.0,986.4675,33.77183389663696,7615616512,939,mnli_prompting_fft,mnli_prompting,results/mnli/prompting_fft/metrics/result_1784592414.json,fft
mnli,prompting,fft,,,,,3e-05,5000,low,iso_epoch,44,0.8578681410142085,0.0,992.1124,33.77117395401001,7615616512,939,mnli_prompting_fft,mnli_prompting,results/mnli/prompting_fft/metrics/result_1784592421.json,fft
mnli,prompting,fft,,,,,5e-05,5000,low,iso_epoch,42,0.8366282117508338,0.0,842.1027,33.76710748672485,7615616512,939,mnli_prompting_fft,mnli_prompting,results/mnli/prompting_fft/metrics/result_1784593163.json,fft
mnli,prompting,fft,,,,,5e-05,5000,low,iso_epoch,43,0.8558066243751088,0.0,881.6424,33.77183389663696,7615616512,939,mnli_prompting_fft,mnli_prompting,results/mnli/prompting_fft/metrics/result_1784593631.json,fft
mnli,prompting,fft,,,,,5e-05,5000,low,iso_epoch,44,0.8176581771479925,0.0,885.1363,33.77117395401001,7615616512,939,mnli_prompting_fft,mnli_prompting,results/mnli/prompting_fft/metrics/result_1784593633.json,fft
mnli,prompting,fft,,,,,1e-06,5000,low,iso_epoch,42,0.8364426744177411,0.0,852.4513,33.76710748672485,7615616512,939,mnli_prompting_fft_lr_extend,mnli_prompting,results/mnli/prompting_fft_lr_extend/metrics/result_1785517087009666329_3590694.json,fft_lr_extend
mnli,prompting,fft,,,,,1e-06,5000,low,iso_epoch,44,0.8470768131306977,0.0,844.2852,33.77117395401001,7615616512,939,mnli_prompting_fft_lr_extend,mnli_prompting,results/mnli/prompting_fft_lr_extend/metrics/result_1785517709476661990_948265.json,fft_lr_extend
mnli,prompting,fft,,,,,1e-06,5000,low,iso_epoch,43,0.842893530622292,0.0,867.4785,33.77183389663696,7615616512,939,mnli_prompting_fft_lr_extend,mnli_prompting,results/mnli/prompting_fft_lr_extend/metrics/result_1785517743903319596_2061208.json,fft_lr_extend
mnli,prompting,fft,,,,,3e-06,5000,low,iso_epoch,42,0.8708850135155747,0.0,839.1583,33.76710748672485,7615616512,939,mnli_prompting_fft_lr_extend,mnli_prompting,results/mnli/prompting_fft_lr_extend/metrics/result_1785517866940466383_2097461.json,fft_lr_extend
mnli,prompting,fft,,,,,3e-06,5000,low,iso_epoch,43,0.872362750517122,0.0,841.1162,33.77183389663696,7615616512,939,mnli_prompting_fft_lr_extend,mnli_prompting,results/mnli/prompting_fft_lr_extend/metrics/result_1785518075300349211_3594594.json,fft_lr_extend
mnli,prompting,fft,,,,,3e-06,5000,low,iso_epoch,44,0.872651415891632,0.0,849.2649,33.77117395401001,7615616512,939,mnli_prompting_fft_lr_extend,mnli_prompting,results/mnli/prompting_fft_lr_extend/metrics/result_1785518718443681503_2069969.json,fft_lr_extend
mnli,prompting,fft,,,,,1e-06,5000,low,iso_epoch,42,0.8364426744177411,0.0,850.376,33.76710748672485,7615616512,939,mnli_prompting_fft_lr_extend,mnli_prompting,results/mnli/prompting_fft_lr_extend/metrics/result_1785518719100334974_2069970.json,fft_lr_extend
mnli,prompting,fft,,,,,1e-06,5000,low,iso_epoch,43,0.842893530622292,0.0,849.7913,33.77183389663696,7615616512,939,mnli_prompting_fft_lr_extend,mnli_prompting,results/mnli/prompting_fft_lr_extend/metrics/result_1785518877143850972_2070966.json,fft_lr_extend
mnli,prompting,fft,,,,,1e-06,5000,low,iso_epoch,44,0.8470768131306977,0.0,851.2805,33.77117395401001,7615616512,939,mnli_prompting_fft_lr_extend,mnli_prompting,results/mnli/prompting_fft_lr_extend/metrics/result_1785519106848153963_3596999.json,fft_lr_extend
mnli,prompting,fft,,,,,3e-06,5000,low,iso_epoch,42,0.8708850135155747,0.0,835.8363,33.76710748672485,7615616512,939,mnli_prompting_fft_lr_extend,mnli_prompting,results/mnli/prompting_fft_lr_extend/metrics/result_1785519735463380675_2102108.json,fft_lr_extend
mnli,prompting,fft,,,,,3e-06,5000,low,iso_epoch,43,0.872362750517122,0.0,853.6302,33.77183389663696,7615616512,939,mnli_prompting_fft_lr_extend,mnli_prompting,results/mnli/prompting_fft_lr_extend/metrics/result_1785519767222719680_2074528.json,fft_lr_extend
mnli,prompting,fft,,,,,3e-06,5000,low,iso_epoch,44,0.872651415891632,0.0,868.997,33.77117395401001,7615616512,939,mnli_prompting_fft_lr_extend,mnli_prompting,results/mnli/prompting_fft_lr_extend/metrics/result_1785520038401650019_2075706.json,fft_lr_extend
mnli,prompting,fft,,,,,1e-05,5000,low,iso_epoch,42,0.8908528775510023,0.0,845.9057,33.76710748672485,7615616512,939,mnli_prompting_fft_wd0.1,mnli_prompting,results/mnli/prompting_fft_wd0.1/metrics/result_1785513976666986681_3578225.json,fft_wd0.1
mnli,prompting,fft,,,,,1e-05,5000,low,iso_epoch,43,0.8874352780484699,0.0,840.4694,33.77183389663696,7615616512,939,mnli_prompting_fft_wd0.1,mnli_prompting,results/mnli/prompting_fft_wd0.1/metrics/result_1785514589958864393_3581324.json,fft_wd0.1
mnli,prompting,fft,,,,,1e-05,5000,low,iso_epoch,44,0.8649310293719304,0.0,843.5274,33.77117395401001,7615616512,939,mnli_prompting_fft_wd0.1,mnli_prompting,results/mnli/prompting_fft_wd0.1/metrics/result_1785514592433193052_3581325.json,fft_wd0.1
mnli,prompting,fft,,,,,3e-05,5000,low,iso_epoch,42,0.8616968712971506,0.0,853.9799,33.76710748672485,7615616512,939,mnli_prompting_fft_wd0.1,mnli_prompting,results/mnli/prompting_fft_wd0.1/metrics/result_1785515032923230697_3582887.json,fft_wd0.1
mnli,prompting,fft,,,,,3e-05,5000,low,iso_epoch,43,0.1713719663199603,0.0,841.3041,33.77183389663696,7615616512,939,mnli_prompting_fft_wd0.1,mnli_prompting,results/mnli/prompting_fft_wd0.1/metrics/result_1785515669487388193_3585408.json,fft_wd0.1
mnli,prompting,fft,,,,,3e-05,5000,low,iso_epoch,44,0.8578681410142085,0.0,842.2245,33.77117395401001,7615616512,939,mnli_prompting_fft_wd0.1,mnli_prompting,results/mnli/prompting_fft_wd0.1/metrics/result_1785515670411042943_3585407.json,fft_wd0.1
mnli,prompting,fft,,,,,5e-05,5000,low,iso_epoch,42,0.8366282117508338,0.0,851.6433,33.76710748672485,7615616512,939,mnli_prompting_fft_wd0.1,mnli_prompting,results/mnli/prompting_fft_wd0.1/metrics/result_1785516035294752289_3586817.json,fft_wd0.1
mnli,prompting,fft,,,,,5e-05,5000,low,iso_epoch,44,0.8176581771479925,0.0,849.4771,33.77117395401001,7615616512,939,mnli_prompting_fft_wd0.1,mnli_prompting,results/mnli/prompting_fft_wd0.1/metrics/result_1785516809474034554_3589255.json,fft_wd0.1
mnli,prompting,fft,,,,,5e-05,5000,low,iso_epoch,43,0.8558066243751088,0.0,849.2125,33.77183389663696,7615616512,939,mnli_prompting_fft_wd0.1,mnli_prompting,results/mnli/prompting_fft_wd0.1/metrics/result_1785516809569685155_3589254.json,fft_wd0.1
mnli,prompting,fft,,,,,1e-05,5000,low,iso_epoch,42,0.8609214857667672,0.0,1677.2984,33.76710748672485,7615616512,1878,mnli_prompting_fft_wd0.1_epochs6,mnli_prompting,results/mnli/prompting_fft_wd0.1_epochs6/metrics/result_1785518704812980504_2097460.json,fft_wd0.1_epochs6
mnli,prompting,fft,,,,,1e-05,5000,low,iso_epoch,44,0.8644259502120466,0.0,1678.6728,33.77117395401001,7615616512,1878,mnli_prompting_fft_wd0.1_epochs6,mnli_prompting,results/mnli/prompting_fft_wd0.1_epochs6/metrics/result_1785518707277614210_3593357.json,fft_wd0.1_epochs6
mnli,prompting,fft,,,,,3e-05,5000,low,iso_epoch,42,0.3487896114279896,0.0,1685.5343,33.76710748672485,7615616512,1878,mnli_prompting_fft_wd0.1_epochs6,mnli_prompting,results/mnli/prompting_fft_wd0.1_epochs6/metrics/result_1785518714600285074_3593358.json,fft_wd0.1_epochs6
mnli,prompting,fft,,,,,1e-05,5000,low,iso_epoch,43,0.8693620443570916,0.0,1713.2363,33.77183389663696,7615616512,1878,mnli_prompting_fft_wd0.1_epochs6,mnli_prompting,results/mnli/prompting_fft_wd0.1_epochs6/metrics/result_1785518724956949215_2062294.json,fft_wd0.1_epochs6
mnli,prompting,fft,,,,,3e-05,5000,low,iso_epoch,44,0.8611312253381692,0.0,1677.5083,33.77117395401001,7615616512,1878,mnli_prompting_fft_wd0.1_epochs6,mnli_prompting,results/mnli/prompting_fft_wd0.1_epochs6/metrics/result_1785520591235299756_3599486.json,fft_wd0.1_epochs6
mnli,prompting,fft,,,,,3e-05,5000,low,iso_epoch,43,0.8545238268354204,0.0,1676.4792,33.77183389663696,7615616512,1878,mnli_prompting_fft_wd0.1_epochs6,mnli_prompting,results/mnli/prompting_fft_wd0.1_epochs6/metrics/result_1785520591941536636_3599487.json,fft_wd0.1_epochs6
mnli,prompting,fft,,,,,5e-05,5000,low,iso_epoch,42,0.3695946218345218,0.0,1679.1858,33.76710748672485,7615616512,1878,mnli_prompting_fft_wd0.1_epochs6,mnli_prompting,results/mnli/prompting_fft_wd0.1_epochs6/metrics/result_1785521020764655161_3600936.json,fft_wd0.1_epochs6
mnli,prompting,fft,,,,,5e-05,5000,low,iso_epoch,43,0.8338267125031832,0.0,1674.3472,33.77183389663696,7615616512,1878,mnli_prompting_fft_wd0.1_epochs6,mnli_prompting,results/mnli/prompting_fft_wd0.1_epochs6/metrics/result_1785521590479734325_2104422.json,fft_wd0.1_epochs6
mnli,prompting,fft,,,,,5e-05,5000,low,iso_epoch,44,0.4095036975813056,0.0,1681.6254,33.77117395401001,7615616512,1878,mnli_prompting_fft_wd0.1_epochs6,mnli_prompting,results/mnli/prompting_fft_wd0.1_epochs6/metrics/result_1785522461791779168_3604837.json,fft_wd0.1_epochs6
mnli,prompting,fft,,,,,1e-05,5000,low,iso_epoch,46,0.8714950856307566,0.0,840.3093,33.800374031066895,7615616512,939,mnli_prompting_fft_wd0.1_moreseeds,mnli_prompting,results/mnli/prompting_fft_wd0.1_moreseeds/metrics/result_1785517879088365991_2802397.json,fft_wd0.1_moreseeds
mnli,prompting,fft,,,,,1e-05,5000,low,iso_epoch,45,0.8756442788926918,0.0,840.859,33.7704439163208,7615616512,939,mnli_prompting_fft_wd0.1_moreseeds,mnli_prompting,results/mnli/prompting_fft_wd0.1_moreseeds/metrics/result_1785517881247087509_2802523.json,fft_wd0.1_moreseeds
mnli,prompting,fft,,,,,1e-05,5000,low,iso_epoch,48,0.8808420452242283,0.0,843.4342,32.73871183395386,7615616512,939,mnli_prompting_fft_wd0.1_moreseeds,mnli_prompting,results/mnli/prompting_fft_wd0.1_moreseeds/metrics/result_1785517882463732963_2802395.json,fft_wd0.1_moreseeds
mnli,prompting,fft,,,,,1e-05,5000,low,iso_epoch,47,0.8874512568606732,0.0,844.3161,32.74667930603027,7615616512,939,mnli_prompting_fft_wd0.1_moreseeds,mnli_prompting,results/mnli/prompting_fft_wd0.1_moreseeds/metrics/result_1785517883568078407_2802396.json,fft_wd0.1_moreseeds
mnli,prompting,fft,,,,,1e-05,5000,low,iso_epoch,49,0.8744525063283524,0.0,841.1318,33.75715446472168,7615616512,939,mnli_prompting_fft_wd0.1_moreseeds,mnli_prompting,results/mnli/prompting_fft_wd0.1_moreseeds/metrics/result_1785518891639125954_2807270.json,fft_wd0.1_moreseeds
mnli,prompting,fft,,,,,1e-05,5000,low,iso_epoch,50,0.884952052967846,0.0,842.3806,33.755197525024414,7615616512,939,mnli_prompting_fft_wd0.1_moreseeds,mnli_prompting,results/mnli/prompting_fft_wd0.1_moreseeds/metrics/result_1785518893620828965_2807272.json,fft_wd0.1_moreseeds
mnli,prompting,fft,,,,,3e-05,5000,low,iso_epoch,45,0.8693259145562915,0.0,843.5352,33.7704439163208,7615616512,939,mnli_prompting_fft_wd0.1_moreseeds,mnli_prompting,results/mnli/prompting_fft_wd0.1_moreseeds/metrics/result_1785518895007718932_2807271.json,fft_wd0.1_moreseeds
mnli,prompting,fft,,,,,1e-05,5000,low,iso_epoch,51,0.8752553626149132,0.0,845.5697,33.77307415008545,7615616512,939,mnli_prompting_fft_wd0.1_moreseeds,mnli_prompting,results/mnli/prompting_fft_wd0.1_moreseeds/metrics/result_1785518898601909632_2807269.json,fft_wd0.1_moreseeds
mnli,prompting,fft,,,,,3e-05,5000,low,iso_epoch,46,0.8720841551610782,0.0,840.1829,33.800374031066895,7615616512,939,mnli_prompting_fft_wd0.1_moreseeds,mnli_prompting,results/mnli/prompting_fft_wd0.1_moreseeds/metrics/result_1785520069307680087_2812110.json,fft_wd0.1_moreseeds
mnli,prompting,fft,,,,,3e-05,5000,low,iso_epoch,47,0.8884293802446669,0.0,841.0507,32.74667930603027,7615616512,939,mnli_prompting_fft_wd0.1_moreseeds,mnli_prompting,results/mnli/prompting_fft_wd0.1_moreseeds/metrics/result_1785520070609796638_2811870.json,fft_wd0.1_moreseeds
mnli,prompting,fft,,,,,3e-05,5000,low,iso_epoch,48,0.8682307504273444,0.0,844.471,32.73871183395386,7615616512,939,mnli_prompting_fft_wd0.1_moreseeds,mnli_prompting,results/mnli/prompting_fft_wd0.1_moreseeds/metrics/result_1785520073130408678_2812108.json,fft_wd0.1_moreseeds
mnli,prompting,fft,,,,,3e-05,5000,low,iso_epoch,49,0.8778036517879508,0.0,843.5614,33.75715446472168,7615616512,939,mnli_prompting_fft_wd0.1_moreseeds,mnli_prompting,results/mnli/prompting_fft_wd0.1_moreseeds/metrics/result_1785520073235677609_2811871.json,fft_wd0.1_moreseeds
mnli,prompting,fft,,,,,3e-05,5000,low,iso_epoch,51,0.8742740499579534,0.0,841.8108,33.77307415008545,7615616512,939,mnli_prompting_fft_wd0.1_moreseeds,mnli_prompting,results/mnli/prompting_fft_wd0.1_moreseeds/metrics/result_1785521083444330404_2079123.json,fft_wd0.1_moreseeds
mnli,prompting,fft,,,,,3e-05,5000,low,iso_epoch,50,0.8534812782103804,0.0,842.3667,33.755197525024414,7615616512,939,mnli_prompting_fft_wd0.1_moreseeds,mnli_prompting,results/mnli/prompting_fft_wd0.1_moreseeds/metrics/result_1785521084756333028_2079122.json,fft_wd0.1_moreseeds
mnli,prompting,fft,,,,,5e-05,5000,low,iso_epoch,45,0.8371543550364121,0.0,843.2267,33.7704439163208,7615616512,939,mnli_prompting_fft_wd0.1_moreseeds,mnli_prompting,results/mnli/prompting_fft_wd0.1_moreseeds/metrics/result_1785521625373878190_3604838.json,fft_wd0.1_moreseeds
mnli,prompting,fft,,,,,5e-05,5000,low,iso_epoch,46,0.834485985681531,0.0,843.3428,33.800374031066895,7615616512,939,mnli_prompting_fft_wd0.1_moreseeds,mnli_prompting,results/mnli/prompting_fft_wd0.1_moreseeds/metrics/result_1785522057333511594_3606345.json,fft_wd0.1_moreseeds
mnli,prompting,fft,,,,,5e-05,5000,low,iso_epoch,47,0.1713719663199603,0.0,844.8357,32.74667930603027,7615616512,939,mnli_prompting_fft_wd0.1_moreseeds,mnli_prompting,results/mnli/prompting_fft_wd0.1_moreseeds/metrics/result_1785522375223498707_2107937.json,fft_wd0.1_moreseeds
mnli,prompting,fft,,,,,5e-05,5000,low,iso_epoch,49,0.8416727802458356,0.0,840.7056,33.75715446472168,7615616512,939,mnli_prompting_fft_wd0.1_moreseeds,mnli_prompting,results/mnli/prompting_fft_wd0.1_moreseeds/metrics/result_1785522612106085568_2108999.json,fft_wd0.1_moreseeds
mnli,prompting,fft,,,,,5e-05,5000,low,iso_epoch,48,0.1713719663199603,0.0,846.8456,32.73871183395386,7615616512,939,mnli_prompting_fft_wd0.1_moreseeds,mnli_prompting,results/mnli/prompting_fft_wd0.1_moreseeds/metrics/result_1785522623789778564_3608044.json,fft_wd0.1_moreseeds
mnli,prompting,fft,,,,,5e-05,5000,low,iso_epoch,50,0.8423026603994958,0.0,845.6577,33.755197525024414,7615616512,939,mnli_prompting_fft_wd0.1_moreseeds,mnli_prompting,results/mnli/prompting_fft_wd0.1_moreseeds/metrics/result_1785523050071192593_3609596.json,fft_wd0.1_moreseeds
mnli,prompting,fft,,,,,5e-05,5000,low,iso_epoch,51,0.8340262344482476,0.0,843.2862,33.77307415008545,7615616512,939,mnli_prompting_fft_wd0.1_moreseeds,mnli_prompting,results/mnli/prompting_fft_wd0.1_moreseeds/metrics/result_1785523365703616627_2110902.json,fft_wd0.1_moreseeds
mnli,prompting,fft,,,,,1e-05,20000,high,iso_epoch,42,0.883571691745724,0.0,3340.662,33.218905448913574,7615616512,3750,mnli_prompting_fft_wd0.1_subset20000,mnli_prompting,results/mnli/prompting_fft_wd0.1_subset20000/metrics/result_1785521373474804054_2099944.json,fft_wd0.1_subset20000
mnli,prompting,fft,,,,,1e-05,20000,high,iso_epoch,43,0.8984014524009373,0.0,3342.3106,32.723472595214844,7615616512,3750,mnli_prompting_fft_wd0.1_subset20000,mnli_prompting,results/mnli/prompting_fft_wd0.1_subset20000/metrics/result_1785521595507394080_952955.json,fft_wd0.1_subset20000
mnli,prompting,fft,,,,,3e-05,20000,high,iso_epoch,42,0.8626262811951994,0.0,3613.5236,33.218905448913574,7615616512,3750,mnli_prompting_fft_wd0.1_subset20000,mnli_prompting,results/mnli/prompting_fft_wd0.1_subset20000/metrics/result_1785522564179939334_2074527.json,fft_wd0.1_subset20000
mnli,prompting,fft,,,,,1e-05,20000,high,iso_epoch,44,0.8854941874604796,0.0,3615.4063,33.787097454071045,7615616512,3750,mnli_prompting_fft_wd0.1_subset20000,mnli_prompting,results/mnli/prompting_fft_wd0.1_subset20000/metrics/result_1785522565232631204_2074529.json,fft_wd0.1_subset20000
mnli,prompting,fft,,,,,3e-05,20000,high,iso_epoch,43,0.8885073389273214,0.0,3347.687,32.723472595214844,7615616512,3750,mnli_prompting_fft_wd0.1_subset20000,mnli_prompting,results/mnli/prompting_fft_wd0.1_subset20000/metrics/result_1785525135755712066_960437.json,fft_wd0.1_subset20000
mnli,prompting,fft,,,,,3e-05,20000,high,iso_epoch,44,0.875307614795093,0.0,3686.1222,33.787097454071045,7615616512,3750,mnli_prompting_fft_wd0.1_subset20000,mnli_prompting,results/mnli/prompting_fft_wd0.1_subset20000/metrics/result_1785526292425438161_3610929.json,fft_wd0.1_subset20000
mnli,prompting,fft,,,,,5e-05,20000,high,iso_epoch,42,0.1713719663199603,0.0,3730.1659,33.218905448913574,7615616512,3750,mnli_prompting_fft_wd0.1_subset20000,mnli_prompting,results/mnli/prompting_fft_wd0.1_subset20000/metrics/result_1785526608157323082_3611937.json,fft_wd0.1_subset20000
mnli,prompting,fft,,,,,5e-05,20000,high,iso_epoch,43,0.3437454655766206,0.0,3843.3398,32.723472595214844,7615616512,3750,mnli_prompting_fft_wd0.1_subset20000,mnli_prompting,results/mnli/prompting_fft_wd0.1_subset20000/metrics/result_1785526722234467772_2112045.json,fft_wd0.1_subset20000
mnli,prompting,fft,,,,,5e-05,20000,high,iso_epoch,44,0.3227547014535304,0.0,3401.0985,33.787097454071045,7615616512,3750,mnli_prompting_fft_wd0.1_subset20000,mnli_prompting,results/mnli/prompting_fft_wd0.1_subset20000/metrics/result_1785528757553621907_3617088.json,fft_wd0.1_subset20000
mnli,prompting,lora,attention,4.0,8.0,2.0,0.0003,1000,low,iso_epoch,42,0.8801365818533716,0.0,97.657,18.28671264648437,2523136,189,mnli_prompting_ladder_isoepoch,mnli_prompting,results/mnli/prompting_ladder_isoepoch/metrics/result_1784623059.json,ladder_isoepoch
mnli,prompting,lora,attention,4.0,8.0,2.0,0.0001,1000,low,iso_epoch,42,0.8600845516921093,0.0,101.2254,18.28671264648437,2523136,189,mnli_prompting_ladder_isoepoch,mnli_prompting,results/mnli/prompting_ladder_isoepoch/metrics/result_1784623113.json,ladder_isoepoch
mnli,prompting,lora,attention,4.0,8.0,2.0,0.0001,1000,low,iso_epoch,43,0.8642751391430702,0.0,100.4151,18.28671264648437,2523136,189,mnli_prompting_ladder_isoepoch,mnli_prompting,results/mnli/prompting_ladder_isoepoch/metrics/result_1784623115.json,ladder_isoepoch
mnli,prompting,lora,attention,4.0,8.0,2.0,0.0003,1000,low,iso_epoch,43,0.8671508228828672,0.0,96.1616,18.28671264648437,2523136,189,mnli_prompting_ladder_isoepoch,mnli_prompting,results/mnli/prompting_ladder_isoepoch/metrics/result_1784623360.json,ladder_isoepoch
mnli,prompting,lora,attention,4.0,8.0,2.0,0.0003,1000,low,iso_epoch,44,0.8766565003620914,0.0,98.7247,18.28671264648437,2523136,189,mnli_prompting_ladder_isoepoch,mnli_prompting,results/mnli/prompting_ladder_isoepoch/metrics/result_1784623742.json,ladder_isoepoch
mnli,prompting,lora,attention,4.0,8.0,2.0,0.0001,5000,low,iso_epoch,42,0.8850621355209135,0.0,486.7176,19.302592754364014,2523136,939,mnli_prompting_ladder_isoepoch,mnli_prompting,results/mnli/prompting_ladder_isoepoch/metrics/result_1784624141.json,ladder_isoepoch
mnli,prompting,lora,attention,4.0,8.0,2.0,0.0001,5000,low,iso_epoch,44,0.8848073011675357,0.0,480.6546,19.303081035614014,2523136,939,mnli_prompting_ladder_isoepoch,mnli_prompting,results/mnli/prompting_ladder_isoepoch/metrics/result_1784624154.json,ladder_isoepoch
mnli,prompting,lora,attention,4.0,8.0,2.0,0.0001,5000,low,iso_epoch,43,0.881947264714288,0.0,484.8596,19.302592754364014,2523136,939,mnli_prompting_ladder_isoepoch,mnli_prompting,results/mnli/prompting_ladder_isoepoch/metrics/result_1784624159.json,ladder_isoepoch
mnli,prompting,lora,attention,4.0,8.0,2.0,0.0003,5000,low,iso_epoch,42,0.8751793082223577,0.0,483.4528,19.302592754364014,2523136,939,mnli_prompting_ladder_isoepoch,mnli_prompting,results/mnli/prompting_ladder_isoepoch/metrics/result_1784624471.json,ladder_isoepoch
mnli,prompting,lora,attention,4.0,8.0,2.0,0.0003,5000,low,iso_epoch,44,0.8741870844509517,0.0,482.1756,19.303081035614014,2523136,939,mnli_prompting_ladder_isoepoch,mnli_prompting,results/mnli/prompting_ladder_isoepoch/metrics/result_1784624824.json,ladder_isoepoch
mnli,prompting,lora,attention,4.0,8.0,2.0,0.0003,5000,low,iso_epoch,43,0.8731544058328385,0.0,510.884,19.302592754364014,2523136,939,mnli_prompting_ladder_isoepoch,mnli_prompting,results/mnli/prompting_ladder_isoepoch/metrics/result_1784624849.json,ladder_isoepoch
mnli,prompting,lora,attention,4.0,8.0,2.0,0.0001,20000,high,iso_epoch,42,0.8896078188567316,0.0,1973.119,19.29319477081299,2523136,3750,mnli_prompting_ladder_isoepoch,mnli_prompting,results/mnli/prompting_ladder_isoepoch/metrics/result_1784626346.json,ladder_isoepoch
mnli,prompting,lora,attention,4.0,8.0,2.0,0.0001,20000,high,iso_epoch,43,0.8979107521941234,0.0,1978.418,19.29368305206299,2523136,3750,mnli_prompting_ladder_isoepoch,mnli_prompting,results/mnli/prompting_ladder_isoepoch/metrics/result_1784626723.json,ladder_isoepoch
mnli,prompting,lora,attention,4.0,8.0,2.0,0.0003,20000,high,iso_epoch,42,0.8929252614853849,0.0,1952.7842,19.29319477081299,2523136,3750,mnli_prompting_ladder_isoepoch,mnli_prompting,results/mnli/prompting_ladder_isoepoch/metrics/result_1784627155.json,ladder_isoepoch
mnli,prompting,lora,attention,4.0,8.0,2.0,0.0001,20000,high,iso_epoch,44,0.891101583490539,0.0,2000.2793,19.302589893341064,2523136,3750,mnli_prompting_ladder_isoepoch,mnli_prompting,results/mnli/prompting_ladder_isoepoch/metrics/result_1784627232.json,ladder_isoepoch
mnli,prompting,lora,attention,4.0,8.0,2.0,0.0003,20000,high,iso_epoch,43,0.897505182790396,0.0,1988.5275,19.29368305206299,2523136,3750,mnli_prompting_ladder_isoepoch,mnli_prompting,results/mnli/prompting_ladder_isoepoch/metrics/result_1784628652.json,ladder_isoepoch
mnli,prompting,lora,attention,4.0,8.0,2.0,0.0003,20000,high,iso_epoch,44,0.8835884023202135,0.0,1975.0954,19.302589893341064,2523136,3750,mnli_prompting_ladder_isoepoch,mnli_prompting,results/mnli/prompting_ladder_isoepoch/metrics/result_1784628896.json,ladder_isoepoch
mnli,prompting,lora,attention,4.0,8.0,2.0,0.0001,50000,high,iso_epoch,44,0.8995234207461111,0.0,5523.4063,20.131649494171143,2523136,9375,mnli_prompting_ladder_isoepoch,mnli_prompting,results/mnli/prompting_ladder_isoepoch/metrics/result_1784634411.json,ladder_isoepoch
mnli,prompting,lora,attention,4.0,8.0,2.0,0.0001,50000,high,iso_epoch,43,0.8895783048887419,0.0,6914.6642,20.14104175567627,2523136,9375,mnli_prompting_ladder_isoepoch,mnli_prompting,results/mnli/prompting_ladder_isoepoch/metrics/result_1784634444.json,ladder_isoepoch
mnli,prompting,lora,attention,4.0,8.0,2.0,0.0001,50000,high,iso_epoch,42,0.8948421575938355,0.0,6919.9479,20.141043186187744,2523136,9375,mnli_prompting_ladder_isoepoch,mnli_prompting,results/mnli/prompting_ladder_isoepoch/metrics/result_1784634448.json,ladder_isoepoch
mnli,prompting,lora,attention,8.0,16.0,2.0,0.0001,1000,low,iso_epoch,42,0.8671166733799175,0.0,98.2515,18.30962371826172,5046272,189,mnli_prompting_ladder_isoepoch,mnli_prompting,results/mnli/prompting_ladder_isoepoch/metrics/result_1784634765.json,ladder_isoepoch
mnli,prompting,lora,attention,8.0,16.0,2.0,0.0001,1000,low,iso_epoch,43,0.8683842678132473,0.0,126.2658,18.30962371826172,5046272,189,mnli_prompting_ladder_isoepoch,mnli_prompting,results/mnli/prompting_ladder_isoepoch/metrics/result_1784635092.json,ladder_isoepoch
mnli,prompting,lora,attention,8.0,16.0,2.0,0.0001,1000,low,iso_epoch,44,0.8761840925111505,0.0,97.5358,18.30962371826172,5046272,189,mnli_prompting_ladder_isoepoch,mnli_prompting,results/mnli/prompting_ladder_isoepoch/metrics/result_1784635350.json,ladder_isoepoch
mnli,prompting,lora,attention,8.0,16.0,2.0,0.0003,1000,low,iso_epoch,42,0.8778690081572266,0.0,97.4693,18.30962371826172,5046272,189,mnli_prompting_ladder_isoepoch,mnli_prompting,results/mnli/prompting_ladder_isoepoch/metrics/result_1784635636.json,ladder_isoepoch
mnli,prompting,lora,attention,8.0,16.0,2.0,0.0003,1000,low,iso_epoch,43,0.8722408525225426,0.0,96.5339,18.30962371826172,5046272,189,mnli_prompting_ladder_isoepoch,mnli_prompting,results/mnli/prompting_ladder_isoepoch/metrics/result_1784636014.json,ladder_isoepoch
mnli,prompting,lora,attention,4.0,8.0,2.0,0.0003,50000,high,iso_epoch,42,0.8975213254254859,0.0,7218.323,20.141043186187744,2523136,9375,mnli_prompting_ladder_isoepoch,mnli_prompting,results/mnli/prompting_ladder_isoepoch/metrics/result_1784636314.json,ladder_isoepoch
mnli,prompting,lora,attention,8.0,16.0,2.0,0.0003,1000,low,iso_epoch,44,0.8603733391125057,0.0,98.3048,18.30962371826172,5046272,189,mnli_prompting_ladder_isoepoch,mnli_prompting,results/mnli/prompting_ladder_isoepoch/metrics/result_1784636416.json,ladder_isoepoch
mnli,prompting,lora,attention,8.0,16.0,2.0,0.0001,5000,low,iso_epoch,43,0.8857926348254909,0.0,496.0686,19.32550382614136,5046272,939,mnli_prompting_ladder_isoepoch,mnli_prompting,results/mnli/prompting_ladder_isoepoch/metrics/result_1784637121.json,ladder_isoepoch
mnli,prompting,lora,attention,8.0,16.0,2.0,0.0001,5000,low,iso_epoch,42,0.8848219638976755,0.0,493.3647,19.32577085494995,5046272,939,mnli_prompting_ladder_isoepoch,mnli_prompting,results/mnli/prompting_ladder_isoepoch/metrics/result_1784637122.json,ladder_isoepoch
mnli,prompting,lora,attention,8.0,16.0,2.0,0.0001,5000,low,iso_epoch,44,0.8888226824062512,0.0,473.821,19.32599210739136,5046272,939,mnli_prompting_ladder_isoepoch,mnli_prompting,results/mnli/prompting_ladder_isoepoch/metrics/result_1784637922.json,ladder_isoepoch
mnli,prompting,lora,attention,8.0,16.0,2.0,0.0003,5000,low,iso_epoch,42,0.8734125827021186,0.0,478.9414,19.32577085494995,5046272,939,mnli_prompting_ladder_isoepoch,mnli_prompting,results/mnli/prompting_ladder_isoepoch/metrics/result_1784637932.json,ladder_isoepoch
mnli,prompting,lora,attention,8.0,16.0,2.0,0.0003,5000,low,iso_epoch,43,0.8632087503953798,0.0,474.1895,19.32550382614136,5046272,939,mnli_prompting_ladder_isoepoch,mnli_prompting,results/mnli/prompting_ladder_isoepoch/metrics/result_1784638667.json,ladder_isoepoch
mnli,prompting,lora,attention,8.0,16.0,2.0,0.0003,5000,low,iso_epoch,44,0.8710233407684423,0.0,481.9544,19.32599210739136,5046272,939,mnli_prompting_ladder_isoepoch,mnli_prompting,results/mnli/prompting_ladder_isoepoch/metrics/result_1784638676.json,ladder_isoepoch
mnli,prompting,lora,attention,4.0,8.0,2.0,0.0003,50000,high,iso_epoch,44,0.8977019663586828,0.0,5294.9898,20.131649494171143,2523136,9375,mnli_prompting_ladder_isoepoch,mnli_prompting,results/mnli/prompting_ladder_isoepoch/metrics/result_1784639965.json,ladder_isoepoch
mnli,prompting,lora,attention,4.0,8.0,2.0,0.0003,50000,high,iso_epoch,43,0.8853870589596861,0.0,5535.4006,20.14104175567627,2523136,9375,mnli_prompting_ladder_isoepoch,mnli_prompting,results/mnli/prompting_ladder_isoepoch/metrics/result_1784640132.json,ladder_isoepoch
mnli,prompting,lora,attention,8.0,16.0,2.0,0.0001,20000,high,iso_epoch,43,0.9015788459211306,0.0,2342.9702,19.307194709777832,5046272,3750,mnli_prompting_ladder_isoepoch,mnli_prompting,results/mnli/prompting_ladder_isoepoch/metrics/result_1784641324.json,ladder_isoepoch
mnli,prompting,lora,attention,8.0,16.0,2.0,0.0001,20000,high,iso_epoch,42,0.8794572179571496,0.0,2362.1025,19.306706428527832,5046272,3750,mnli_prompting_ladder_isoepoch,mnli_prompting,results/mnli/prompting_ladder_isoepoch/metrics/result_1784641344.json,ladder_isoepoch
mnli,prompting,lora,attention,8.0,16.0,2.0,0.0001,20000,high,iso_epoch,44,0.8935083637974964,0.0,2035.0674,19.325500965118408,5046272,3750,mnli_prompting_ladder_isoepoch,mnli_prompting,results/mnli/prompting_ladder_isoepoch/metrics/result_1784642231.json,ladder_isoepoch
mnli,prompting,lora,attention,8.0,16.0,2.0,0.0003,20000,high,iso_epoch,42,0.8817612855106481,0.0,2037.0289,19.306706428527832,5046272,3750,mnli_prompting_ladder_isoepoch,mnli_prompting,results/mnli/prompting_ladder_isoepoch/metrics/result_1784642401.json,ladder_isoepoch
mnli,prompting,lora,attention,8.0,16.0,2.0,0.0003,20000,high,iso_epoch,43,0.8913829122784346,0.0,2384.9613,19.307194709777832,5046272,3750,mnli_prompting_ladder_isoepoch,mnli_prompting,results/mnli/prompting_ladder_isoepoch/metrics/result_1784644041.json,ladder_isoepoch
mnli,prompting,lora,attention,8.0,16.0,2.0,0.0003,20000,high,iso_epoch,44,0.8832953728773446,0.0,2385.4273,19.325500965118408,5046272,3750,mnli_prompting_ladder_isoepoch,mnli_prompting,results/mnli/prompting_ladder_isoepoch/metrics/result_1784644463.json,ladder_isoepoch
mnli,prompting,lora,attention,8.0,16.0,2.0,0.0001,50000,high,iso_epoch,43,0.8975762840461305,0.0,5482.0864,20.163952827453613,5046272,9375,mnli_prompting_ladder_isoepoch,mnli_prompting,results/mnli/prompting_ladder_isoepoch/metrics/result_1784648121.json,ladder_isoepoch
mnli,prompting,lora,attention,8.0,16.0,2.0,0.0001,50000,high,iso_epoch,42,0.8849257340478803,0.0,5548.6463,20.163954257965088,5046272,9375,mnli_prompting_ladder_isoepoch,mnli_prompting,results/mnli/prompting_ladder_isoepoch/metrics/result_1784648155.json,ladder_isoepoch
mnli,prompting,lora,attention,8.0,16.0,2.0,0.0001,50000,high,iso_epoch,44,0.889528935535474,0.0,5311.1707,20.145161151885983,5046272,9375,mnli_prompting_ladder_isoepoch,mnli_prompting,results/mnli/prompting_ladder_isoepoch/metrics/result_1784650020.json,ladder_isoepoch
mnli,prompting,lora,attention,16.0,32.0,2.0,0.0001,1000,low,iso_epoch,42,0.8634575801641354,0.0,98.8537,18.35678100585937,10092544,189,mnli_prompting_ladder_isoepoch,mnli_prompting,results/mnli/prompting_ladder_isoepoch/metrics/result_1784650511.json,ladder_isoepoch
mnli,prompting,lora,attention,16.0,32.0,2.0,0.0001,1000,low,iso_epoch,43,0.8717547251225547,0.0,97.5341,18.35678100585937,10092544,189,mnli_prompting_ladder_isoepoch,mnli_prompting,results/mnli/prompting_ladder_isoepoch/metrics/result_1784651648.json,ladder_isoepoch
mnli,prompting,lora,attention,16.0,32.0,2.0,0.0001,1000,low,iso_epoch,44,0.8762928510582101,0.0,95.8739,18.35678100585937,10092544,189,mnli_prompting_ladder_isoepoch,mnli_prompting,results/mnli/prompting_ladder_isoepoch/metrics/result_1784652001.json,ladder_isoepoch
mnli,prompting,lora,attention,16.0,32.0,2.0,0.0003,1000,low,iso_epoch,42,0.8652676099898136,0.0,98.3929,18.35678100585937,10092544,189,mnli_prompting_ladder_isoepoch,mnli_prompting,results/mnli/prompting_ladder_isoepoch/metrics/result_1784652306.json,ladder_isoepoch
mnli,prompting,lora,attention,16.0,32.0,2.0,0.0003,1000,low,iso_epoch,43,0.8652178907210398,0.0,96.0804,18.35678100585937,10092544,189,mnli_prompting_ladder_isoepoch,mnli_prompting,results/mnli/prompting_ladder_isoepoch/metrics/result_1784652591.json,ladder_isoepoch
mnli,prompting,lora,attention,16.0,32.0,2.0,0.0003,1000,low,iso_epoch,44,0.8608329230623926,0.0,97.5617,18.35678100585937,10092544,189,mnli_prompting_ladder_isoepoch,mnli_prompting,results/mnli/prompting_ladder_isoepoch/metrics/result_1784653000.json,ladder_isoepoch
mnli,prompting,lora,attention,8.0,16.0,2.0,0.0003,50000,high,iso_epoch,44,0.885218079066569,0.0,4766.4135,20.145161151885983,5046272,9375,mnli_prompting_ladder_isoepoch,mnli_prompting,results/mnli/prompting_ladder_isoepoch/metrics/result_1784653458.json,ladder_isoepoch
mnli,prompting,lora,attention,8.0,16.0,2.0,0.0003,50000,high,iso_epoch,43,0.879083269306733,0.0,4890.987,20.163952827453613,5046272,9375,mnli_prompting_ladder_isoepoch,mnli_prompting,results/mnli/prompting_ladder_isoepoch/metrics/result_1784653603.json,ladder_isoepoch
mnli,prompting,lora,attention,8.0,16.0,2.0,0.0003,50000,high,iso_epoch,42,0.901560467479121,0.0,4915.3844,20.163954257965088,5046272,9375,mnli_prompting_ladder_isoepoch,mnli_prompting,results/mnli/prompting_ladder_isoepoch/metrics/result_1784653628.json,ladder_isoepoch
mnli,prompting,lora,attention,16.0,32.0,2.0,0.0001,5000,low,iso_epoch,42,0.8978911832953145,0.0,467.2368,19.372928142547607,10092544,939,mnli_prompting_ladder_isoepoch,mnli_prompting,results/mnli/prompting_ladder_isoepoch/metrics/result_1784653713.json,ladder_isoepoch
mnli,prompting,lora,attention,16.0,32.0,2.0,0.0001,5000,low,iso_epoch,43,0.8809614251512631,0.0,475.6954,19.372661113739014,10092544,939,mnli_prompting_ladder_isoepoch,mnli_prompting,results/mnli/prompting_ladder_isoepoch/metrics/result_1784654372.json,ladder_isoepoch
mnli,prompting,lora,attention,16.0,32.0,2.0,0.0001,5000,low,iso_epoch,44,0.8846832812115099,0.0,474.6701,19.37340879440308,10092544,939,mnli_prompting_ladder_isoepoch,mnli_prompting,results/mnli/prompting_ladder_isoepoch/metrics/result_1784655208.json,ladder_isoepoch
mnli,prompting,lora,attention,16.0,32.0,2.0,0.0003,5000,low,iso_epoch,42,0.8781868435599779,0.0,480.278,19.372928142547607,10092544,939,mnli_prompting_ladder_isoepoch,mnli_prompting,results/mnli/prompting_ladder_isoepoch/metrics/result_1784656050.json,ladder_isoepoch
mnli,prompting,lora,attention,16.0,32.0,2.0,0.0003,5000,low,iso_epoch,43,0.8514694580482446,0.0,477.908,19.372661113739014,10092544,939,mnli_prompting_ladder_isoepoch,mnli_prompting,results/mnli/prompting_ladder_isoepoch/metrics/result_1784656990.json,ladder_isoepoch
mnli,prompting,lora,attention,16.0,32.0,2.0,0.0003,5000,low,iso_epoch,44,0.8631183330270188,0.0,471.2546,19.37340879440308,10092544,939,mnli_prompting_ladder_isoepoch,mnli_prompting,results/mnli/prompting_ladder_isoepoch/metrics/result_1784657767.json,ladder_isoepoch
mnli,prompting,lora,attention,16.0,32.0,2.0,0.0001,20000,high,iso_epoch,42,0.8757770007770006,0.0,1988.7635,19.33506488800049,10092544,3750,mnli_prompting_ladder_isoepoch,mnli_prompting,results/mnli/prompting_ladder_isoepoch/metrics/result_1784660092.json,ladder_isoepoch
mnli,prompting,lora,attention,16.0,32.0,2.0,0.0001,20000,high,iso_epoch,43,0.8999238459735999,0.0,1908.6858,19.33555316925049,10092544,3750,mnli_prompting_ladder_isoepoch,mnli_prompting,results/mnli/prompting_ladder_isoepoch/metrics/result_1784661694.json,ladder_isoepoch
mnli,prompting,lora,attention,16.0,32.0,2.0,0.0001,20000,high,iso_epoch,44,0.89148197825115,0.0,1881.4762,19.372658252716064,10092544,3750,mnli_prompting_ladder_isoepoch,mnli_prompting,results/mnli/prompting_ladder_isoepoch/metrics/result_1784662280.json,ladder_isoepoch
mnli,prompting,lora,attention,16.0,32.0,2.0,0.0003,20000,high,iso_epoch,42,0.8962003923016235,0.0,1887.0017,19.33506488800049,10092544,3750,mnli_prompting_ladder_isoepoch,mnli_prompting,results/mnli/prompting_ladder_isoepoch/metrics/result_1784663347.json,ladder_isoepoch
mnli,prompting,lora,attention,16.0,32.0,2.0,0.0003,20000,high,iso_epoch,43,0.8760143066762834,0.0,1861.0052,19.33555316925049,10092544,3750,mnli_prompting_ladder_isoepoch,mnli_prompting,results/mnli/prompting_ladder_isoepoch/metrics/result_1784663543.json,ladder_isoepoch
mnli,prompting,lora,attention,16.0,32.0,2.0,0.0003,20000,high,iso_epoch,44,0.8782871147397792,0.0,1866.467,19.372658252716064,10092544,3750,mnli_prompting_ladder_isoepoch,mnli_prompting,results/mnli/prompting_ladder_isoepoch/metrics/result_1784663761.json,ladder_isoepoch
mnli,prompting,lora,attention,16.0,32.0,2.0,0.0001,50000,high,iso_epoch,42,0.8912711019557422,0.0,4654.1249,20.211111545562744,10092544,9375,mnli_prompting_ladder_isoepoch,mnli_prompting,results/mnli/prompting_ladder_isoepoch/metrics/result_1784667128.json,ladder_isoepoch
mnli,prompting,lora,attention,16.0,32.0,2.0,0.0001,50000,high,iso_epoch,44,0.8957115661132274,0.0,5135.7818,20.173519611358643,10092544,9375,mnli_prompting_ladder_isoepoch,mnli_prompting,results/mnli/prompting_ladder_isoepoch/metrics/result_1784668929.json,ladder_isoepoch
mnli,prompting,lora,attention,16.0,32.0,2.0,0.0001,50000,high,iso_epoch,43,0.8855810773272531,0.0,5698.9055,20.21111011505127,10092544,9375,mnli_prompting_ladder_isoepoch,mnli_prompting,results/mnli/prompting_ladder_isoepoch/metrics/result_1784669298.json,ladder_isoepoch
mnli,prompting,lora,attention,32.0,64.0,2.0,0.0001,1000,low,iso_epoch,42,0.8712611032302027,0.0,98.8288,18.415206909179688,20185088,189,mnli_prompting_ladder_isoepoch,mnli_prompting,results/mnli/prompting_ladder_isoepoch/metrics/result_1784669584.json,ladder_isoepoch
mnli,prompting,lora,attention,16.0,32.0,2.0,0.0003,50000,high,iso_epoch,42,0.8974968911749999,0.0,5553.3854,20.211111545562744,10092544,9375,mnli_prompting_ladder_isoepoch,mnli_prompting,results/mnli/prompting_ladder_isoepoch/metrics/result_1784669648.json,ladder_isoepoch
mnli,prompting,lora,attention,32.0,64.0,2.0,0.0001,1000,low,iso_epoch,43,0.8634938891750116,0.0,95.7882,18.415206909179688,20185088,189,mnli_prompting_ladder_isoepoch,mnli_prompting,results/mnli/prompting_ladder_isoepoch/metrics/result_1784670023.json,ladder_isoepoch
mnli,prompting,lora,attention,32.0,64.0,2.0,0.0001,1000,low,iso_epoch,44,0.8687119820371505,0.0,98.5464,18.415206909179688,20185088,189,mnli_prompting_ladder_isoepoch,mnli_prompting,results/mnli/prompting_ladder_isoepoch/metrics/result_1784670031.json,ladder_isoepoch
mnli,prompting,lora,attention,32.0,64.0,2.0,0.0003,1000,low,iso_epoch,42,0.8610674676294606,0.0,96.2753,18.415206909179688,20185088,189,mnli_prompting_ladder_isoepoch,mnli_prompting,results/mnli/prompting_ladder_isoepoch/metrics/result_1784670303.json,ladder_isoepoch
mnli,prompting,lora,attention,32.0,64.0,2.0,0.0003,1000,low,iso_epoch,43,0.8597632471016277,0.0,98.7243,18.415206909179688,20185088,189,mnli_prompting_ladder_isoepoch,mnli_prompting,results/mnli/prompting_ladder_isoepoch/metrics/result_1784670310.json,ladder_isoepoch
mnli,prompting,lora,attention,32.0,64.0,2.0,0.0003,1000,low,iso_epoch,44,0.872640097863696,0.0,95.9293,18.415206909179688,20185088,189,mnli_prompting_ladder_isoepoch,mnli_prompting,results/mnli/prompting_ladder_isoepoch/metrics/result_1784670649.json,ladder_isoepoch
mnli,prompting,lora,attention,32.0,64.0,2.0,0.0001,5000,low,iso_epoch,42,0.8681841272531655,0.0,470.5837,19.43135404586792,20185088,939,mnli_prompting_ladder_isoepoch,mnli_prompting,results/mnli/prompting_ladder_isoepoch/metrics/result_1784671023.json,ladder_isoepoch
mnli,prompting,lora,attention,32.0,64.0,2.0,0.0001,5000,low,iso_epoch,43,0.8773214161391466,0.0,467.4132,19.43108701705933,20185088,939,mnli_prompting_ladder_isoepoch,mnli_prompting,results/mnli/prompting_ladder_isoepoch/metrics/result_1784671300.json,ladder_isoepoch
mnli,prompting,lora,attention,32.0,64.0,2.0,0.0001,5000,low,iso_epoch,44,0.8772767445621009,0.0,474.0372,19.43183469772339,20185088,939,mnli_prompting_ladder_isoepoch,mnli_prompting,results/mnli/prompting_ladder_isoepoch/metrics/result_1784671689.json,ladder_isoepoch
mnli,prompting,lora,attention,32.0,64.0,2.0,0.0003,5000,low,iso_epoch,42,0.8781946826758148,0.0,474.8104,19.43135404586792,20185088,939,mnli_prompting_ladder_isoepoch,mnli_prompting,results/mnli/prompting_ladder_isoepoch/metrics/result_1784671962.json,ladder_isoepoch
mnli,prompting,lora,attention,32.0,64.0,2.0,0.0003,5000,low,iso_epoch,43,0.8730646059593429,0.0,483.0058,19.43108701705933,20185088,939,mnli_prompting_ladder_isoepoch,mnli_prompting,results/mnli/prompting_ladder_isoepoch/metrics/result_1784672309.json,ladder_isoepoch
mnli,prompting,lora,attention,32.0,64.0,2.0,0.0003,5000,low,iso_epoch,44,0.863784301986576,0.0,478.8557,19.43183469772339,20185088,939,mnli_prompting_ladder_isoepoch,mnli_prompting,results/mnli/prompting_ladder_isoepoch/metrics/result_1784672627.json,ladder_isoepoch
mnli,prompting,lora,attention,32.0,64.0,2.0,0.0001,20000,high,iso_epoch,42,0.8914666776675996,0.0,2083.8952,19.3558931350708,20185088,3750,mnli_prompting_ladder_isoepoch,mnli_prompting,results/mnli/prompting_ladder_isoepoch/metrics/result_1784674562.json,ladder_isoepoch
mnli,prompting,lora,attention,16.0,32.0,2.0,0.0003,50000,high,iso_epoch,43,0.8820751470598944,0.0,7418.8727,20.21111011505127,10092544,9375,mnli_prompting_ladder_isoepoch,mnli_prompting,results/mnli/prompting_ladder_isoepoch/metrics/result_1784674922.json,ladder_isoepoch
mnli,prompting,lora,attention,16.0,32.0,2.0,0.0003,50000,high,iso_epoch,44,0.4463338112351462,0.0,6114.4224,20.173519611358643,10092544,9375,mnli_prompting_ladder_isoepoch,mnli_prompting,results/mnli/prompting_ladder_isoepoch/metrics/result_1784675211.json,ladder_isoepoch
mnli,prompting,lora,attention,32.0,64.0,2.0,0.0001,20000,high,iso_epoch,43,0.8879722961517823,0.0,2089.742,19.3563814163208,20185088,3750,mnli_prompting_ladder_isoepoch,mnli_prompting,results/mnli/prompting_ladder_isoepoch/metrics/result_1784675222.json,ladder_isoepoch
mnli,prompting,lora,attention,32.0,64.0,2.0,0.0001,20000,high,iso_epoch,44,0.8699082199082199,0.0,2145.5281,19.431084156036377,20185088,3750,mnli_prompting_ladder_isoepoch,mnli_prompting,results/mnli/prompting_ladder_isoepoch/metrics/result_1784676912.json,ladder_isoepoch
mnli,prompting,lora,attention,32.0,64.0,2.0,0.0003,20000,high,iso_epoch,42,0.901434765325272,0.0,2057.7796,19.3558931350708,20185088,3750,mnli_prompting_ladder_isoepoch,mnli_prompting,results/mnli/prompting_ladder_isoepoch/metrics/result_1784677156.json,ladder_isoepoch
mnli,prompting,lora,attention,32.0,64.0,2.0,0.0003,20000,high,iso_epoch,44,0.8873143935260094,0.0,1946.1437,19.431084156036377,20185088,3750,mnli_prompting_ladder_isoepoch,mnli_prompting,results/mnli/prompting_ladder_isoepoch/metrics/result_1784677373.json,ladder_isoepoch
mnli,prompting,lora,attention,32.0,64.0,2.0,0.0003,20000,high,iso_epoch,43,0.883551031935702,0.0,1976.14,19.3563814163208,20185088,3750,mnli_prompting_ladder_isoepoch,mnli_prompting,results/mnli/prompting_ladder_isoepoch/metrics/result_1784677404.json,ladder_isoepoch
mnli,prompting,lora,attention,32.0,64.0,2.0,0.0001,50000,high,iso_epoch,42,0.8993246646989355,0.0,5868.8059,20.269537448883057,20185088,9375,mnli_prompting_ladder_isoepoch,mnli_prompting,results/mnli/prompting_ladder_isoepoch/metrics/result_1784683073.json,ladder_isoepoch
mnli,prompting,lora,attention,32.0,64.0,2.0,0.0001,50000,high,iso_epoch,44,0.8960973262546136,0.0,6399.7652,20.194347858428955,20185088,9375,mnli_prompting_ladder_isoepoch,mnli_prompting,results/mnli/prompting_ladder_isoepoch/metrics/result_1784684016.json,ladder_isoepoch
mnli,prompting,lora,attention,32.0,64.0,2.0,0.0003,50000,high,iso_epoch,42,0.3906967095802217,0.0,6619.5032,20.269537448883057,20185088,9375,mnli_prompting_ladder_isoepoch,mnli_prompting,results/mnli/prompting_ladder_isoepoch/metrics/result_1784684293.json,ladder_isoepoch
mnli,prompting,lora,attention,64.0,128.0,2.0,0.0001,1000,low,iso_epoch,42,0.8544863100281148,0.0,97.2362,18.56778717041016,40370176,189,mnli_prompting_ladder_isoepoch,mnli_prompting,results/mnli/prompting_ladder_isoepoch/metrics/result_1784684567.json,ladder_isoepoch
mnli,prompting,lora,attention,32.0,64.0,2.0,0.0001,50000,high,iso_epoch,43,0.8855538178670156,0.0,7405.3938,20.269536018371586,20185088,9375,mnli_prompting_ladder_isoepoch,mnli_prompting,results/mnli/prompting_ladder_isoepoch/metrics/result_1784684835.json,ladder_isoepoch
mnli,prompting,lora,attention,64.0,128.0,2.0,0.0001,1000,low,iso_epoch,43,0.8725182433489072,0.0,97.0841,18.56778717041016,40370176,189,mnli_prompting_ladder_isoepoch,mnli_prompting,results/mnli/prompting_ladder_isoepoch/metrics/result_1784684857.json,ladder_isoepoch
mnli,prompting,lora,attention,64.0,128.0,2.0,0.0001,1000,low,iso_epoch,44,0.8636320959645049,0.0,98.8707,18.56778717041016,40370176,189,mnli_prompting_ladder_isoepoch,mnli_prompting,results/mnli/prompting_ladder_isoepoch/metrics/result_1784685189.json,ladder_isoepoch
mnli,prompting,lora,attention,64.0,128.0,2.0,0.0003,1000,low,iso_epoch,42,0.853925342638662,0.0,141.2566,18.56778717041016,40370176,189,mnli_prompting_ladder_isoepoch,mnli_prompting,results/mnli/prompting_ladder_isoepoch/metrics/result_1784685302.json,ladder_isoepoch
mnli,prompting,lora,attention,64.0,128.0,2.0,0.0003,1000,low,iso_epoch,43,0.8682122029619124,0.0,97.2341,18.56778717041016,40370176,189,mnli_prompting_ladder_isoepoch,mnli_prompting,results/mnli/prompting_ladder_isoepoch/metrics/result_1784685504.json,ladder_isoepoch
mnli,prompting,lora,attention,64.0,128.0,2.0,0.0003,1000,low,iso_epoch,44,0.8705914610753039,0.0,100.6766,18.56778717041016,40370176,189,mnli_prompting_ladder_isoepoch,mnli_prompting,results/mnli/prompting_ladder_isoepoch/metrics/result_1784685627.json,ladder_isoepoch
mnli,prompting,lora,attention,64.0,128.0,2.0,0.0001,5000,low,iso_epoch,42,0.8640897813643046,0.0,476.2982,19.58393430709839,40370176,939,mnli_prompting_ladder_isoepoch,mnli_prompting,results/mnli/prompting_ladder_isoepoch/metrics/result_1784686234.json,ladder_isoepoch
mnli,prompting,lora,attention,64.0,128.0,2.0,0.0001,5000,low,iso_epoch,43,0.8699882770876046,0.0,475.5999,19.583667278289795,40370176,939,mnli_prompting_ladder_isoepoch,mnli_prompting,results/mnli/prompting_ladder_isoepoch/metrics/result_1784686303.json,ladder_isoepoch
mnli,prompting,lora,attention,64.0,128.0,2.0,0.0001,5000,low,iso_epoch,44,0.8734008604754969,0.0,474.187,19.584414958953857,40370176,939,mnli_prompting_ladder_isoepoch,mnli_prompting,results/mnli/prompting_ladder_isoepoch/metrics/result_1784687070.json,ladder_isoepoch
mnli,prompting,lora,attention,64.0,128.0,2.0,0.0003,5000,low,iso_epoch,42,0.1713719663199603,0.0,474.5778,19.58393430709839,40370176,939,mnli_prompting_ladder_isoepoch,mnli_prompting,results/mnli/prompting_ladder_isoepoch/metrics/result_1784687084.json,ladder_isoepoch
mnli,prompting,lora,attention,64.0,128.0,2.0,0.0003,5000,low,iso_epoch,44,0.8440988284599444,0.0,468.8497,19.584414958953857,40370176,939,mnli_prompting_ladder_isoepoch,mnli_prompting,results/mnli/prompting_ladder_isoepoch/metrics/result_1784687728.json,ladder_isoepoch
mnli,prompting,lora,attention,64.0,128.0,2.0,0.0003,5000,low,iso_epoch,43,0.86320298438718,0.0,481.2274,19.583667278289795,40370176,939,mnli_prompting_ladder_isoepoch,mnli_prompting,results/mnli/prompting_ladder_isoepoch/metrics/result_1784687733.json,ladder_isoepoch
mnli,prompting,lora,attention,32.0,64.0,2.0,0.0003,50000,high,iso_epoch,43,0.5673231473694047,0.0,5019.4484,20.269536018371586,20185088,9375,mnli_prompting_ladder_isoepoch,mnli_prompting,results/mnli/prompting_ladder_isoepoch/metrics/result_1784688267.json,ladder_isoepoch
mnli,prompting,lora,attention,32.0,64.0,2.0,0.0003,50000,high,iso_epoch,44,0.1763272064911409,0.0,5002.4416,20.194347858428955,20185088,9375,mnli_prompting_ladder_isoepoch,mnli_prompting,results/mnli/prompting_ladder_isoepoch/metrics/result_1784689196.json,ladder_isoepoch
mnli,prompting,lora,attention,64.0,128.0,2.0,0.0001,20000,high,iso_epoch,43,0.8860566239767965,0.0,1874.8578,19.43376636505127,40370176,3750,mnli_prompting_ladder_isoepoch,mnli_prompting,results/mnli/prompting_ladder_isoepoch/metrics/result_1784689835.json,ladder_isoepoch
mnli,prompting,lora,attention,64.0,128.0,2.0,0.0001,20000,high,iso_epoch,42,0.875776531885629,0.0,1942.4494,19.43327808380127,40370176,3750,mnli_prompting_ladder_isoepoch,mnli_prompting,results/mnli/prompting_ladder_isoepoch/metrics/result_1784689901.json,ladder_isoepoch
mnli,prompting,lora,attention,64.0,128.0,2.0,0.0001,20000,high,iso_epoch,44,0.883838383838384,0.0,1920.4747,19.58366441726685,40370176,3750,mnli_prompting_ladder_isoepoch,mnli_prompting,results/mnli/prompting_ladder_isoepoch/metrics/result_1784690377.json,ladder_isoepoch
mnli,prompting,lora,attention,64.0,128.0,2.0,0.0003,20000,high,iso_epoch,42,0.1713719663199603,0.0,1930.1064,19.43327808380127,40370176,3750,mnli_prompting_ladder_isoepoch,mnli_prompting,results/mnli/prompting_ladder_isoepoch/metrics/result_1784691332.json,ladder_isoepoch
mnli,prompting,lora,attention,64.0,128.0,2.0,0.0003,20000,high,iso_epoch,44,0.3752214559522,0.0,1877.7552,19.58366441726685,40370176,3750,mnli_prompting_ladder_isoepoch,mnli_prompting,results/mnli/prompting_ladder_isoepoch/metrics/result_1784691954.json,ladder_isoepoch
mnli,prompting,lora,attention,64.0,128.0,2.0,0.0003,20000,high,iso_epoch,43,0.3920661226003806,0.0,1958.121,19.43376636505127,40370176,3750,mnli_prompting_ladder_isoepoch,mnli_prompting,results/mnli/prompting_ladder_isoepoch/metrics/result_1784692038.json,ladder_isoepoch
mnli,prompting,lora,attention,64.0,128.0,2.0,0.0001,50000,high,iso_epoch,42,0.8913947825574665,0.0,4706.8639,20.422117710113525,40370176,9375,mnli_prompting_ladder_isoepoch,mnli_prompting,results/mnli/prompting_ladder_isoepoch/metrics/result_1784695283.json,ladder_isoepoch
mnli,prompting,lora,attention,64.0,128.0,2.0,0.0001,50000,high,iso_epoch,43,0.8993734575966089,0.0,4802.5628,20.42211627960205,40370176,9375,mnli_prompting_ladder_isoepoch,mnli_prompting,results/mnli/prompting_ladder_isoepoch/metrics/result_1784696322.json,ladder_isoepoch
mnli,prompting,lora,attention,64.0,128.0,2.0,0.0003,50000,high,iso_epoch,42,0.1713719663199603,0.0,4760.6062,20.422117710113525,40370176,9375,mnli_prompting_ladder_isoepoch,mnli_prompting,results/mnli/prompting_ladder_isoepoch/metrics/result_1784696980.json,ladder_isoepoch
mnli,prompting,lora,attention,64.0,128.0,2.0,0.0001,50000,high,iso_epoch,44,0.8853102957354558,0.0,5003.2573,20.271732807159424,40370176,9375,mnli_prompting_ladder_isoepoch,mnli_prompting,results/mnli/prompting_ladder_isoepoch/metrics/result_1784697163.json,ladder_isoepoch
mnli,prompting,lora,attention,64.0,128.0,2.0,0.0003,50000,high,iso_epoch,43,0.3611992945326278,0.0,7412.9631,20.42211627960205,40370176,9375,mnli_prompting_ladder_isoepoch,mnli_prompting,results/mnli/prompting_ladder_isoepoch/metrics/result_1784702914.json,ladder_isoepoch
mnli,prompting,lora,attention,64.0,128.0,2.0,0.0003,50000,high,iso_epoch,44,0.1713719663199603,0.0,8364.9342,20.271732807159424,40370176,9375,mnli_prompting_ladder_isoepoch,mnli_prompting,results/mnli/prompting_ladder_isoepoch/metrics/result_1784704901.json,ladder_isoepoch
mnli,prompting,lora,attention,4.0,8.0,2.0,0.0001,1000,low,iso_epoch,44,0.869553155232715,0.0,97.3314,18.28671264648437,2523136,189,mnli_prompting_ladder_isoepoch,mnli_prompting,results/mnli/prompting_ladder_isoepoch/metrics/result_1785165624072928405_2757149.json,ladder_isoepoch
mnli,prompting,lora,full,4.0,8.0,2.0,0.0001,1000,low,iso_epoch,42,0.8584795662864714,0.0,256.0006,18.35752868652344,10092544,189,mnli_prompting_ladder_isoepoch_full,mnli_prompting,results/mnli/prompting_ladder_isoepoch_full/metrics/result_1785749509661124268_2378560.json,ladder_isoepoch_full
mnli,prompting,lora,full,4.0,8.0,2.0,0.0001,1000,low,iso_epoch,44,0.8758955512666189,0.0,130.3945,18.360435485839844,10092544,189,mnli_prompting_ladder_isoepoch_full,mnli_prompting,results/mnli/prompting_ladder_isoepoch_full/metrics/result_1785749744342709376_56660.json,ladder_isoepoch_full
mnli,prompting,lora,full,4.0,8.0,2.0,0.0001,1000,low,iso_epoch,43,0.8732120202285948,0.0,130.7481,18.35752868652344,10092544,189,mnli_prompting_ladder_isoepoch_full,mnli_prompting,results/mnli/prompting_ladder_isoepoch_full/metrics/result_1785749747557063813_56659.json,ladder_isoepoch_full
mnli,prompting,lora,full,4.0,8.0,2.0,0.0003,1000,low,iso_epoch,42,0.8725272331154684,0.0,132.0582,18.35752868652344,10092544,189,mnli_prompting_ladder_isoepoch_full,mnli_prompting,results/mnli/prompting_ladder_isoepoch_full/metrics/result_1785749751373949689_56780.json,ladder_isoepoch_full
mnli,prompting,lora,full,4.0,8.0,2.0,0.0003,1000,low,iso_epoch,43,0.873426285191416,0.0,130.4693,18.35752868652344,10092544,189,mnli_prompting_ladder_isoepoch_full,mnli_prompting,results/mnli/prompting_ladder_isoepoch_full/metrics/result_1785749841473219621_2385206.json,ladder_isoepoch_full
mnli,prompting,lora,full,4.0,8.0,2.0,0.0003,1000,low,iso_epoch,44,0.8764988540186732,0.0,129.4947,18.360435485839844,10092544,189,mnli_prompting_ladder_isoepoch_full,mnli_prompting,results/mnli/prompting_ladder_isoepoch_full/metrics/result_1785750100077645642_59571.json,ladder_isoepoch_full
mnli,prompting,lora,full,4.0,8.0,2.0,0.0001,5000,low,iso_epoch,43,0.8790340886853745,0.0,674.6496,19.37615537643433,10092544,939,mnli_prompting_ladder_isoepoch_full,mnli_prompting,results/mnli/prompting_ladder_isoepoch_full/metrics/result_1785750723782605240_2386738.json,ladder_isoepoch_full
mnli,prompting,lora,full,4.0,8.0,2.0,0.0001,5000,low,iso_epoch,42,0.8831697242972921,0.0,759.8544,19.37340879440308,10092544,939,mnli_prompting_ladder_isoepoch_full,mnli_prompting,results/mnli/prompting_ladder_isoepoch_full/metrics/result_1785750727467082821_1484149.json,ladder_isoepoch_full
mnli,prompting,lora,full,4.0,8.0,2.0,0.0001,5000,low,iso_epoch,44,0.8926906749123237,0.0,661.525,19.37340879440308,10092544,939,mnli_prompting_ladder_isoepoch_full,mnli_prompting,results/mnli/prompting_ladder_isoepoch_full/metrics/result_1785751014046451954_2388583.json,ladder_isoepoch_full
mnli,prompting,lora,full,4.0,8.0,2.0,0.0003,5000,low,iso_epoch,42,0.8663220840862286,0.0,669.4691,19.37340879440308,10092544,939,mnli_prompting_ladder_isoepoch_full,mnli_prompting,results/mnli/prompting_ladder_isoepoch_full/metrics/result_1785751025031081342_2388584.json,ladder_isoepoch_full
mnli,prompting,lora,full,4.0,8.0,2.0,0.0003,5000,low,iso_epoch,44,0.8628028679078549,0.0,670.1832,19.37340879440308,10092544,939,mnli_prompting_ladder_isoepoch_full,mnli_prompting,results/mnli/prompting_ladder_isoepoch_full/metrics/result_1785751585391583599_2391104.json,ladder_isoepoch_full
mnli,prompting,lora,full,4.0,8.0,2.0,0.0003,5000,low,iso_epoch,43,0.8580387128818661,0.0,666.0346,19.37615537643433,10092544,939,mnli_prompting_ladder_isoepoch_full,mnli_prompting,results/mnli/prompting_ladder_isoepoch_full/metrics/result_1785751590594600997_67566.json,ladder_isoepoch_full
mnli,prompting,lora,full,4.0,8.0,2.0,0.0001,20000,high,iso_epoch,43,0.8883907814607693,0.0,2657.6412,19.33630084991455,10092544,3750,mnli_prompting_ladder_isoepoch_full,mnli_prompting,results/mnli/prompting_ladder_isoepoch_full/metrics/result_1785753904485338972_2392951.json,ladder_isoepoch_full
mnli,prompting,lora,full,4.0,8.0,2.0,0.0001,20000,high,iso_epoch,42,0.8757697883383194,0.0,2672.5249,19.33581256866455,10092544,3750,mnli_prompting_ladder_isoepoch_full,mnli_prompting,results/mnli/prompting_ladder_isoepoch_full/metrics/result_1785753920483727765_2392940.json,ladder_isoepoch_full
mnli,prompting,lora,full,4.0,8.0,2.0,0.0001,20000,high,iso_epoch,44,0.8795635123485197,0.0,2606.1802,19.373405933380127,10092544,3750,mnli_prompting_ladder_isoepoch_full,mnli_prompting,results/mnli/prompting_ladder_isoepoch_full/metrics/result_1785754464134853596_72105.json,ladder_isoepoch_full
mnli,prompting,lora,full,4.0,8.0,2.0,0.0003,20000,high,iso_epoch,42,0.8779037574254778,0.0,2620.2697,19.33581256866455,10092544,3750,mnli_prompting_ladder_isoepoch_full,mnli_prompting,results/mnli/prompting_ladder_isoepoch_full/metrics/result_1785754478388644064_72104.json,ladder_isoepoch_full
mnli,prompting,lora,full,4.0,8.0,2.0,0.0003,20000,high,iso_epoch,43,0.8777870114231577,0.0,2581.8116,19.33630084991455,10092544,3750,mnli_prompting_ladder_isoepoch_full,mnli_prompting,results/mnli/prompting_ladder_isoepoch_full/metrics/result_1785756706801053394_2403614.json,ladder_isoepoch_full
mnli,prompting,lora,full,4.0,8.0,2.0,0.0003,20000,high,iso_epoch,44,0.8821327733382192,0.0,2584.7919,19.373405933380127,10092544,3750,mnli_prompting_ladder_isoepoch_full,mnli_prompting,results/mnli/prompting_ladder_isoepoch_full/metrics/result_1785756712109478597_2403615.json,ladder_isoepoch_full
mnli,prompting,lora,full,4.0,8.0,2.0,0.0001,50000,high,iso_epoch,42,0.8852548036758563,0.0,6462.7532,20.211859226226807,10092544,9375,mnli_prompting_ladder_isoepoch_full,mnli_prompting,results/mnli/prompting_ladder_isoepoch_full/metrics/result_1785761169487681720_84256.json,ladder_isoepoch_full
mnli,prompting,lora,full,4.0,8.0,2.0,0.0001,50000,high,iso_epoch,43,0.8794067046812463,0.0,6467.6769,20.21245288848877,10092544,9375,mnli_prompting_ladder_isoepoch_full,mnli_prompting,results/mnli/prompting_ladder_isoepoch_full/metrics/result_1785761174120847254_84257.json,ladder_isoepoch_full
mnli,prompting,lora,full,4.0,8.0,2.0,0.0001,50000,high,iso_epoch,44,0.8856991510389846,0.0,6340.355,20.174267292022705,10092544,9375,mnli_prompting_ladder_isoepoch_full,mnli_prompting,results/mnli/prompting_ladder_isoepoch_full/metrics/result_1785763475765175719_3422635.json,ladder_isoepoch_full
mnli,prompting,lora,full,8.0,16.0,2.0,0.0001,1000,low,iso_epoch,42,0.8781053351319499,0.0,132.1316,18.42738342285156,20185088,189,mnli_prompting_ladder_isoepoch_full,mnli_prompting,results/mnli/prompting_ladder_isoepoch_full/metrics/result_1785763808312341849_3437699.json,ladder_isoepoch_full
mnli,prompting,lora,full,4.0,8.0,2.0,0.0003,50000,high,iso_epoch,42,0.8957536196146774,0.0,6875.6652,20.211859226226807,10092544,9375,mnli_prompting_ladder_isoepoch_full,mnli_prompting,results/mnli/prompting_ladder_isoepoch_full/metrics/result_1785764013518176952_2413109.json,ladder_isoepoch_full
mnli,prompting,lora,full,8.0,16.0,2.0,0.0001,1000,low,iso_epoch,43,0.8723374537328027,0.0,128.2789,18.42738342285156,20185088,189,mnli_prompting_ladder_isoepoch_full,mnli_prompting,results/mnli/prompting_ladder_isoepoch_full/metrics/result_1785764154596920531_115896.json,ladder_isoepoch_full
mnli,prompting,lora,full,8.0,16.0,2.0,0.0001,1000,low,iso_epoch,44,0.8721815308395066,0.0,129.5929,18.43029022216797,20185088,189,mnli_prompting_ladder_isoepoch_full,mnli_prompting,results/mnli/prompting_ladder_isoepoch_full/metrics/result_1785764345461581110_2437204.json,ladder_isoepoch_full
mnli,prompting,lora,full,8.0,16.0,2.0,0.0003,1000,low,iso_epoch,42,0.8657152864522715,0.0,128.7636,18.42738342285156,20185088,189,mnli_prompting_ladder_isoepoch_full,mnli_prompting,results/mnli/prompting_ladder_isoepoch_full/metrics/result_1785764486141344280_117380.json,ladder_isoepoch_full
mnli,prompting,lora,full,8.0,16.0,2.0,0.0003,1000,low,iso_epoch,43,0.8522124442901392,0.0,130.1528,18.42738342285156,20185088,189,mnli_prompting_ladder_isoepoch_full,mnli_prompting,results/mnli/prompting_ladder_isoepoch_full/metrics/result_1785764748929693069_3870675.json,ladder_isoepoch_full
mnli,prompting,lora,full,8.0,16.0,2.0,0.0003,1000,low,iso_epoch,44,0.8708940648880829,0.0,128.9781,18.43029022216797,20185088,189,mnli_prompting_ladder_isoepoch_full,mnli_prompting,results/mnli/prompting_ladder_isoepoch_full/metrics/result_1785764850867053083_118861.json,ladder_isoepoch_full
mnli,prompting,lora,full,8.0,16.0,2.0,0.0001,5000,low,iso_epoch,42,0.8816724091371979,0.0,639.4132,19.4432635307312,20185088,939,mnli_prompting_ladder_isoepoch_full,mnli_prompting,results/mnli/prompting_ladder_isoepoch_full/metrics/result_1785765583663549970_3872237.json,ladder_isoepoch_full
mnli,prompting,lora,full,8.0,16.0,2.0,0.0001,5000,low,iso_epoch,43,0.8736656731687166,0.0,636.3733,19.44601011276245,20185088,939,mnli_prompting_ladder_isoepoch_full,mnli_prompting,results/mnli/prompting_ladder_isoepoch_full/metrics/result_1785765710753086456_120462.json,ladder_isoepoch_full
mnli,prompting,lora,full,8.0,16.0,2.0,0.0001,5000,low,iso_epoch,44,0.8892737401014964,0.0,644.8145,19.4432635307312,20185088,939,mnli_prompting_ladder_isoepoch_full,mnli_prompting,results/mnli/prompting_ladder_isoepoch_full/metrics/result_1785766430730393946_3875453.json,ladder_isoepoch_full
mnli,prompting,lora,full,8.0,16.0,2.0,0.0003,5000,low,iso_epoch,42,0.8701791161765531,0.0,628.7494,19.4432635307312,20185088,939,mnli_prompting_ladder_isoepoch_full,mnli_prompting,results/mnli/prompting_ladder_isoepoch_full/metrics/result_1785766550663666140_123700.json,ladder_isoepoch_full
mnli,prompting,lora,full,8.0,16.0,2.0,0.0003,5000,low,iso_epoch,43,0.871928425575923,0.0,716.9223,19.44601011276245,20185088,939,mnli_prompting_ladder_isoepoch_full,mnli_prompting,results/mnli/prompting_ladder_isoepoch_full/metrics/result_1785767341119770678_3878832.json,ladder_isoepoch_full
mnli,prompting,lora,full,8.0,16.0,2.0,0.0003,5000,low,iso_epoch,44,0.867350923230863,0.0,675.0295,19.4432635307312,20185088,939,mnli_prompting_ladder_isoepoch_full,mnli_prompting,results/mnli/prompting_ladder_isoepoch_full/metrics/result_1785767443910965326_126124.json,ladder_isoepoch_full
mnli,prompting,lora,full,4.0,8.0,2.0,0.0003,50000,high,iso_epoch,43,0.8880325290884618,0.0,6541.9028,20.21245288848877,10092544,9375,mnli_prompting_ladder_isoepoch_full,mnli_prompting,results/mnli/prompting_ladder_isoepoch_full/metrics/result_1785767908937875852_3857872.json,ladder_isoepoch_full
mnli,prompting,lora,full,4.0,8.0,2.0,0.0003,50000,high,iso_epoch,44,0.1713719663199603,0.0,6541.4344,20.174267292022705,10092544,9375,mnli_prompting_ladder_isoepoch_full,mnli_prompting,results/mnli/prompting_ladder_isoepoch_full/metrics/result_1785767964105638883_106103.json,ladder_isoepoch_full
mnli,prompting,lora,full,8.0,16.0,2.0,0.0001,20000,high,iso_epoch,42,0.8841655278126717,0.0,2598.0411,19.36806964874268,20185088,3750,mnli_prompting_ladder_isoepoch_full,mnli_prompting,results/mnli/prompting_ladder_isoepoch_full/metrics/result_1785770143943347627_3882357.json,ladder_isoepoch_full
mnli,prompting,lora,full,8.0,16.0,2.0,0.0001,20000,high,iso_epoch,43,0.8862697989086493,0.0,2613.9349,19.36855792999268,20185088,3750,mnli_prompting_ladder_isoepoch_full,mnli_prompting,results/mnli/prompting_ladder_isoepoch_full/metrics/result_1785770252193567644_129556.json,ladder_isoepoch_full
mnli,prompting,lora,full,8.0,16.0,2.0,0.0003,20000,high,iso_epoch,42,0.8879389484936119,0.0,2584.3371,19.36806964874268,20185088,3750,mnli_prompting_ladder_isoepoch_full,mnli_prompting,results/mnli/prompting_ladder_isoepoch_full/metrics/result_1785770768466430062_131581.json,ladder_isoepoch_full
mnli,prompting,lora,full,8.0,16.0,2.0,0.0001,20000,high,iso_epoch,44,0.8836958850660261,0.0,2618.608,19.44326066970825,20185088,3750,mnli_prompting_ladder_isoepoch_full,mnli_prompting,results/mnli/prompting_ladder_isoepoch_full/metrics/result_1785770786174564663_3884405.json,ladder_isoepoch_full
mnli,prompting,lora,full,8.0,16.0,2.0,0.0003,20000,high,iso_epoch,44,0.8900392668319657,0.0,2681.6971,19.44326066970825,20185088,3750,mnli_prompting_ladder_isoepoch_full,mnli_prompting,results/mnli/prompting_ladder_isoepoch_full/metrics/result_1785773156475117785_139763.json,ladder_isoepoch_full
mnli,prompting,lora,full,8.0,16.0,2.0,0.0003,20000,high,iso_epoch,43,0.8900662923316643,0.0,2991.6679,19.36855792999268,20185088,3750,mnli_prompting_ladder_isoepoch_full,mnli_prompting,results/mnli/prompting_ladder_isoepoch_full/metrics/result_1785773432834134271_3892179.json,ladder_isoepoch_full
mnli,prompting,lora,full,8.0,16.0,2.0,0.0001,50000,high,iso_epoch,43,0.9019406702277668,0.0,6385.1436,20.28230762481689,20185088,9375,mnli_prompting_ladder_isoepoch_full,mnli_prompting,results/mnli/prompting_ladder_isoepoch_full/metrics/result_1785777542001375136_142749.json,ladder_isoepoch_full
mnli,prompting,lora,full,8.0,16.0,2.0,0.0001,50000,high,iso_epoch,42,0.8918149132117407,0.0,7342.9645,20.28171396255493,20185088,9375,mnli_prompting_ladder_isoepoch_full,mnli_prompting,results/mnli/prompting_ladder_isoepoch_full/metrics/result_1785778492008515569_3895363.json,ladder_isoepoch_full
mnli,prompting,lora,full,8.0,16.0,2.0,0.0003,50000,high,iso_epoch,42,0.3766606972476043,0.0,6400.5969,20.28171396255493,20185088,9375,mnli_prompting_ladder_isoepoch_full,mnli_prompting,results/mnli/prompting_ladder_isoepoch_full/metrics/result_1785780021729782623_881627.json,ladder_isoepoch_full
mnli,prompting,lora,full,16.0,32.0,2.0,0.0001,1000,low,iso_epoch,42,0.8690512913199976,0.0,129.8969,18.60775756835937,40370176,189,mnli_prompting_ladder_isoepoch_full,mnli_prompting,results/mnli/prompting_ladder_isoepoch_full/metrics/result_1785780426603861463_2482364.json,ladder_isoepoch_full
mnli,prompting,lora,full,16.0,32.0,2.0,0.0001,1000,low,iso_epoch,43,0.8638461191709329,0.0,129.6688,18.60693359375,40370176,189,mnli_prompting_ladder_isoepoch_full,mnli_prompting,results/mnli/prompting_ladder_isoepoch_full/metrics/result_1785780784462363177_2483828.json,ladder_isoepoch_full
mnli,prompting,lora,full,16.0,32.0,2.0,0.0001,1000,low,iso_epoch,44,0.8746381799687025,0.0,129.1585,18.60898208618164,40370176,189,mnli_prompting_ladder_isoepoch_full,mnli_prompting,results/mnli/prompting_ladder_isoepoch_full/metrics/result_1785781086356376623_173609.json,ladder_isoepoch_full
mnli,prompting,lora,full,16.0,32.0,2.0,0.0003,1000,low,iso_epoch,42,0.8673601642273093,0.0,129.5955,18.60775756835937,40370176,189,mnli_prompting_ladder_isoepoch_full,mnli_prompting,results/mnli/prompting_ladder_isoepoch_full/metrics/result_1785781461016836657_175027.json,ladder_isoepoch_full
mnli,prompting,lora,full,16.0,32.0,2.0,0.0003,1000,low,iso_epoch,43,0.8636177212317948,0.0,130.3918,18.60693359375,40370176,189,mnli_prompting_ladder_isoepoch_full,mnli_prompting,results/mnli/prompting_ladder_isoepoch_full/metrics/result_1785781808164305266_2486187.json,ladder_isoepoch_full
mnli,prompting,lora,full,16.0,32.0,2.0,0.0003,1000,low,iso_epoch,44,0.8533372607431203,0.0,153.6958,18.60898208618164,40370176,189,mnli_prompting_ladder_isoepoch_full,mnli_prompting,results/mnli/prompting_ladder_isoepoch_full/metrics/result_1785782164357811943_177472.json,ladder_isoepoch_full
mnli,prompting,lora,full,16.0,32.0,2.0,0.0001,5000,low,iso_epoch,42,0.8661568513745785,0.0,629.7299,19.634387493133545,40370176,939,mnli_prompting_ladder_isoepoch_full,mnli_prompting,results/mnli/prompting_ladder_isoepoch_full/metrics/result_1785782995621762673_179711.json,ladder_isoepoch_full
mnli,prompting,lora,full,8.0,16.0,2.0,0.0001,50000,high,iso_epoch,44,0.8834255121488414,0.0,10195.7197,20.20652437210083,20185088,9375,mnli_prompting_ladder_isoepoch_full,mnli_prompting,results/mnli/prompting_ladder_isoepoch_full/metrics/result_1785783567166367835_2469622.json,ladder_isoepoch_full
mnli,prompting,lora,full,16.0,32.0,2.0,0.0001,5000,low,iso_epoch,43,0.8736442668548813,0.0,630.2798,19.63953733444214,40370176,939,mnli_prompting_ladder_isoepoch_full,mnli_prompting,results/mnli/prompting_ladder_isoepoch_full/metrics/result_1785783857466921052_182512.json,ladder_isoepoch_full
mnli,prompting,lora,full,8.0,16.0,2.0,0.0003,50000,high,iso_epoch,43,0.1713719663199603,0.0,6309.2265,20.28230762481689,20185088,9375,mnli_prompting_ladder_isoepoch_full,mnli_prompting,results/mnli/prompting_ladder_isoepoch_full/metrics/result_1785784022056875398_3916096.json,ladder_isoepoch_full
mnli,prompting,lora,full,16.0,32.0,2.0,0.0001,5000,low,iso_epoch,44,0.8831675189295115,0.0,654.602,19.633220195770264,40370176,939,mnli_prompting_ladder_isoepoch_full,mnli_prompting,results/mnli/prompting_ladder_isoepoch_full/metrics/result_1785784458828797225_3933099.json,ladder_isoepoch_full
mnli,prompting,lora,full,16.0,32.0,2.0,0.0003,5000,low,iso_epoch,42,0.8657014805648909,0.0,648.5228,19.634387493133545,40370176,939,mnli_prompting_ladder_isoepoch_full,mnli_prompting,results/mnli/prompting_ladder_isoepoch_full/metrics/result_1785784739465107115_4092598.json,ladder_isoepoch_full
mnli,prompting,lora,full,16.0,32.0,2.0,0.0003,5000,low,iso_epoch,43,0.8675048797899754,0.0,701.7451,19.63953733444214,40370176,939,mnli_prompting_ladder_isoepoch_full,mnli_prompting,results/mnli/prompting_ladder_isoepoch_full/metrics/result_1785784970281379702_3934663.json,ladder_isoepoch_full
mnli,prompting,lora,full,8.0,16.0,2.0,0.0003,50000,high,iso_epoch,44,0.635563352764279,0.0,6473.7979,20.20652437210083,20185088,9375,mnli_prompting_ladder_isoepoch_full,mnli_prompting,results/mnli/prompting_ladder_isoepoch_full/metrics/result_1785785205148998817_3918953.json,ladder_isoepoch_full
mnli,prompting,lora,full,16.0,32.0,2.0,0.0003,5000,low,iso_epoch,44,0.8736711668175982,0.0,689.9124,19.633220195770264,40370176,939,mnli_prompting_ladder_isoepoch_full,mnli_prompting,results/mnli/prompting_ladder_isoepoch_full/metrics/result_1785785437852622032_2496296.json,ladder_isoepoch_full
mnli,prompting,lora,full,16.0,32.0,2.0,0.0001,20000,high,iso_epoch,42,0.8841635890204101,0.0,2527.6027,19.45962238311768,40370176,3750,mnli_prompting_ladder_isoepoch_full,mnli_prompting,results/mnli/prompting_ladder_isoepoch_full/metrics/result_1785787485557445288_3939909.json,ladder_isoepoch_full
mnli,prompting,lora,full,16.0,32.0,2.0,0.0001,20000,high,iso_epoch,43,0.8734077054297565,0.0,2603.8258,19.45962238311768,40370176,3750,mnli_prompting_ladder_isoepoch_full,mnli_prompting,results/mnli/prompting_ladder_isoepoch_full/metrics/result_1785787775375097571_3941340.json,ladder_isoepoch_full
mnli,prompting,lora,full,16.0,32.0,2.0,0.0001,20000,high,iso_epoch,44,0.8782507493864351,0.0,2694.8299,19.625824451446533,40370176,3750,mnli_prompting_ladder_isoepoch_full,mnli_prompting,results/mnli/prompting_ladder_isoepoch_full/metrics/result_1785788090714267376_3942889.json,ladder_isoepoch_full
mnli,prompting,lora,full,16.0,32.0,2.0,0.0003,20000,high,iso_epoch,42,0.8903924288594776,0.0,2630.3158,19.45962238311768,40370176,3750,mnli_prompting_ladder_isoepoch_full,mnli_prompting,results/mnli/prompting_ladder_isoepoch_full/metrics/result_1785788355104131401_2516028.json,ladder_isoepoch_full
mnli,prompting,lora,full,16.0,32.0,2.0,0.0003,20000,high,iso_epoch,44,0.3919323647543016,0.0,2591.5934,19.625824451446533,40370176,3750,mnli_prompting_ladder_isoepoch_full,mnli_prompting,results/mnli/prompting_ladder_isoepoch_full/metrics/result_1785790638938570308_580439.json,ladder_isoepoch_full
mnli,prompting,lora,full,16.0,32.0,2.0,0.0003,20000,high,iso_epoch,43,0.893892906267188,0.0,2902.5759,19.45962238311768,40370176,3750,mnli_prompting_ladder_isoepoch_full,mnli_prompting,results/mnli/prompting_ladder_isoepoch_full/metrics/result_1785790696188946585_3953232.json,ladder_isoepoch_full
mnli,prompting,lora,full,16.0,32.0,2.0,0.0001,50000,high,iso_epoch,42,0.8882365943129402,0.0,6550.9644,20.456195831298828,40370176,9375,mnli_prompting_ladder_isoepoch_full,mnli_prompting,results/mnli/prompting_ladder_isoepoch_full/metrics/result_1785794835206023152_584634.json,ladder_isoepoch_full
mnli,prompting,lora,full,16.0,32.0,2.0,0.0001,50000,high,iso_epoch,43,0.906060606060606,0.0,6544.0611,20.45701837539673,40370176,9375,mnli_prompting_ladder_isoepoch_full,mnli_prompting,results/mnli/prompting_ladder_isoepoch_full/metrics/result_1785795188461424929_2538612.json,ladder_isoepoch_full
mnli,prompting,lora,full,16.0,32.0,2.0,0.0003,50000,high,iso_epoch,42,0.1713719663199603,0.0,6458.6247,20.456195831298828,40370176,9375,mnli_prompting_ladder_isoepoch_full,mnli_prompting,results/mnli/prompting_ladder_isoepoch_full/metrics/result_1785797354874561756_3995545.json,ladder_isoepoch_full
mnli,prompting,lora,full,32.0,64.0,2.0,0.0001,1000,low,iso_epoch,42,0.8658681550520719,0.0,131.0843,18.882976531982425,80740352,189,mnli_prompting_ladder_isoepoch_full,mnli_prompting,results/mnli/prompting_ladder_isoepoch_full/metrics/result_1785797675649147572_695364.json,ladder_isoepoch_full
mnli,prompting,lora,full,32.0,64.0,2.0,0.0001,1000,low,iso_epoch,43,0.8547955082747455,0.0,132.4877,18.879100799560547,80740352,189,mnli_prompting_ladder_isoepoch_full,mnli_prompting,results/mnli/prompting_ladder_isoepoch_full/metrics/result_1785798039201581832_249301.json,ladder_isoepoch_full
mnli,prompting,lora,full,16.0,32.0,2.0,0.0001,50000,high,iso_epoch,44,0.8855292713026653,0.0,7174.4853,20.29807710647583,40370176,9375,mnli_prompting_ladder_isoepoch_full,mnli_prompting,results/mnli/prompting_ladder_isoepoch_full/metrics/result_1785798063162993220_598582.json,ladder_isoepoch_full
mnli,prompting,lora,full,32.0,64.0,2.0,0.0003,1000,low,iso_epoch,42,0.8833255048245329,0.0,132.3282,18.882976531982425,80740352,189,mnli_prompting_ladder_isoepoch_full,mnli_prompting,results/mnli/prompting_ladder_isoepoch_full/metrics/result_1785798396743415407_3708766.json,ladder_isoepoch_full
mnli,prompting,lora,full,32.0,64.0,2.0,0.0001,1000,low,iso_epoch,44,0.8640055005962136,0.0,134.8225,18.886329650878903,80740352,189,mnli_prompting_ladder_isoepoch_full,mnli_prompting,results/mnli/prompting_ladder_isoepoch_full/metrics/result_1785798418225337282_257076.json,ladder_isoepoch_full
mnli,prompting,lora,full,32.0,64.0,2.0,0.0003,1000,low,iso_epoch,44,0.8684993846690928,0.0,132.58,18.886329650878903,80740352,189,mnli_prompting_ladder_isoepoch_full,mnli_prompting,results/mnli/prompting_ladder_isoepoch_full/metrics/result_1785798741204858390_3716706.json,ladder_isoepoch_full
mnli,prompting,lora,full,32.0,64.0,2.0,0.0003,1000,low,iso_epoch,43,0.8442918289743098,0.0,177.7336,18.879100799560547,80740352,189,mnli_prompting_ladder_isoepoch_full,mnli_prompting,results/mnli/prompting_ladder_isoepoch_full/metrics/result_1785798832283829808_263429.json,ladder_isoepoch_full
mnli,prompting,lora,full,32.0,64.0,2.0,0.0001,5000,low,iso_epoch,43,0.8732524887946768,0.0,637.2389,19.899878978729248,80740352,939,mnli_prompting_ladder_isoepoch_full,mnli_prompting,results/mnli/prompting_ladder_isoepoch_full/metrics/result_1785799673653897151_4071641.json,ladder_isoepoch_full
mnli,prompting,lora,full,32.0,64.0,2.0,0.0001,5000,low,iso_epoch,42,0.8585980611604936,0.0,638.9899,19.90468120574951,80740352,939,mnli_prompting_ladder_isoepoch_full,mnli_prompting,results/mnli/prompting_ladder_isoepoch_full/metrics/result_1785799676680817489_4071640.json,ladder_isoepoch_full
mnli,prompting,lora,full,32.0,64.0,2.0,0.0003,5000,low,iso_epoch,42,0.8876871847960074,0.0,658.2915,19.90468120574951,80740352,939,mnli_prompting_ladder_isoepoch_full,mnli_prompting,results/mnli/prompting_ladder_isoepoch_full/metrics/result_1785800632213581352_723385.json,ladder_isoepoch_full
mnli,prompting,lora,full,32.0,64.0,2.0,0.0001,5000,low,iso_epoch,44,0.8685285875922434,0.0,660.3932,19.89817762374878,80740352,939,mnli_prompting_ladder_isoepoch_full,mnli_prompting,results/mnli/prompting_ladder_isoepoch_full/metrics/result_1785800637443887023_723386.json,ladder_isoepoch_full
mnli,prompting,lora,full,32.0,64.0,2.0,0.0003,5000,low,iso_epoch,44,0.1713719663199603,0.0,782.1714,19.89817762374878,80740352,939,mnli_prompting_ladder_isoepoch_full,mnli_prompting,results/mnli/prompting_ladder_isoepoch_full/metrics/result_1785801648303320278_730552.json,ladder_isoepoch_full
mnli,prompting,lora,full,32.0,64.0,2.0,0.0003,5000,low,iso_epoch,43,0.1713719663199603,0.0,780.1523,19.899878978729248,80740352,939,mnli_prompting_ladder_isoepoch_full,mnli_prompting,results/mnli/prompting_ladder_isoepoch_full/metrics/result_1785801660295214811_4108587.json,ladder_isoepoch_full
mnli,prompting,lora,full,16.0,32.0,2.0,0.0003,50000,high,iso_epoch,43,0.1713719663199603,0.0,7093.9745,20.45701837539673,40370176,9375,mnli_prompting_ladder_isoepoch_full,mnli_prompting,results/mnli/prompting_ladder_isoepoch_full/metrics/result_1785802074580288206_4179569.json,ladder_isoepoch_full
mnli,prompting,lora,full,16.0,32.0,2.0,0.0003,50000,high,iso_epoch,44,0.1713719663199603,0.0,7131.0375,20.29807710647583,40370176,9375,mnli_prompting_ladder_isoepoch_full,mnli_prompting,results/mnli/prompting_ladder_isoepoch_full/metrics/result_1785802548627005864_7981.json,ladder_isoepoch_full
mnli,prompting,lora,full,32.0,64.0,2.0,0.0001,20000,high,iso_epoch,43,0.8858292790917184,0.0,2634.4557,19.584694862365723,80740352,3750,mnli_prompting_ladder_isoepoch_full,mnli_prompting,results/mnli/prompting_ladder_isoepoch_full/metrics/result_1785804524067794436_4124234.json,ladder_isoepoch_full
mnli,prompting,lora,full,32.0,64.0,2.0,0.0001,20000,high,iso_epoch,42,0.8843700425490623,0.0,2639.5577,19.584450721740723,80740352,3750,mnli_prompting_ladder_isoepoch_full,mnli_prompting,results/mnli/prompting_ladder_isoepoch_full/metrics/result_1785804532822281815_4124233.json,ladder_isoepoch_full
mnli,prompting,lora,full,32.0,64.0,2.0,0.0001,20000,high,iso_epoch,44,0.8782307147912244,0.0,2623.4975,19.91595888137817,80740352,3750,mnli_prompting_ladder_isoepoch_full,mnli_prompting,results/mnli/prompting_ladder_isoepoch_full/metrics/result_1785804936984602893_193980.json,ladder_isoepoch_full
mnli,prompting,lora,full,32.0,64.0,2.0,0.0003,20000,high,iso_epoch,42,0.1713719663199603,0.0,2626.0144,19.584450721740723,80740352,3750,mnli_prompting_ladder_isoepoch_full,mnli_prompting,results/mnli/prompting_ladder_isoepoch_full/metrics/result_1785805385352237666_207001.json,ladder_isoepoch_full
mnli,prompting,lora,full,32.0,64.0,2.0,0.0003,20000,high,iso_epoch,44,0.1713719663199603,0.0,2585.4512,19.91595888137817,80740352,3750,mnli_prompting_ladder_isoepoch_full,mnli_prompting,results/mnli/prompting_ladder_isoepoch_full/metrics/result_1785807320038893578_4146151.json,ladder_isoepoch_full
mnli,prompting,lora,full,32.0,64.0,2.0,0.0003,20000,high,iso_epoch,43,0.3196916642349965,0.0,2601.2105,19.584694862365723,80740352,3750,mnli_prompting_ladder_isoepoch_full,mnli_prompting,results/mnli/prompting_ladder_isoepoch_full/metrics/result_1785807336344409383_4146150.json,ladder_isoepoch_full
mnli,prompting,lora,full,32.0,64.0,2.0,0.0001,50000,high,iso_epoch,42,0.8902341143251359,0.0,6839.9535,20.732555389404297,80740352,9375,mnli_prompting_ladder_isoepoch_full,mnli_prompting,results/mnli/prompting_ladder_isoepoch_full/metrics/result_1785812031613879317_227077.json,ladder_isoepoch_full
mnli,prompting,lora,full,32.0,64.0,2.0,0.0001,50000,high,iso_epoch,43,0.9001275289190738,0.0,6835.3052,20.727537631988525,80740352,9375,mnli_prompting_ladder_isoepoch_full,mnli_prompting,results/mnli/prompting_ladder_isoepoch_full/metrics/result_1785812454692132684_231387.json,ladder_isoepoch_full
mnli,prompting,lora,full,32.0,64.0,2.0,0.0001,50000,high,iso_epoch,44,0.8999039917285181,0.0,6476.9286,20.4226016998291,80740352,9375,mnli_prompting_ladder_isoepoch_full,mnli_prompting,results/mnli/prompting_ladder_isoepoch_full/metrics/result_1785814017532610252_4175839.json,ladder_isoepoch_full
mnli,prompting,lora,full,32.0,64.0,2.0,0.0003,50000,high,iso_epoch,42,0.2247823126814061,0.0,6518.1062,20.732555389404297,80740352,9375,mnli_prompting_ladder_isoepoch_full,mnli_prompting,results/mnli/prompting_ladder_isoepoch_full/metrics/result_1785814073970417533_4175840.json,ladder_isoepoch_full
mnli,prompting,lora,full,64.0,128.0,2.0,0.0001,1000,low,iso_epoch,43,0.8549614041917408,0.0,133.9943,19.48617553710937,161480704,189,mnli_prompting_ladder_isoepoch_full,mnli_prompting,results/mnli/prompting_ladder_isoepoch_full/metrics/result_1785814454990903991_2730699.json,ladder_isoepoch_full
mnli,prompting,lora,full,64.0,128.0,2.0,0.0001,1000,low,iso_epoch,42,0.8725017266683933,0.0,139.8643,19.4858627319336,161480704,189,mnli_prompting_ladder_isoepoch_full,mnli_prompting,results/mnli/prompting_ladder_isoepoch_full/metrics/result_1785814462643736833_2730698.json,ladder_isoepoch_full
mnli,prompting,lora,full,64.0,128.0,2.0,0.0001,1000,low,iso_epoch,44,0.8572263593784397,0.0,135.5644,19.502094268798828,161480704,189,mnli_prompting_ladder_isoepoch_full,mnli_prompting,results/mnli/prompting_ladder_isoepoch_full/metrics/result_1785814816936853246_2752895.json,ladder_isoepoch_full
mnli,prompting,lora,full,64.0,128.0,2.0,0.0003,1000,low,iso_epoch,42,0.8489852734765334,0.0,136.0604,19.4858627319336,161480704,189,mnli_prompting_ladder_isoepoch_full,mnli_prompting,results/mnli/prompting_ladder_isoepoch_full/metrics/result_1785814820024581109_2752894.json,ladder_isoepoch_full
mnli,prompting,lora,full,64.0,128.0,2.0,0.0003,1000,low,iso_epoch,44,0.8606267954128483,0.0,133.8599,19.502094268798828,161480704,189,mnli_prompting_ladder_isoepoch_full,mnli_prompting,results/mnli/prompting_ladder_isoepoch_full/metrics/result_1785815208468323341_4086549.json,ladder_isoepoch_full
mnli,prompting,lora,full,64.0,128.0,2.0,0.0003,1000,low,iso_epoch,43,0.8502429465896514,0.0,164.7958,19.48617553710937,161480704,189,mnli_prompting_ladder_isoepoch_full,mnli_prompting,results/mnli/prompting_ladder_isoepoch_full/metrics/result_1785815238879662574_1468169.json,ladder_isoepoch_full
mnli,prompting,lora,full,64.0,128.0,2.0,0.0001,5000,low,iso_epoch,42,0.8678976673139202,0.0,669.1447,20.52484035491944,161480704,939,mnli_prompting_ladder_isoepoch_full,mnli_prompting,results/mnli/prompting_ladder_isoepoch_full/metrics/result_1785816122536386047_1478299.json,ladder_isoepoch_full
mnli,prompting,lora,full,64.0,128.0,2.0,0.0001,5000,low,iso_epoch,43,0.8581382262162577,0.0,776.0034,20.49303388595581,161480704,939,mnli_prompting_ladder_isoepoch_full,mnli_prompting,results/mnli/prompting_ladder_isoepoch_full/metrics/result_1785816313653757285_4095760.json,ladder_isoepoch_full
mnli,prompting,lora,full,64.0,128.0,2.0,0.0001,5000,low,iso_epoch,44,0.8752858035778505,0.0,649.8495,20.49828290939331,161480704,939,mnli_prompting_ladder_isoepoch_full,mnli_prompting,results/mnli/prompting_ladder_isoepoch_full/metrics/result_1785817005076008167_1497067.json,ladder_isoepoch_full
mnli,prompting,lora,full,64.0,128.0,2.0,0.0003,5000,low,iso_epoch,42,0.1713719663199603,0.0,1017.6706,20.52484035491944,161480704,939,mnli_prompting_ladder_isoepoch_full,mnli_prompting,results/mnli/prompting_ladder_isoepoch_full/metrics/result_1785817624199480961_4112845.json,ladder_isoepoch_full
mnli,prompting,lora,full,64.0,128.0,2.0,0.0003,5000,low,iso_epoch,43,0.1713719663199603,0.0,736.6526,20.49303388595581,161480704,939,mnli_prompting_ladder_isoepoch_full,mnli_prompting,results/mnli/prompting_ladder_isoepoch_full/metrics/result_1785817951146436246_1508320.json,ladder_isoepoch_full
mnli,prompting,lora,full,64.0,128.0,2.0,0.0003,5000,low,iso_epoch,44,0.1713719663199603,0.0,642.1253,20.49828290939331,161480704,939,mnli_prompting_ladder_isoepoch_full,mnli_prompting,results/mnli/prompting_ladder_isoepoch_full/metrics/result_1785818492989326512_45433.json,ladder_isoepoch_full
mnli,prompting,lora,full,32.0,64.0,2.0,0.0003,50000,high,iso_epoch,43,0.3941294982323763,0.0,6570.3664,20.729288578033447,80740352,9375,mnli_prompting_ladder_isoepoch_full,mnli_prompting,results/mnli/prompting_ladder_isoepoch_full/metrics/result_1785818872185851999_4193826.json,ladder_isoepoch_full
mnli,prompting,lora,full,32.0,64.0,2.0,0.0003,50000,high,iso_epoch,44,0.1713719663199603,0.0,6954.9847,20.4226016998291,80740352,9375,mnli_prompting_ladder_isoepoch_full,mnli_prompting,results/mnli/prompting_ladder_isoepoch_full/metrics/result_1785819675624605902_356883.json,ladder_isoepoch_full
mnli,prompting,lora,full,64.0,128.0,2.0,0.0001,20000,high,iso_epoch,42,0.8902341143251359,0.0,2708.4549,19.965770721435547,161480704,3750,mnli_prompting_ladder_isoepoch_full,mnli_prompting,results/mnli/prompting_ladder_isoepoch_full/metrics/result_1785820939383966971_1530545.json,ladder_isoepoch_full
mnli,prompting,lora,full,64.0,128.0,2.0,0.0001,20000,high,iso_epoch,43,0.8860613413329069,0.0,2666.0153,19.887974739074707,161480704,3750,mnli_prompting_ladder_isoepoch_full,mnli_prompting,results/mnli/prompting_ladder_isoepoch_full/metrics/result_1785821374268661861_48657.json,ladder_isoepoch_full
mnli,prompting,lora,full,64.0,128.0,2.0,0.0001,20000,high,iso_epoch,44,0.8906950648471376,0.0,2969.4133,20.536926746368408,161480704,3750,mnli_prompting_ladder_isoepoch_full,mnli_prompting,results/mnli/prompting_ladder_isoepoch_full/metrics/result_1785822122716587371_53369.json,ladder_isoepoch_full
mnli,prompting,lora,full,64.0,128.0,2.0,0.0003,20000,high,iso_epoch,42,0.1713719663199603,0.0,3148.4314,19.965770721435547,161480704,3750,mnli_prompting_ladder_isoepoch_full,mnli_prompting,results/mnli/prompting_ladder_isoepoch_full/metrics/result_1785823131952026912_506105.json,ladder_isoepoch_full
mnli,prompting,lora,full,64.0,128.0,2.0,0.0003,20000,high,iso_epoch,43,0.3132736123041682,0.0,2606.9143,19.887974739074707,161480704,3750,mnli_prompting_ladder_isoepoch_full,mnli_prompting,results/mnli/prompting_ladder_isoepoch_full/metrics/result_1785823771610723347_836941.json,ladder_isoepoch_full
mnli,prompting,lora,full,64.0,128.0,2.0,0.0003,20000,high,iso_epoch,44,0.1713719663199603,0.0,2760.4867,20.536926746368408,161480704,3750,mnli_prompting_ladder_isoepoch_full,mnli_prompting,results/mnli/prompting_ladder_isoepoch_full/metrics/result_1785825138754357454_614160.json,ladder_isoepoch_full
mnli,prompting,lora,full,64.0,128.0,2.0,0.0001,50000,high,iso_epoch,43,0.8800840104986024,0.0,6462.0843,21.329779148101807,161480704,9375,mnli_prompting_ladder_isoepoch_full,mnli_prompting,results/mnli/prompting_ladder_isoepoch_full/metrics/result_1785830299874231422_631312.json,ladder_isoepoch_full
mnli,prompting,lora,full,64.0,128.0,2.0,0.0001,50000,high,iso_epoch,44,0.8857190070671539,0.0,6454.6963,20.72760581970215,161480704,9375,mnli_prompting_ladder_isoepoch_full,mnli_prompting,results/mnli/prompting_ladder_isoepoch_full/metrics/result_1785830447987402709_623177.json,ladder_isoepoch_full
mnli,prompting,lora,full,64.0,128.0,2.0,0.0003,50000,high,iso_epoch,42,0.1713719663199603,0.0,6387.8335,21.34105682373047,161480704,9375,mnli_prompting_ladder_isoepoch_full,mnli_prompting,results/mnli/prompting_ladder_isoepoch_full/metrics/result_1785831758153319607_637240.json,ladder_isoepoch_full
mnli,prompting,lora,full,64.0,128.0,2.0,0.0001,50000,high,iso_epoch,42,0.8838032461579334,0.0,9812.0549,21.34105682373047,161480704,9375,mnli_prompting_ladder_isoepoch_full,mnli_prompting,results/mnli/prompting_ladder_isoepoch_full/metrics/result_1785832306900346281_1638414.json,ladder_isoepoch_full
mnli,prompting,lora,full,64.0,128.0,2.0,0.0003,50000,high,iso_epoch,43,0.1713719663199603,0.0,6461.9774,21.329779148101807,161480704,9375,mnli_prompting_ladder_isoepoch_full,mnli_prompting,results/mnli/prompting_ladder_isoepoch_full/metrics/result_1785836967478800164_650627.json,ladder_isoepoch_full
mnli,prompting,lora,full,64.0,128.0,2.0,0.0003,50000,high,iso_epoch,44,0.1713719663199603,0.0,6459.6343,20.72760581970215,161480704,9375,mnli_prompting_ladder_isoepoch_full,mnli_prompting,results/mnli/prompting_ladder_isoepoch_full/metrics/result_1785837174546705238_642919.json,ladder_isoepoch_full
mnli,prompting,lora,full,64.0,128.0,2.0,0.0005,1000,low,iso_epoch,42,0.1713719663199603,0.0,134.9571,19.4858627319336,161480704,189,mnli_prompting_ladder_isoepoch_full_r64_lr5e4,mnli_prompting,results/mnli/prompting_ladder_isoepoch_full_r64_lr5e4/metrics/result_1786086441768561112_306874.json,ladder_isoepoch_full_r64_lr5e4
mnli,prompting,lora,full,64.0,128.0,2.0,0.0005,1000,low,iso_epoch,43,0.1713719663199603,0.0,133.0802,19.48617553710937,161480704,189,mnli_prompting_ladder_isoepoch_full_r64_lr5e4,mnli_prompting,results/mnli/prompting_ladder_isoepoch_full_r64_lr5e4/metrics/result_1786086796584679581_308228.json,ladder_isoepoch_full_r64_lr5e4
mnli,prompting,lora,full,64.0,128.0,2.0,0.0005,1000,low,iso_epoch,44,0.8310885205074072,0.0,135.1099,19.502094268798828,161480704,189,mnli_prompting_ladder_isoepoch_full_r64_lr5e4,mnli_prompting,results/mnli/prompting_ladder_isoepoch_full_r64_lr5e4/metrics/result_1786087160890095177_309618.json,ladder_isoepoch_full_r64_lr5e4
mnli,prompting,lora,full,64.0,128.0,2.0,0.0005,5000,low,iso_epoch,42,0.1713719663199603,0.0,648.0637,20.52484035491944,161480704,939,mnli_prompting_ladder_isoepoch_full_r64_lr5e4,mnli_prompting,results/mnli/prompting_ladder_isoepoch_full_r64_lr5e4/metrics/result_1786088384486090935_312323.json,ladder_isoepoch_full_r64_lr5e4
mnli,prompting,lora,full,64.0,128.0,2.0,0.0005,5000,low,iso_epoch,43,0.1713719663199603,0.0,654.5449,20.49303388595581,161480704,939,mnli_prompting_ladder_isoepoch_full_r64_lr5e4,mnli_prompting,results/mnli/prompting_ladder_isoepoch_full_r64_lr5e4/metrics/result_1786088388716138202_312322.json,ladder_isoepoch_full_r64_lr5e4
mnli,prompting,lora,full,64.0,128.0,2.0,0.0005,5000,low,iso_epoch,44,0.1713719663199603,0.0,647.1954,20.49828290939331,161480704,939,mnli_prompting_ladder_isoepoch_full_r64_lr5e4,mnli_prompting,results/mnli/prompting_ladder_isoepoch_full_r64_lr5e4/metrics/result_1786089310897291241_315502.json,ladder_isoepoch_full_r64_lr5e4
mnli,prompting,lora,full,64.0,128.0,2.0,0.0005,20000,high,iso_epoch,42,0.1713719663199603,0.0,2639.4927,19.965770721435547,161480704,3750,mnli_prompting_ladder_isoepoch_full_r64_lr5e4,mnli_prompting,results/mnli/prompting_ladder_isoepoch_full_r64_lr5e4/metrics/result_1786091303502810171_315503.json,ladder_isoepoch_full_r64_lr5e4
mnli,prompting,lora,full,64.0,128.0,2.0,0.0005,20000,high,iso_epoch,43,0.1713719663199603,0.0,2639.0944,19.887974739074707,161480704,3750,mnli_prompting_ladder_isoepoch_full_r64_lr5e4,mnli_prompting,results/mnli/prompting_ladder_isoepoch_full_r64_lr5e4/metrics/result_1786092245126110651_318906.json,ladder_isoepoch_full_r64_lr5e4
mnli,prompting,lora,full,64.0,128.0,2.0,0.0005,20000,high,iso_epoch,44,0.1713719663199603,0.0,2699.33,20.536926746368408,161480704,3750,mnli_prompting_ladder_isoepoch_full_r64_lr5e4,mnli_prompting,results/mnli/prompting_ladder_isoepoch_full_r64_lr5e4/metrics/result_1786092789738871264_321094.json,ladder_isoepoch_full_r64_lr5e4
mnli,prompting,lora,full,64.0,128.0,2.0,0.0005,50000,high,iso_epoch,42,0.1713719663199603,0.0,6665.6301,21.34105682373047,161480704,9375,mnli_prompting_ladder_isoepoch_full_r64_lr5e4,mnli_prompting,results/mnli/prompting_ladder_isoepoch_full_r64_lr5e4/metrics/result_1786098280122085543_2506826.json,ladder_isoepoch_full_r64_lr5e4
mnli,prompting,lora,full,64.0,128.0,2.0,0.0005,50000,high,iso_epoch,43,0.1713719663199603,0.0,6788.7846,21.329779148101807,161480704,9375,mnli_prompting_ladder_isoepoch_full_r64_lr5e4,mnli_prompting,results/mnli/prompting_ladder_isoepoch_full_r64_lr5e4/metrics/result_1786098396462536339_324863.json,ladder_isoepoch_full_r64_lr5e4
mnli,prompting,lora,full,64.0,128.0,2.0,0.0005,50000,high,iso_epoch,44,0.1713719663199603,0.0,8089.0107,20.72760581970215,161480704,9375,mnli_prompting_ladder_isoepoch_full_r64_lr5e4,mnli_prompting,results/mnli/prompting_ladder_isoepoch_full_r64_lr5e4/metrics/result_1786100650668711767_3247988.json,ladder_isoepoch_full_r64_lr5e4
mnli,prompting,lora,attention,64.0,128.0,2.0,0.0005,1000,low,iso_epoch,42,0.8566864648394015,0.0,100.8063,18.56778717041016,40370176,189,mnli_prompting_ladder_isoepoch_r64_lr5e4,mnli_prompting,results/mnli/prompting_ladder_isoepoch_r64_lr5e4/metrics/result_1786040510033647103_2938719.json,ladder_isoepoch_r64_lr5e4
mnli,prompting,lora,attention,64.0,128.0,2.0,0.0005,1000,low,iso_epoch,43,0.8616553391670934,0.0,99.5463,18.56778717041016,40370176,189,mnli_prompting_ladder_isoepoch_r64_lr5e4,mnli_prompting,results/mnli/prompting_ladder_isoepoch_r64_lr5e4/metrics/result_1786040565952760241_2291215.json,ladder_isoepoch_r64_lr5e4
mnli,prompting,lora,attention,64.0,128.0,2.0,0.0005,1000,low,iso_epoch,44,0.8677017853335595,0.0,101.1423,18.56778717041016,40370176,189,mnli_prompting_ladder_isoepoch_r64_lr5e4,mnli_prompting,results/mnli/prompting_ladder_isoepoch_r64_lr5e4/metrics/result_1786040804894029514_2940046.json,ladder_isoepoch_r64_lr5e4
mnli,prompting,lora,attention,64.0,128.0,2.0,0.0005,5000,low,iso_epoch,42,0.1713719663199603,0.0,488.2267,19.58393430709839,40370176,939,mnli_prompting_ladder_isoepoch_r64_lr5e4,mnli_prompting,results/mnli/prompting_ladder_isoepoch_r64_lr5e4/metrics/result_1786041517966171864_2941470.json,ladder_isoepoch_r64_lr5e4
mnli,prompting,lora,attention,64.0,128.0,2.0,0.0005,5000,low,iso_epoch,43,0.1713719663199603,0.0,490.7928,19.583667278289795,40370176,939,mnli_prompting_ladder_isoepoch_r64_lr5e4,mnli_prompting,results/mnli/prompting_ladder_isoepoch_r64_lr5e4/metrics/result_1786042188275648245_2943562.json,ladder_isoepoch_r64_lr5e4
mnli,prompting,lora,attention,64.0,128.0,2.0,0.0005,5000,low,iso_epoch,44,0.1713719663199603,0.0,489.3585,19.584414958953857,40370176,939,mnli_prompting_ladder_isoepoch_r64_lr5e4,mnli_prompting,results/mnli/prompting_ladder_isoepoch_r64_lr5e4/metrics/result_1786042895122886314_2945827.json,ladder_isoepoch_r64_lr5e4
mnli,prompting,lora,attention,64.0,128.0,2.0,0.0005,20000,high,iso_epoch,42,0.1713719663199603,0.0,1942.3748,19.43327808380127,40370176,3750,mnli_prompting_ladder_isoepoch_r64_lr5e4,mnli_prompting,results/mnli/prompting_ladder_isoepoch_r64_lr5e4/metrics/result_1786045150363160451_2948228.json,ladder_isoepoch_r64_lr5e4
mnli,prompting,lora,attention,64.0,128.0,2.0,0.0005,20000,high,iso_epoch,43,0.1713719663199603,0.0,1969.4613,19.43376636505127,40370176,3750,mnli_prompting_ladder_isoepoch_r64_lr5e4,mnli_prompting,results/mnli/prompting_ladder_isoepoch_r64_lr5e4/metrics/result_1786069540724015341_237532.json,ladder_isoepoch_r64_lr5e4
mnli,prompting,lora,attention,64.0,128.0,2.0,0.0005,20000,high,iso_epoch,44,0.1713719663199603,0.0,1955.6055,19.58366441726685,40370176,3750,mnli_prompting_ladder_isoepoch_r64_lr5e4,mnli_prompting,results/mnli/prompting_ladder_isoepoch_r64_lr5e4/metrics/result_1786075157060419321_267037.json,ladder_isoepoch_r64_lr5e4
mnli,prompting,lora,attention,64.0,128.0,2.0,0.0005,50000,high,iso_epoch,42,0.1713719663199603,0.0,4890.5574,20.422117710113525,40370176,9375,mnli_prompting_ladder_isoepoch_r64_lr5e4,mnli_prompting,results/mnli/prompting_ladder_isoepoch_r64_lr5e4/metrics/result_1786080399104015923_272525.json,ladder_isoepoch_r64_lr5e4
mnli,prompting,lora,attention,64.0,128.0,2.0,0.0005,50000,high,iso_epoch,43,0.1713719663199603,0.0,4911.1753,20.42211627960205,40370176,9375,mnli_prompting_ladder_isoepoch_r64_lr5e4,mnli_prompting,results/mnli/prompting_ladder_isoepoch_r64_lr5e4/metrics/result_1786087351477462374_296759.json,ladder_isoepoch_r64_lr5e4
mnli,prompting,lora,attention,64.0,128.0,2.0,0.0005,50000,high,iso_epoch,44,0.1713719663199603,0.0,5035.3836,20.271732807159424,40370176,9375,mnli_prompting_ladder_isoepoch_r64_lr5e4,mnli_prompting,results/mnli/prompting_ladder_isoepoch_r64_lr5e4/metrics/result_1786089863773321657_302861.json,ladder_isoepoch_r64_lr5e4
mnli,prompting,lora,attention,4.0,8.0,2.0,0.0001,1000,low,iso_step,43,0.850239651416122,0.0,490.3351,18.28671264648437,2523136,938,mnli_prompting_ladder_isostep,mnli_prompting,results/mnli/prompting_ladder_isostep/metrics/result_1784623513.json,ladder_isostep
mnli,prompting,lora,attention,4.0,8.0,2.0,0.0001,1000,low,iso_step,42,0.8663463754750018,0.0,494.4936,18.28671264648437,2523136,938,mnli_prompting_ladder_isostep,mnli_prompting,results/mnli/prompting_ladder_isostep/metrics/result_1784623514.json,ladder_isostep
mnli,prompting,lora,attention,4.0,8.0,2.0,0.0001,1000,low,iso_step,44,0.8497173486602662,0.0,500.2163,18.28671264648437,2523136,938,mnli_prompting_ladder_isostep,mnli_prompting,results/mnli/prompting_ladder_isostep/metrics/result_1784623517.json,ladder_isostep
mnli,prompting,lora,attention,4.0,8.0,2.0,0.0003,1000,low,iso_step,42,0.8622774226419437,0.0,597.7922,18.28671264648437,2523136,938,mnli_prompting_ladder_isostep,mnli_prompting,results/mnli/prompting_ladder_isostep/metrics/result_1784623574.json,ladder_isostep
mnli,prompting,lora,attention,4.0,8.0,2.0,0.0001,5000,low,iso_step,43,0.8859777003992395,0.0,476.2114,19.302592754364014,2523136,938,mnli_prompting_ladder_isostep,mnli_prompting,results/mnli/prompting_ladder_isostep/metrics/result_1784624214.json,ladder_isostep
mnli,prompting,lora,attention,4.0,8.0,2.0,0.0001,5000,low,iso_step,42,0.8870752303173886,0.0,472.6162,19.302592754364014,2523136,938,mnli_prompting_ladder_isostep,mnli_prompting,results/mnli/prompting_ladder_isostep/metrics/result_1784624216.json,ladder_isostep
mnli,prompting,lora,attention,4.0,8.0,2.0,0.0003,1000,low,iso_step,44,0.8437399325576812,0.0,475.8588,18.28671264648437,2523136,938,mnli_prompting_ladder_isostep,mnli_prompting,results/mnli/prompting_ladder_isostep/metrics/result_1784624219.json,ladder_isostep
mnli,prompting,lora,attention,4.0,8.0,2.0,0.0003,1000,low,iso_step,43,0.854671773926155,0.0,481.5576,18.28671264648437,2523136,938,mnli_prompting_ladder_isostep,mnli_prompting,results/mnli/prompting_ladder_isostep/metrics/result_1784624226.json,ladder_isostep
mnli,prompting,lora,attention,4.0,8.0,2.0,0.0003,5000,low,iso_step,44,0.8805070174693554,0.0,470.0236,19.303081035614014,2523136,938,mnli_prompting_ladder_isostep,mnli_prompting,results/mnli/prompting_ladder_isostep/metrics/result_1784624872.json,ladder_isostep
mnli,prompting,lora,attention,4.0,8.0,2.0,0.0001,5000,low,iso_step,44,0.8848219638976755,0.0,468.9185,19.303081035614014,2523136,938,mnli_prompting_ladder_isostep,mnli_prompting,results/mnli/prompting_ladder_isostep/metrics/result_1784624893.json,ladder_isostep
mnli,prompting,lora,attention,4.0,8.0,2.0,0.0003,5000,low,iso_step,42,0.8734396517539625,0.0,468.8206,19.302592754364014,2523136,938,mnli_prompting_ladder_isostep,mnli_prompting,results/mnli/prompting_ladder_isostep/metrics/result_1784624895.json,ladder_isostep
mnli,prompting,lora,attention,4.0,8.0,2.0,0.0003,5000,low,iso_step,43,0.8751659287784523,0.0,476.8502,19.302592754364014,2523136,938,mnli_prompting_ladder_isostep,mnli_prompting,results/mnli/prompting_ladder_isostep/metrics/result_1784624916.json,ladder_isostep
mnli,prompting,lora,attention,4.0,8.0,2.0,0.0001,20000,high,iso_step,43,0.8870994080424577,0.0,472.6278,19.293678760528564,2523136,938,mnli_prompting_ladder_isostep,mnli_prompting,results/mnli/prompting_ladder_isostep/metrics/result_1784625677.json,ladder_isostep
mnli,prompting,lora,attention,4.0,8.0,2.0,0.0001,20000,high,iso_step,42,0.8831259007952131,0.0,474.2616,19.29319190979004,2523136,938,mnli_prompting_ladder_isostep,mnli_prompting,results/mnli/prompting_ladder_isostep/metrics/result_1784625680.json,ladder_isostep
mnli,prompting,lora,attention,4.0,8.0,2.0,0.0001,20000,high,iso_step,44,0.8703881334556082,0.0,481.7626,18.76231336593628,2523136,938,mnli_prompting_ladder_isostep,mnli_prompting,results/mnli/prompting_ladder_isostep/metrics/result_1784625688.json,ladder_isostep
mnli,prompting,lora,attention,4.0,8.0,2.0,0.0003,20000,high,iso_step,42,0.8834734701918542,0.0,471.9879,19.29319190979004,2523136,938,mnli_prompting_ladder_isostep,mnli_prompting,results/mnli/prompting_ladder_isostep/metrics/result_1784625735.json,ladder_isostep
mnli,prompting,lora,attention,4.0,8.0,2.0,0.0003,20000,high,iso_step,43,0.8953886464146382,0.0,469.1124,19.293678760528564,2523136,938,mnli_prompting_ladder_isostep,mnli_prompting,results/mnli/prompting_ladder_isostep/metrics/result_1784626412.json,ladder_isostep
mnli,prompting,lora,attention,4.0,8.0,2.0,0.0003,20000,high,iso_step,44,0.8832176589196646,0.0,470.8411,18.76231336593628,2523136,938,mnli_prompting_ladder_isostep,mnli_prompting,results/mnli/prompting_ladder_isostep/metrics/result_1784626414.json,ladder_isostep
mnli,prompting,lora,attention,4.0,8.0,2.0,0.0001,50000,high,iso_step,42,0.8915193578173438,0.0,474.1756,20.141043186187744,2523136,938,mnli_prompting_ladder_isostep,mnli_prompting,results/mnli/prompting_ladder_isostep/metrics/result_1784626440.json,ladder_isostep
mnli,prompting,lora,attention,4.0,8.0,2.0,0.0001,50000,high,iso_step,43,0.8908819030451101,0.0,476.0451,18.831519603729248,2523136,938,mnli_prompting_ladder_isostep,mnli_prompting,results/mnli/prompting_ladder_isostep/metrics/result_1784626458.json,ladder_isostep
mnli,prompting,lora,attention,4.0,8.0,2.0,0.0003,50000,high,iso_step,44,0.8908863447970266,0.0,470.9742,20.131649494171143,2523136,938,mnli_prompting_ladder_isostep,mnli_prompting,results/mnli/prompting_ladder_isostep/metrics/result_1784627137.json,ladder_isostep
mnli,prompting,lora,attention,4.0,8.0,2.0,0.0001,50000,high,iso_step,44,0.8799583987503251,0.0,468.0521,20.131649494171143,2523136,938,mnli_prompting_ladder_isostep,mnli_prompting,results/mnli/prompting_ladder_isostep/metrics/result_1784627152.json,ladder_isostep
mnli,prompting,lora,attention,4.0,8.0,2.0,0.0003,50000,high,iso_step,42,0.8882482158816254,0.0,470.1647,20.141043186187744,2523136,938,mnli_prompting_ladder_isostep,mnli_prompting,results/mnli/prompting_ladder_isostep/metrics/result_1784627155.json,ladder_isostep
mnli,prompting,lora,attention,4.0,8.0,2.0,0.0003,50000,high,iso_step,43,0.885277883918253,0.0,474.309,18.831519603729248,2523136,938,mnli_prompting_ladder_isostep,mnli_prompting,results/mnli/prompting_ladder_isostep/metrics/result_1784627159.json,ladder_isostep
mnli,prompting,lora,attention,8.0,16.0,2.0,0.0001,1000,low,iso_step,42,0.8432433108937817,0.0,477.2397,18.30962371826172,5046272,938,mnli_prompting_ladder_isostep,mnli_prompting,results/mnli/prompting_ladder_isostep/metrics/result_1784627966.json,ladder_isostep
mnli,prompting,lora,attention,8.0,16.0,2.0,0.0001,1000,low,iso_step,43,0.8561560029755336,0.0,477.6769,18.30962371826172,5046272,938,mnli_prompting_ladder_isostep,mnli_prompting,results/mnli/prompting_ladder_isostep/metrics/result_1784627968.json,ladder_isostep
mnli,prompting,lora,attention,8.0,16.0,2.0,0.0001,1000,low,iso_step,44,0.8507856686658499,0.0,531.7439,18.30962371826172,5046272,938,mnli_prompting_ladder_isostep,mnli_prompting,results/mnli/prompting_ladder_isostep/metrics/result_1784628920.json,ladder_isostep
mnli,prompting,lora,attention,8.0,16.0,2.0,0.0003,1000,low,iso_step,42,0.8609160763440439,0.0,540.5931,18.30962371826172,5046272,938,mnli_prompting_ladder_isostep,mnli_prompting,results/mnli/prompting_ladder_isostep/metrics/result_1784628931.json,ladder_isostep
mnli,prompting,lora,attention,8.0,16.0,2.0,0.0003,1000,low,iso_step,43,0.8490480625873146,0.0,498.2164,18.30962371826172,5046272,938,mnli_prompting_ladder_isostep,mnli_prompting,results/mnli/prompting_ladder_isostep/metrics/result_1784628980.json,ladder_isostep
mnli,prompting,lora,attention,8.0,16.0,2.0,0.0003,1000,low,iso_step,44,0.8497210071892769,0.0,476.5579,18.30962371826172,5046272,938,mnli_prompting_ladder_isostep,mnli_prompting,results/mnli/prompting_ladder_isostep/metrics/result_1784629429.json,ladder_isostep
mnli,prompting,lora,attention,8.0,16.0,2.0,0.0001,5000,low,iso_step,42,0.8868421052631579,0.0,487.682,19.32577085494995,5046272,938,mnli_prompting_ladder_isostep,mnli_prompting,results/mnli/prompting_ladder_isostep/metrics/result_1784629562.json,ladder_isostep
mnli,prompting,lora,attention,8.0,16.0,2.0,0.0001,5000,low,iso_step,43,0.8898351811093947,0.0,491.5426,19.32550382614136,5046272,938,mnli_prompting_ladder_isostep,mnli_prompting,results/mnli/prompting_ladder_isostep/metrics/result_1784629564.json,ladder_isostep
mnli,prompting,lora,attention,8.0,16.0,2.0,0.0001,5000,low,iso_step,44,0.8888226824062512,0.0,481.2036,19.32599210739136,5046272,938,mnli_prompting_ladder_isostep,mnli_prompting,results/mnli/prompting_ladder_isostep/metrics/result_1784629639.json,ladder_isostep
mnli,prompting,lora,attention,8.0,16.0,2.0,0.0003,5000,low,iso_step,44,0.875463161962322,0.0,474.5934,19.32599210739136,5046272,938,mnli_prompting_ladder_isostep,mnli_prompting,results/mnli/prompting_ladder_isostep/metrics/result_1784630251.json,ladder_isostep
mnli,prompting,lora,attention,8.0,16.0,2.0,0.0003,5000,low,iso_step,43,0.8657224442185202,0.0,476.2421,19.32550382614136,5046272,938,mnli_prompting_ladder_isostep,mnli_prompting,results/mnli/prompting_ladder_isostep/metrics/result_1784630253.json,ladder_isostep
mnli,prompting,lora,attention,8.0,16.0,2.0,0.0001,20000,high,iso_step,42,0.8875589003709395,0.0,468.5108,19.306703567504883,5046272,938,mnli_prompting_ladder_isostep,mnli_prompting,results/mnli/prompting_ladder_isostep/metrics/result_1784630377.json,ladder_isostep
mnli,prompting,lora,attention,8.0,16.0,2.0,0.0003,5000,low,iso_step,42,0.8797131758769717,0.0,744.9749,19.32577085494995,5046272,938,mnli_prompting_ladder_isostep,mnli_prompting,results/mnli/prompting_ladder_isostep/metrics/result_1784630421.json,ladder_isostep
mnli,prompting,lora,attention,8.0,16.0,2.0,0.0001,20000,high,iso_step,43,0.891101583490539,0.0,476.9708,19.307190418243408,5046272,938,mnli_prompting_ladder_isostep,mnli_prompting,results/mnli/prompting_ladder_isostep/metrics/result_1784631001.json,ladder_isostep
mnli,prompting,lora,attention,8.0,16.0,2.0,0.0003,20000,high,iso_step,42,0.8894464753886488,0.0,463.3242,19.306703567504883,5046272,938,mnli_prompting_ladder_isostep,mnli_prompting,results/mnli/prompting_ladder_isostep/metrics/result_1784631024.json,ladder_isostep
mnli,prompting,lora,attention,8.0,16.0,2.0,0.0001,20000,high,iso_step,44,0.8787469106309685,0.0,468.0872,18.775825023651123,5046272,938,mnli_prompting_ladder_isostep,mnli_prompting,results/mnli/prompting_ladder_isostep/metrics/result_1784631029.json,ladder_isostep
mnli,prompting,lora,attention,8.0,16.0,2.0,0.0003,20000,high,iso_step,43,0.9015021213163628,0.0,462.7083,19.307190418243408,5046272,938,mnli_prompting_ladder_isostep,mnli_prompting,results/mnli/prompting_ladder_isostep/metrics/result_1784631067.json,ladder_isostep
mnli,prompting,lora,attention,8.0,16.0,2.0,0.0001,50000,high,iso_step,42,0.8869586186167653,0.0,460.9046,20.163954257965088,5046272,938,mnli_prompting_ladder_isostep,mnli_prompting,results/mnli/prompting_ladder_isostep/metrics/result_1784631739.json,ladder_isostep
mnli,prompting,lora,attention,8.0,16.0,2.0,0.0001,50000,high,iso_step,44,0.8928198875412341,0.0,462.3507,20.145161151885983,5046272,938,mnli_prompting_ladder_isostep,mnli_prompting,results/mnli/prompting_ladder_isostep/metrics/result_1784631741.json,ladder_isostep
mnli,prompting,lora,attention,8.0,16.0,2.0,0.0003,20000,high,iso_step,44,0.8765814515255231,0.0,465.2978,18.775825023651123,5046272,938,mnli_prompting_ladder_isostep,mnli_prompting,results/mnli/prompting_ladder_isostep/metrics/result_1784631744.json,ladder_isostep
mnli,prompting,lora,attention,8.0,16.0,2.0,0.0001,50000,high,iso_step,43,0.8829992515479349,0.0,468.3892,18.854430675506592,5046272,938,mnli_prompting_ladder_isostep,mnli_prompting,results/mnli/prompting_ladder_isostep/metrics/result_1784631749.json,ladder_isostep
mnli,prompting,lora,attention,8.0,16.0,2.0,0.0003,50000,high,iso_step,42,0.8874591729591984,0.0,464.253,20.163954257965088,5046272,938,mnli_prompting_ladder_isostep,mnli_prompting,results/mnli/prompting_ladder_isostep/metrics/result_1784632623.json,ladder_isostep
mnli,prompting,lora,attention,8.0,16.0,2.0,0.0003,50000,high,iso_step,43,0.8895427263194676,0.0,465.8577,18.854430675506592,5046272,938,mnli_prompting_ladder_isostep,mnli_prompting,results/mnli/prompting_ladder_isostep/metrics/result_1784632626.json,ladder_isostep
mnli,prompting,lora,attention,8.0,16.0,2.0,0.0003,50000,high,iso_step,44,0.8990313777858154,0.0,471.8145,20.145161151885983,5046272,938,mnli_prompting_ladder_isostep,mnli_prompting,results/mnli/prompting_ladder_isostep/metrics/result_1784632633.json,ladder_isostep
mnli,prompting,lora,attention,16.0,32.0,2.0,0.0001,1000,low,iso_step,42,0.8510428444282154,0.0,482.1744,18.35678100585937,10092544,938,mnli_prompting_ladder_isostep,mnli_prompting,results/mnli/prompting_ladder_isostep/metrics/result_1784632643.json,ladder_isostep
mnli,prompting,lora,attention,16.0,32.0,2.0,0.0001,1000,low,iso_step,44,0.8445710259446658,0.0,472.4376,18.35678100585937,10092544,938,mnli_prompting_ladder_isostep,mnli_prompting,results/mnli/prompting_ladder_isostep/metrics/result_1784633367.json,ladder_isostep
mnli,prompting,lora,attention,16.0,32.0,2.0,0.0003,1000,low,iso_step,42,0.870176782420549,0.0,476.8394,18.35678100585937,10092544,938,mnli_prompting_ladder_isostep,mnli_prompting,results/mnli/prompting_ladder_isostep/metrics/result_1784633372.json,ladder_isostep
mnli,prompting,lora,attention,16.0,32.0,2.0,0.0001,1000,low,iso_step,43,0.8625153821860673,0.0,477.7061,18.35678100585937,10092544,938,mnli_prompting_ladder_isostep,mnli_prompting,results/mnli/prompting_ladder_isostep/metrics/result_1784633374.json,ladder_isostep
mnli,prompting,lora,attention,16.0,32.0,2.0,0.0003,1000,low,iso_step,43,0.8507462496182377,0.0,481.8517,18.35678100585937,10092544,938,mnli_prompting_ladder_isostep,mnli_prompting,results/mnli/prompting_ladder_isostep/metrics/result_1784633378.json,ladder_isostep
mnli,prompting,lora,attention,16.0,32.0,2.0,0.0001,5000,low,iso_step,42,0.8980997302395931,0.0,467.3809,19.372928142547607,10092544,938,mnli_prompting_ladder_isostep,mnli_prompting,results/mnli/prompting_ladder_isostep/metrics/result_1784634175.json,ladder_isostep
mnli,prompting,lora,attention,16.0,32.0,2.0,0.0001,5000,low,iso_step,43,0.8769340121753851,0.0,470.4448,19.372661113739014,10092544,938,mnli_prompting_ladder_isostep,mnli_prompting,results/mnli/prompting_ladder_isostep/metrics/result_1784634179.json,ladder_isostep
mnli,prompting,lora,attention,16.0,32.0,2.0,0.0003,1000,low,iso_step,44,0.8433914311304428,0.0,475.8271,18.35678100585937,10092544,938,mnli_prompting_ladder_isostep,mnli_prompting,results/mnli/prompting_ladder_isostep/metrics/result_1784634186.json,ladder_isostep
mnli,prompting,lora,attention,16.0,32.0,2.0,0.0003,5000,low,iso_step,42,0.8701589015784599,0.0,506.5805,19.372928142547607,10092544,938,mnli_prompting_ladder_isostep,mnli_prompting,results/mnli/prompting_ladder_isostep/metrics/result_1784634892.json,ladder_isostep
mnli,prompting,lora,attention,16.0,32.0,2.0,0.0001,20000,high,iso_step,42,0.8874995961024722,0.0,535.5614,19.33506202697754,10092544,938,mnli_prompting_ladder_isostep,mnli_prompting,results/mnli/prompting_ladder_isostep/metrics/result_1784634931.json,ladder_isostep
mnli,prompting,lora,attention,16.0,32.0,2.0,0.0003,5000,low,iso_step,44,0.8764500528555371,0.0,538.3547,19.37340879440308,10092544,938,mnli_prompting_ladder_isostep,mnli_prompting,results/mnli/prompting_ladder_isostep/metrics/result_1784634935.json,ladder_isostep
mnli,prompting,lora,attention,16.0,32.0,2.0,0.0003,5000,low,iso_step,43,0.8650923136215996,0.0,481.9981,19.372661113739014,10092544,938,mnli_prompting_ladder_isostep,mnli_prompting,results/mnli/prompting_ladder_isostep/metrics/result_1784634970.json,ladder_isostep
mnli,prompting,lora,attention,16.0,32.0,2.0,0.0001,20000,high,iso_step,43,0.8912171968370547,0.0,474.4207,19.335548877716064,10092544,938,mnli_prompting_ladder_isostep,mnli_prompting,results/mnli/prompting_ladder_isostep/metrics/result_1784635633.json,ladder_isostep
mnli,prompting,lora,attention,16.0,32.0,2.0,0.0003,20000,high,iso_step,43,0.8976851788972343,0.0,487.9263,19.335548877716064,10092544,938,mnli_prompting_ladder_isostep,mnli_prompting,results/mnli/prompting_ladder_isostep/metrics/result_1784635637.json,ladder_isostep
mnli,prompting,lora,attention,16.0,32.0,2.0,0.0001,20000,high,iso_step,44,0.8785504618837953,0.0,494.1363,18.80418348312378,10092544,938,mnli_prompting_ladder_isostep,mnli_prompting,results/mnli/prompting_ladder_isostep/metrics/result_1784635666.json,ladder_isostep
mnli,prompting,lora,attention,16.0,32.0,2.0,0.0003,20000,high,iso_step,42,0.8896157531304721,0.0,498.7072,19.33506202697754,10092544,938,mnli_prompting_ladder_isostep,mnli_prompting,results/mnli/prompting_ladder_isostep/metrics/result_1784635671.json,ladder_isostep
mnli,prompting,lora,attention,16.0,32.0,2.0,0.0001,50000,high,iso_step,43,0.8872588778605769,0.0,469.1852,18.901587963104248,10092544,938,mnli_prompting_ladder_isostep,mnli_prompting,results/mnli/prompting_ladder_isostep/metrics/result_1784636346.json,ladder_isostep
mnli,prompting,lora,attention,16.0,32.0,2.0,0.0001,50000,high,iso_step,44,0.8901036507581473,0.0,474.5974,20.173519611358643,10092544,938,mnli_prompting_ladder_isostep,mnli_prompting,results/mnli/prompting_ladder_isostep/metrics/result_1784636365.json,ladder_isostep
mnli,prompting,lora,attention,16.0,32.0,2.0,0.0001,50000,high,iso_step,42,0.8889320557515648,0.0,510.0413,20.211111545562744,10092544,938,mnli_prompting_ladder_isostep,mnli_prompting,results/mnli/prompting_ladder_isostep/metrics/result_1784636434.json,ladder_isostep
mnli,prompting,lora,attention,16.0,32.0,2.0,0.0003,20000,high,iso_step,44,0.8831542105747476,0.0,503.1406,18.80418348312378,10092544,938,mnli_prompting_ladder_isostep,mnli_prompting,results/mnli/prompting_ladder_isostep/metrics/result_1784636496.json,ladder_isostep
mnli,prompting,lora,attention,16.0,32.0,2.0,0.0003,50000,high,iso_step,42,0.8956176569510076,0.0,474.2593,20.211111545562744,10092544,938,mnli_prompting_ladder_isostep,mnli_prompting,results/mnli/prompting_ladder_isostep/metrics/result_1784637091.json,ladder_isostep
mnli,prompting,lora,attention,16.0,32.0,2.0,0.0003,50000,high,iso_step,43,0.8950789763016666,0.0,477.9006,18.901587963104248,10092544,938,mnli_prompting_ladder_isostep,mnli_prompting,results/mnli/prompting_ladder_isostep/metrics/result_1784637096.json,ladder_isostep
mnli,prompting,lora,attention,16.0,32.0,2.0,0.0003,50000,high,iso_step,44,0.8988714833724721,0.0,484.924,20.173519611358643,10092544,938,mnli_prompting_ladder_isostep,mnli_prompting,results/mnli/prompting_ladder_isostep/metrics/result_1784637105.json,ladder_isostep
mnli,prompting,lora,attention,32.0,64.0,2.0,0.0001,1000,low,iso_step,42,0.8476800080152836,0.0,495.5714,18.415206909179688,20185088,938,mnli_prompting_ladder_isostep,mnli_prompting,results/mnli/prompting_ladder_isostep/metrics/result_1784637140.json,ladder_isostep
mnli,prompting,lora,attention,32.0,64.0,2.0,0.0001,1000,low,iso_step,43,0.8555269836284024,0.0,485.7441,18.415206909179688,20185088,938,mnli_prompting_ladder_isostep,mnli_prompting,results/mnli/prompting_ladder_isostep/metrics/result_1784637988.json,ladder_isostep
mnli,prompting,lora,attention,32.0,64.0,2.0,0.0001,1000,low,iso_step,44,0.8433367621723785,0.0,489.7194,18.415206909179688,20185088,938,mnli_prompting_ladder_isostep,mnli_prompting,results/mnli/prompting_ladder_isostep/metrics/result_1784637995.json,ladder_isostep
mnli,prompting,lora,attention,32.0,64.0,2.0,0.0003,1000,low,iso_step,42,0.857174542629088,0.0,492.5809,18.415206909179688,20185088,938,mnli_prompting_ladder_isostep,mnli_prompting,results/mnli/prompting_ladder_isostep/metrics/result_1784637996.json,ladder_isostep
mnli,prompting,lora,attention,32.0,64.0,2.0,0.0003,1000,low,iso_step,43,0.8612737904225205,0.0,478.6676,18.415206909179688,20185088,938,mnli_prompting_ladder_isostep,mnli_prompting,results/mnli/prompting_ladder_isostep/metrics/result_1784638051.json,ladder_isostep
mnli,prompting,lora,attention,32.0,64.0,2.0,0.0003,1000,low,iso_step,44,0.8539337807533114,0.0,519.0895,18.415206909179688,20185088,938,mnli_prompting_ladder_isostep,mnli_prompting,results/mnli/prompting_ladder_isostep/metrics/result_1784638723.json,ladder_isostep
mnli,prompting,lora,attention,32.0,64.0,2.0,0.0001,5000,low,iso_step,43,0.8752998971946552,0.0,517.9064,19.43108701705933,20185088,938,mnli_prompting_ladder_isostep,mnli_prompting,results/mnli/prompting_ladder_isostep/metrics/result_1784638727.json,ladder_isostep
mnli,prompting,lora,attention,32.0,64.0,2.0,0.0001,5000,low,iso_step,44,0.8793114658903903,0.0,481.4875,19.43183469772339,20185088,938,mnli_prompting_ladder_isostep,mnli_prompting,results/mnli/prompting_ladder_isostep/metrics/result_1784638778.json,ladder_isostep
mnli,prompting,lora,attention,32.0,64.0,2.0,0.0003,5000,low,iso_step,42,0.863938136170901,0.0,479.4304,19.43135404586792,20185088,938,mnli_prompting_ladder_isostep,mnli_prompting,results/mnli/prompting_ladder_isostep/metrics/result_1784639430.json,ladder_isostep
mnli,prompting,lora,attention,32.0,64.0,2.0,0.0003,5000,low,iso_step,43,0.8748521607484676,0.0,480.8805,19.43108701705933,20185088,938,mnli_prompting_ladder_isostep,mnli_prompting,results/mnli/prompting_ladder_isostep/metrics/result_1784639431.json,ladder_isostep
mnli,prompting,lora,attention,32.0,64.0,2.0,0.0003,5000,low,iso_step,44,0.873378462857759,0.0,487.0851,19.43183469772339,20185088,938,mnli_prompting_ladder_isostep,mnli_prompting,results/mnli/prompting_ladder_isostep/metrics/result_1784639440.json,ladder_isostep
mnli,prompting,lora,attention,32.0,64.0,2.0,0.0001,20000,high,iso_step,42,0.8820505788368521,0.0,469.9088,19.35589027404785,20185088,938,mnli_prompting_ladder_isostep,mnli_prompting,results/mnli/prompting_ladder_isostep/metrics/result_1784639495.json,ladder_isostep
mnli,prompting,lora,attention,32.0,64.0,2.0,0.0003,20000,high,iso_step,42,0.8863013666235569,0.0,471.332,19.35589027404785,20185088,938,mnli_prompting_ladder_isostep,mnli_prompting,results/mnli/prompting_ladder_isostep/metrics/result_1784640139.json,ladder_isostep
mnli,prompting,lora,attention,32.0,64.0,2.0,0.0003,20000,high,iso_step,43,0.8889320557515648,0.0,479.0437,19.355888843536377,20185088,938,mnli_prompting_ladder_isostep,mnli_prompting,results/mnli/prompting_ladder_isostep/metrics/result_1784640249.json,ladder_isostep
mnli,prompting,lora,attention,32.0,64.0,2.0,0.0001,20000,high,iso_step,43,0.9037207670932714,0.0,584.0919,19.356377124786377,20185088,938,mnli_prompting_ladder_isostep,mnli_prompting,results/mnli/prompting_ladder_isostep/metrics/result_1784640309.json,ladder_isostep
mnli,prompting,lora,attention,32.0,64.0,2.0,0.0001,20000,high,iso_step,44,0.8871654407604823,0.0,660.5534,18.82501173019409,20185088,938,mnli_prompting_ladder_isostep,mnli_prompting,results/mnli/prompting_ladder_isostep/metrics/result_1784640347.json,ladder_isostep
mnli,prompting,lora,attention,32.0,64.0,2.0,0.0001,50000,high,iso_step,42,0.8951231247292878,0.0,478.7313,20.269537448883057,20185088,938,mnli_prompting_ladder_isostep,mnli_prompting,results/mnli/prompting_ladder_isostep/metrics/result_1784640926.json,ladder_isostep
mnli,prompting,lora,attention,32.0,64.0,2.0,0.0001,50000,high,iso_step,43,0.889046294054984,0.0,486.5293,18.96001386642456,20185088,938,mnli_prompting_ladder_isostep,mnli_prompting,results/mnli/prompting_ladder_isostep/metrics/result_1784640936.json,ladder_isostep
mnli,prompting,lora,attention,32.0,64.0,2.0,0.0001,50000,high,iso_step,44,0.8929154588548238,0.0,491.8541,20.194347858428955,20185088,938,mnli_prompting_ladder_isostep,mnli_prompting,results/mnli/prompting_ladder_isostep/metrics/result_1784641046.json,ladder_isostep
mnli,prompting,lora,attention,32.0,64.0,2.0,0.0003,20000,high,iso_step,44,0.8807414679006881,0.0,982.0805,18.82501173019409,20185088,938,mnli_prompting_ladder_isostep,mnli_prompting,results/mnli/prompting_ladder_isostep/metrics/result_1784641387.json,ladder_isostep
mnli,prompting,lora,attention,32.0,64.0,2.0,0.0003,50000,high,iso_step,44,0.8826114781468487,0.0,470.6072,20.194347858428955,20185088,938,mnli_prompting_ladder_isostep,mnli_prompting,results/mnli/prompting_ladder_isostep/metrics/result_1784641767.json,ladder_isostep
mnli,prompting,lora,attention,32.0,64.0,2.0,0.0003,50000,high,iso_step,42,0.8832128444096043,0.0,723.8858,20.269537448883057,20185088,938,mnli_prompting_ladder_isostep,mnli_prompting,results/mnli/prompting_ladder_isostep/metrics/result_1784641960.json,ladder_isostep
mnli,prompting,lora,attention,32.0,64.0,2.0,0.0003,50000,high,iso_step,43,0.8905265016264603,0.0,728.6793,18.96001386642456,20185088,938,mnli_prompting_ladder_isostep,mnli_prompting,results/mnli/prompting_ladder_isostep/metrics/result_1784641968.json,ladder_isostep
mnli,prompting,lora,attention,64.0,128.0,2.0,0.0001,1000,low,iso_step,42,0.8477963467241727,0.0,486.1927,18.56778717041016,40370176,938,mnli_prompting_ladder_isostep,mnli_prompting,results/mnli/prompting_ladder_isostep/metrics/result_1784642118.json,ladder_isostep
mnli,prompting,lora,attention,64.0,128.0,2.0,0.0001,1000,low,iso_step,43,0.8373670400875142,0.0,504.9887,18.56778717041016,40370176,938,mnli_prompting_ladder_isostep,mnli_prompting,results/mnli/prompting_ladder_isostep/metrics/result_1784642526.json,ladder_isostep
mnli,prompting,lora,attention,64.0,128.0,2.0,0.0001,1000,low,iso_step,44,0.8380968624871064,0.0,493.0998,18.56778717041016,40370176,938,mnli_prompting_ladder_isostep,mnli_prompting,results/mnli/prompting_ladder_isostep/metrics/result_1784642885.json,ladder_isostep
mnli,prompting,lora,attention,64.0,128.0,2.0,0.0003,1000,low,iso_step,42,0.8575300038714673,0.0,486.2795,18.56778717041016,40370176,938,mnli_prompting_ladder_isostep,mnli_prompting,results/mnli/prompting_ladder_isostep/metrics/result_1784642891.json,ladder_isostep
mnli,prompting,lora,attention,64.0,128.0,2.0,0.0003,1000,low,iso_step,43,0.8666912680885779,0.0,484.7292,18.56778717041016,40370176,938,mnli_prompting_ladder_isostep,mnli_prompting,results/mnli/prompting_ladder_isostep/metrics/result_1784643018.json,ladder_isostep
mnli,prompting,lora,attention,64.0,128.0,2.0,0.0003,1000,low,iso_step,44,0.853601755039961,0.0,506.1605,18.56778717041016,40370176,938,mnli_prompting_ladder_isostep,mnli_prompting,results/mnli/prompting_ladder_isostep/metrics/result_1784643229.json,ladder_isostep
mnli,prompting,lora,attention,64.0,128.0,2.0,0.0001,5000,low,iso_step,43,0.8695149645853872,0.0,474.4151,19.583667278289795,40370176,938,mnli_prompting_ladder_isostep,mnli_prompting,results/mnli/prompting_ladder_isostep/metrics/result_1784643583.json,ladder_isostep
mnli,prompting,lora,attention,64.0,128.0,2.0,0.0001,5000,low,iso_step,42,0.8578629195207208,0.0,531.205,19.58393430709839,40370176,938,mnli_prompting_ladder_isostep,mnli_prompting,results/mnli/prompting_ladder_isostep/metrics/result_1784643635.json,ladder_isostep
mnli,prompting,lora,attention,64.0,128.0,2.0,0.0001,5000,low,iso_step,44,0.8652311180466179,0.0,472.0781,19.584414958953857,40370176,938,mnli_prompting_ladder_isostep,mnli_prompting,results/mnli/prompting_ladder_isostep/metrics/result_1784643649.json,ladder_isostep
mnli,prompting,lora,attention,64.0,128.0,2.0,0.0003,5000,low,iso_step,42,0.8740358339514458,0.0,542.9726,19.58393430709839,40370176,938,mnli_prompting_ladder_isostep,mnli_prompting,results/mnli/prompting_ladder_isostep/metrics/result_1784644170.json,ladder_isostep
mnli,prompting,lora,attention,64.0,128.0,2.0,0.0003,5000,low,iso_step,43,0.8678988754073167,0.0,899.3587,19.583667278289795,40370176,938,mnli_prompting_ladder_isostep,mnli_prompting,results/mnli/prompting_ladder_isostep/metrics/result_1784644887.json,ladder_isostep
mnli,prompting,lora,attention,64.0,128.0,2.0,0.0001,20000,high,iso_step,43,0.8971512353743867,0.0,494.354,19.43376207351685,40370176,938,mnli_prompting_ladder_isostep,mnli_prompting,results/mnli/prompting_ladder_isostep/metrics/result_1784644903.json,ladder_isostep
mnli,prompting,lora,attention,64.0,128.0,2.0,0.0001,20000,high,iso_step,42,0.8878956655975361,0.0,916.9279,19.43327522277832,40370176,938,mnli_prompting_ladder_isostep,mnli_prompting,results/mnli/prompting_ladder_isostep/metrics/result_1784644908.json,ladder_isostep
mnli,prompting,lora,attention,64.0,128.0,2.0,0.0003,5000,low,iso_step,44,0.1713719663199603,0.0,921.7632,19.584414958953857,40370176,938,mnli_prompting_ladder_isostep,mnli_prompting,results/mnli/prompting_ladder_isostep/metrics/result_1784644915.json,ladder_isostep
mnli,prompting,lora,attention,64.0,128.0,2.0,0.0001,20000,high,iso_step,44,0.8935700482631915,0.0,466.9451,18.90239667892456,40370176,938,mnli_prompting_ladder_isostep,mnli_prompting,results/mnli/prompting_ladder_isostep/metrics/result_1784645596.json,ladder_isostep
mnli,prompting,lora,attention,64.0,128.0,2.0,0.0003,20000,high,iso_step,43,0.8751577903907886,0.0,474.7281,19.43376207351685,40370176,938,mnli_prompting_ladder_isostep,mnli_prompting,results/mnli/prompting_ladder_isostep/metrics/result_1784645612.json,ladder_isostep
mnli,prompting,lora,attention,64.0,128.0,2.0,0.0003,20000,high,iso_step,42,0.1713719663199603,0.0,476.7088,19.43327522277832,40370176,938,mnli_prompting_ladder_isostep,mnli_prompting,results/mnli/prompting_ladder_isostep/metrics/result_1784645615.json,ladder_isostep
mnli,prompting,lora,attention,64.0,128.0,2.0,0.0003,20000,high,iso_step,44,0.8996825396825398,0.0,473.4081,18.90239667892456,40370176,938,mnli_prompting_ladder_isostep,mnli_prompting,results/mnli/prompting_ladder_isostep/metrics/result_1784645627.json,ladder_isostep
mnli,prompting,lora,attention,64.0,128.0,2.0,0.0001,50000,high,iso_step,42,0.8912562387523323,0.0,464.2124,20.422117710113525,40370176,938,mnli_prompting_ladder_isostep,mnli_prompting,results/mnli/prompting_ladder_isostep/metrics/result_1784646361.json,ladder_isostep
mnli,prompting,lora,attention,64.0,128.0,2.0,0.0001,50000,high,iso_step,44,0.8967111289352637,0.0,467.044,20.271732807159424,40370176,938,mnli_prompting_ladder_isostep,mnli_prompting,results/mnli/prompting_ladder_isostep/metrics/result_1784646419.json,ladder_isostep
mnli,prompting,lora,attention,64.0,128.0,2.0,0.0001,50000,high,iso_step,43,0.8936697286150729,0.0,470.5373,19.11259412765503,40370176,938,mnli_prompting_ladder_isostep,mnli_prompting,results/mnli/prompting_ladder_isostep/metrics/result_1784646424.json,ladder_isostep
mnli,prompting,lora,attention,64.0,128.0,2.0,0.0003,50000,high,iso_step,42,0.1713719663199603,0.0,661.2141,20.422117710113525,40370176,938,mnli_prompting_ladder_isostep,mnli_prompting,results/mnli/prompting_ladder_isostep/metrics/result_1784646582.json,ladder_isostep
mnli,prompting,lora,attention,64.0,128.0,2.0,0.0003,50000,high,iso_step,43,0.1713719663199603,0.0,466.6712,19.11259412765503,40370176,938,mnli_prompting_ladder_isostep,mnli_prompting,results/mnli/prompting_ladder_isostep/metrics/result_1784647028.json,ladder_isostep
mnli,prompting,lora,attention,64.0,128.0,2.0,0.0003,50000,high,iso_step,44,0.8843699102675723,0.0,557.0685,20.271732807159424,40370176,938,mnli_prompting_ladder_isostep,mnli_prompting,results/mnli/prompting_ladder_isostep/metrics/result_1784647284.json,ladder_isostep
mnli,prompting,lora,attention,16.0,32.0,2.0,0.0001,5000,low,iso_step,44,0.8887279834343617,0.0,472.436,19.37340879440308,10092544,938,mnli_prompting_ladder_isostep,mnli_prompting,results/mnli/prompting_ladder_isostep/metrics/result_1785098764142113572_830693.json,ladder_isostep
mnli,prompting,lora,attention,32.0,64.0,2.0,0.0001,5000,low,iso_step,42,0.8741927849891304,0.0,480.6154,19.43135404586792,20185088,938,mnli_prompting_ladder_isostep,mnli_prompting,results/mnli/prompting_ladder_isostep/metrics/result_1785098772712356105_830694.json,ladder_isostep
mnli,prompting,lora,full,4.0,8.0,2.0,0.0001,1000,low,iso_step,44,0.8560585483970765,0.0,695.4109,18.360435485839844,10092544,938,mnli_prompting_ladder_isostep_full,mnli_prompting,results/mnli/prompting_ladder_isostep_full/metrics/result_1785750268882324681_2383455.json,ladder_isostep_full
mnli,prompting,lora,full,4.0,8.0,2.0,0.0001,1000,low,iso_step,42,0.8553172737955347,0.0,685.7654,18.35752868652344,10092544,938,mnli_prompting_ladder_isostep_full,mnli_prompting,results/mnli/prompting_ladder_isostep_full/metrics/result_1785750302034205326_56658.json,ladder_isostep_full
mnli,prompting,lora,full,4.0,8.0,2.0,0.0003,1000,low,iso_step,42,0.8562302363692155,0.0,707.5924,18.35752868652344,10092544,938,mnli_prompting_ladder_isostep_full,mnli_prompting,results/mnli/prompting_ladder_isostep_full/metrics/result_1785750367535122029_1482895.json,ladder_isostep_full
mnli,prompting,lora,full,4.0,8.0,2.0,0.0001,1000,low,iso_step,43,0.8644226531681732,0.0,755.729,18.35752868652344,10092544,938,mnli_prompting_ladder_isostep_full,mnli_prompting,results/mnli/prompting_ladder_isostep_full/metrics/result_1785750368010391522_432349.json,ladder_isostep_full
mnli,prompting,lora,full,4.0,8.0,2.0,0.0003,1000,low,iso_step,44,0.8405006207377749,0.0,671.9869,18.360435485839844,10092544,938,mnli_prompting_ladder_isostep_full,mnli_prompting,results/mnli/prompting_ladder_isostep_full/metrics/result_1785751179008945656_2389621.json,ladder_isostep_full
mnli,prompting,lora,full,4.0,8.0,2.0,0.0003,1000,low,iso_step,43,0.8544864391261399,0.0,675.8948,18.35752868652344,10092544,938,mnli_prompting_ladder_isostep_full,mnli_prompting,results/mnli/prompting_ladder_isostep_full/metrics/result_1785751190180033099_63395.json,ladder_isostep_full
mnli,prompting,lora,full,4.0,8.0,2.0,0.0001,5000,low,iso_step,43,0.8753057269277608,0.0,717.4404,19.37615537643433,10092544,938,mnli_prompting_ladder_isostep_full,mnli_prompting,results/mnli/prompting_ladder_isostep_full/metrics/result_1785751282965066483_1487409.json,ladder_isostep_full
mnli,prompting,lora,full,4.0,8.0,2.0,0.0001,5000,low,iso_step,42,0.8811545785206891,0.0,758.4099,19.37340879440308,10092544,938,mnli_prompting_ladder_isostep_full,mnli_prompting,results/mnli/prompting_ladder_isostep_full/metrics/result_1785751372909182406_435021.json,ladder_isostep_full
mnli,prompting,lora,full,4.0,8.0,2.0,0.0003,5000,low,iso_step,42,0.8479035246339861,0.0,677.8,19.37340879440308,10092544,938,mnli_prompting_ladder_isostep_full,mnli_prompting,results/mnli/prompting_ladder_isostep_full/metrics/result_1785752059019971994_2394053.json,ladder_isostep_full
mnli,prompting,lora,full,4.0,8.0,2.0,0.0001,5000,low,iso_step,44,0.890533214351611,0.0,674.2173,19.37340879440308,10092544,938,mnli_prompting_ladder_isostep_full,mnli_prompting,results/mnli/prompting_ladder_isostep_full/metrics/result_1785752087261786545_69423.json,ladder_isostep_full
mnli,prompting,lora,full,4.0,8.0,2.0,0.0003,5000,low,iso_step,43,0.8699496984506604,0.0,666.8146,19.37615537643433,10092544,938,mnli_prompting_ladder_isostep_full,mnli_prompting,results/mnli/prompting_ladder_isostep_full/metrics/result_1785752133522482262_70084.json,ladder_isostep_full
mnli,prompting,lora,full,4.0,8.0,2.0,0.0003,5000,low,iso_step,44,0.8776621312229974,0.0,632.9338,19.37340879440308,10092544,938,mnli_prompting_ladder_isostep_full,mnli_prompting,results/mnli/prompting_ladder_isostep_full/metrics/result_1785752246029958994_2851111.json,ladder_isostep_full
mnli,prompting,lora,full,4.0,8.0,2.0,0.0001,20000,high,iso_step,42,0.8837342528836425,0.0,632.5113,19.3358097076416,10092544,938,mnli_prompting_ladder_isostep_full,mnli_prompting,results/mnli/prompting_ladder_isostep_full/metrics/result_1785752957189920763_2397074.json,ladder_isostep_full
mnli,prompting,lora,full,4.0,8.0,2.0,0.0001,20000,high,iso_step,43,0.8914320843849092,0.0,631.4215,19.336296558380127,10092544,938,mnli_prompting_ladder_isostep_full,mnli_prompting,results/mnli/prompting_ladder_isostep_full/metrics/result_1785753076597788001_2853132.json,ladder_isostep_full
mnli,prompting,lora,full,4.0,8.0,2.0,0.0001,20000,high,iso_step,44,0.8788733759705879,0.0,629.3104,18.80493116378784,10092544,938,mnli_prompting_ladder_isostep_full,mnli_prompting,results/mnli/prompting_ladder_isostep_full/metrics/result_1785753083516141726_75692.json,ladder_isostep_full
mnli,prompting,lora,full,4.0,8.0,2.0,0.0003,20000,high,iso_step,42,0.8874094108370728,0.0,629.8801,19.3358097076416,10092544,938,mnli_prompting_ladder_isostep_full,mnli_prompting,results/mnli/prompting_ladder_isostep_full/metrics/result_1785753084861846262_75691.json,ladder_isostep_full
mnli,prompting,lora,full,4.0,8.0,2.0,0.0003,20000,high,iso_step,43,0.8932848040800749,0.0,649.9708,19.336296558380127,10092544,938,mnli_prompting_ladder_isostep_full,mnli_prompting,results/mnli/prompting_ladder_isostep_full/metrics/result_1785753812799503905_2399179.json,ladder_isostep_full
mnli,prompting,lora,full,4.0,8.0,2.0,0.0003,20000,high,iso_step,44,0.8871455139927428,0.0,626.1432,18.80493116378784,10092544,938,mnli_prompting_ladder_isostep_full,mnli_prompting,results/mnli/prompting_ladder_isostep_full/metrics/result_1785753919732678429_2855164.json,ladder_isostep_full
mnli,prompting,lora,full,4.0,8.0,2.0,0.0001,50000,high,iso_step,42,0.8930440937850523,0.0,628.1872,20.211859226226807,10092544,938,mnli_prompting_ladder_isostep_full,mnli_prompting,results/mnli/prompting_ladder_isostep_full/metrics/result_1785753931111859940_78588.json,ladder_isostep_full
mnli,prompting,lora,full,4.0,8.0,2.0,0.0001,50000,high,iso_step,43,0.887333961581911,0.0,629.93,18.90261030197144,10092544,938,mnli_prompting_ladder_isostep_full,mnli_prompting,results/mnli/prompting_ladder_isostep_full/metrics/result_1785753934242516329_78589.json,ladder_isostep_full
mnli,prompting,lora,full,4.0,8.0,2.0,0.0001,50000,high,iso_step,44,0.8948820913937193,0.0,651.1043,20.174267292022705,10092544,938,mnli_prompting_ladder_isostep_full,mnli_prompting,results/mnli/prompting_ladder_isostep_full/metrics/result_1785754663921927108_2402136.json,ladder_isostep_full
mnli,prompting,lora,full,4.0,8.0,2.0,0.0003,50000,high,iso_step,42,0.8854867863714272,0.0,630.2779,20.211859226226807,10092544,938,mnli_prompting_ladder_isostep_full,mnli_prompting,results/mnli/prompting_ladder_isostep_full/metrics/result_1785754753987589132_2857234.json,ladder_isostep_full
mnli,prompting,lora,full,4.0,8.0,2.0,0.0003,50000,high,iso_step,43,0.8851739323573568,0.0,653.0595,18.90261030197144,10092544,938,mnli_prompting_ladder_isostep_full,mnli_prompting,results/mnli/prompting_ladder_isostep_full/metrics/result_1785754790819666933_81668.json,ladder_isostep_full
mnli,prompting,lora,full,4.0,8.0,2.0,0.0003,50000,high,iso_step,44,0.902947782311637,0.0,659.3168,20.174267292022705,10092544,938,mnli_prompting_ladder_isostep_full,mnli_prompting,results/mnli/prompting_ladder_isostep_full/metrics/result_1785754801484636522_81667.json,ladder_isostep_full
mnli,prompting,lora,full,8.0,16.0,2.0,0.0001,1000,low,iso_step,42,0.8572288006111536,0.0,638.6575,18.42738342285156,20185088,938,mnli_prompting_ladder_isostep_full,mnli_prompting,results/mnli/prompting_ladder_isostep_full/metrics/result_1785755516404795479_2405755.json,ladder_isostep_full
mnli,prompting,lora,full,8.0,16.0,2.0,0.0001,1000,low,iso_step,43,0.8519897574296209,0.0,639.2222,18.42738342285156,20185088,938,mnli_prompting_ladder_isostep_full,mnli_prompting,results/mnli/prompting_ladder_isostep_full/metrics/result_1785755630783540598_2859190.json,ladder_isostep_full
mnli,prompting,lora,full,8.0,16.0,2.0,0.0001,1000,low,iso_step,44,0.864240252365381,0.0,635.754,18.43029022216797,20185088,938,mnli_prompting_ladder_isostep_full,mnli_prompting,results/mnli/prompting_ladder_isostep_full/metrics/result_1785755634579000373_86175.json,ladder_isostep_full
mnli,prompting,lora,full,8.0,16.0,2.0,0.0003,1000,low,iso_step,42,0.8282712911838819,0.0,639.3879,18.42738342285156,20185088,938,mnli_prompting_ladder_isostep_full,mnli_prompting,results/mnli/prompting_ladder_isostep_full/metrics/result_1785755640508364064_86174.json,ladder_isostep_full
mnli,prompting,lora,full,8.0,16.0,2.0,0.0003,1000,low,iso_step,43,0.8624740313618146,0.0,643.0014,18.42738342285156,20185088,938,mnli_prompting_ladder_isostep_full,mnli_prompting,results/mnli/prompting_ladder_isostep_full/metrics/result_1785756350541558005_2408548.json,ladder_isostep_full
mnli,prompting,lora,full,8.0,16.0,2.0,0.0003,1000,low,iso_step,44,0.8675248202602773,0.0,636.4278,18.43029022216797,20185088,938,mnli_prompting_ladder_isostep_full,mnli_prompting,results/mnli/prompting_ladder_isostep_full/metrics/result_1785756478710779614_2861344.json,ladder_isostep_full
mnli,prompting,lora,full,8.0,16.0,2.0,0.0001,5000,low,iso_step,43,0.8756623036266019,0.0,626.7199,19.44601011276245,20185088,938,mnli_prompting_ladder_isostep_full,mnli_prompting,results/mnli/prompting_ladder_isostep_full/metrics/result_1785756485615290630_89246.json,ladder_isostep_full
mnli,prompting,lora,full,8.0,16.0,2.0,0.0001,5000,low,iso_step,42,0.8775336549984436,0.0,629.0021,19.4432635307312,20185088,938,mnli_prompting_ladder_isostep_full,mnli_prompting,results/mnli/prompting_ladder_isostep_full/metrics/result_1785756488949822350_89245.json,ladder_isostep_full
mnli,prompting,lora,full,8.0,16.0,2.0,0.0001,5000,low,iso_step,44,0.8829555456998449,0.0,753.5255,19.4432635307312,20185088,938,mnli_prompting_ladder_isostep_full,mnli_prompting,results/mnli/prompting_ladder_isostep_full/metrics/result_1785757292421689085_2410713.json,ladder_isostep_full
mnli,prompting,lora,full,8.0,16.0,2.0,0.0003,5000,low,iso_step,43,0.8800739589448122,0.0,633.8813,19.44601011276245,20185088,938,mnli_prompting_ladder_isostep_full,mnli_prompting,results/mnli/prompting_ladder_isostep_full/metrics/result_1785757373509209126_2863439.json,ladder_isostep_full
mnli,prompting,lora,full,8.0,16.0,2.0,0.0003,5000,low,iso_step,42,0.8656636446441214,0.0,634.4998,19.4432635307312,20185088,938,mnli_prompting_ladder_isostep_full,mnli_prompting,results/mnli/prompting_ladder_isostep_full/metrics/result_1785757378887361446_450114.json,ladder_isostep_full
mnli,prompting,lora,full,8.0,16.0,2.0,0.0003,5000,low,iso_step,44,0.8741149714436149,0.0,629.7065,19.4432635307312,20185088,938,mnli_prompting_ladder_isostep_full,mnli_prompting,results/mnli/prompting_ladder_isostep_full/metrics/result_1785757386743900322_92403.json,ladder_isostep_full
mnli,prompting,lora,full,8.0,16.0,2.0,0.0001,20000,high,iso_step,42,0.883630023121778,0.0,662.2214,19.36869239807129,20185088,938,mnli_prompting_ladder_isostep_full,mnli_prompting,results/mnli/prompting_ladder_isostep_full/metrics/result_1785758190310174927_3838514.json,ladder_isostep_full
mnli,prompting,lora,full,8.0,16.0,2.0,0.0003,20000,high,iso_step,42,0.8918907540069493,0.0,629.8611,19.368066787719727,20185088,938,mnli_prompting_ladder_isostep_full,mnli_prompting,results/mnli/prompting_ladder_isostep_full/metrics/result_1785758297437181111_3840867.json,ladder_isostep_full
mnli,prompting,lora,full,8.0,16.0,2.0,0.0001,20000,high,iso_step,43,0.8912805601838238,0.0,634.4745,19.36855363845825,20185088,938,mnli_prompting_ladder_isostep_full,mnli_prompting,results/mnli/prompting_ladder_isostep_full/metrics/result_1785758302213452499_452458.json,ladder_isostep_full
mnli,prompting,lora,full,8.0,16.0,2.0,0.0001,20000,high,iso_step,44,0.8830094449816653,0.0,849.7324,18.837188243865967,20185088,938,mnli_prompting_ladder_isostep_full,mnli_prompting,results/mnli/prompting_ladder_isostep_full/metrics/result_1785758518775965735_2415746.json,ladder_isostep_full
mnli,prompting,lora,full,8.0,16.0,2.0,0.0003,20000,high,iso_step,43,0.8957054177523301,0.0,641.0438,19.36855363845825,20185088,938,mnli_prompting_ladder_isostep_full,mnli_prompting,results/mnli/prompting_ladder_isostep_full/metrics/result_1785759084398377194_3843707.json,ladder_isostep_full
mnli,prompting,lora,full,8.0,16.0,2.0,0.0001,50000,high,iso_step,42,0.8928698530933167,0.0,622.3981,20.28171396255493,20185088,938,mnli_prompting_ladder_isostep_full,mnli_prompting,results/mnli/prompting_ladder_isostep_full/metrics/result_1785759154474157651_454653.json,ladder_isostep_full
mnli,prompting,lora,full,8.0,16.0,2.0,0.0003,20000,high,iso_step,44,0.8889024960459193,0.0,631.3493,18.837188243865967,20185088,938,mnli_prompting_ladder_isostep_full,mnli_prompting,results/mnli/prompting_ladder_isostep_full/metrics/result_1785759161114018471_3844534.json,ladder_isostep_full
mnli,prompting,lora,full,8.0,16.0,2.0,0.0001,50000,high,iso_step,43,0.8911183694800103,0.0,624.1154,18.97246503829956,20185088,938,mnli_prompting_ladder_isostep_full,mnli_prompting,results/mnli/prompting_ladder_isostep_full/metrics/result_1785759431588852349_98917.json,ladder_isostep_full
mnli,prompting,lora,full,8.0,16.0,2.0,0.0003,50000,high,iso_step,43,0.8915847279765984,0.0,624.454,18.97246503829956,20185088,938,mnli_prompting_ladder_isostep_full,mnli_prompting,results/mnli/prompting_ladder_isostep_full/metrics/result_1785760009591831320_456788.json,ladder_isostep_full
mnli,prompting,lora,full,8.0,16.0,2.0,0.0001,50000,high,iso_step,44,0.8947201359670394,0.0,661.37,20.20652437210083,20185088,938,mnli_prompting_ladder_isostep_full,mnli_prompting,results/mnli/prompting_ladder_isostep_full/metrics/result_1785760043685500178_3847715.json,ladder_isostep_full
mnli,prompting,lora,full,8.0,16.0,2.0,0.0003,50000,high,iso_step,42,0.8956641049337678,0.0,675.2676,20.28171396255493,20185088,938,mnli_prompting_ladder_isostep_full,mnli_prompting,results/mnli/prompting_ladder_isostep_full/metrics/result_1785760062580853933_3847714.json,ladder_isostep_full
mnli,prompting,lora,full,8.0,16.0,2.0,0.0003,50000,high,iso_step,44,0.907342497648534,0.0,655.0347,20.20652437210083,20185088,938,mnli_prompting_ladder_isostep_full,mnli_prompting,results/mnli/prompting_ladder_isostep_full/metrics/result_1785760275923401468_3848987.json,ladder_isostep_full
mnli,prompting,lora,full,16.0,32.0,2.0,0.0001,1000,low,iso_step,44,0.8519781975532834,0.0,660.0063,18.61571216583252,40370176,938,mnli_prompting_ladder_isostep_full,mnli_prompting,results/mnli/prompting_ladder_isostep_full/metrics/result_1785760933188237649_459089.json,ladder_isostep_full
mnli,prompting,lora,full,16.0,32.0,2.0,0.0001,1000,low,iso_step,43,0.8607774235676798,0.0,663.0275,18.62489414215088,40370176,938,mnli_prompting_ladder_isostep_full,mnli_prompting,results/mnli/prompting_ladder_isostep_full/metrics/result_1785760954631965552_3851835.json,ladder_isostep_full
mnli,prompting,lora,full,16.0,32.0,2.0,0.0001,1000,low,iso_step,42,0.8371475093371346,0.0,670.556,18.617302894592285,40370176,938,mnli_prompting_ladder_isostep_full,mnli_prompting,results/mnli/prompting_ladder_isostep_full/metrics/result_1785760967281785580_3851834.json,ladder_isostep_full
mnli,prompting,lora,full,16.0,32.0,2.0,0.0003,1000,low,iso_step,42,0.852450734297228,0.0,659.6079,18.617302894592285,40370176,938,mnli_prompting_ladder_isostep_full,mnli_prompting,results/mnli/prompting_ladder_isostep_full/metrics/result_1785761144974653225_3853015.json,ladder_isostep_full
mnli,prompting,lora,full,16.0,32.0,2.0,0.0001,5000,low,iso_step,42,0.8663961767410043,0.0,638.871,19.634387493133545,40370176,938,mnli_prompting_ladder_isostep_full,mnli_prompting,results/mnli/prompting_ladder_isostep_full/metrics/result_1785761795886281861_461969.json,ladder_isostep_full
mnli,prompting,lora,full,16.0,32.0,2.0,0.0003,1000,low,iso_step,43,0.8602097227097228,0.0,662.6003,18.62489414215088,40370176,938,mnli_prompting_ladder_isostep_full,mnli_prompting,results/mnli/prompting_ladder_isostep_full/metrics/result_1785761822885581017_3855889.json,ladder_isostep_full
mnli,prompting,lora,full,16.0,32.0,2.0,0.0003,1000,low,iso_step,44,0.8478041517493763,0.0,672.6098,18.61571216583252,40370176,938,mnli_prompting_ladder_isostep_full,mnli_prompting,results/mnli/prompting_ladder_isostep_full/metrics/result_1785761836678064485_3855888.json,ladder_isostep_full
mnli,prompting,lora,full,16.0,32.0,2.0,0.0001,5000,low,iso_step,43,0.875508321604364,0.0,643.8622,19.63953733444214,40370176,938,mnli_prompting_ladder_isostep_full,mnli_prompting,results/mnli/prompting_ladder_isostep_full/metrics/result_1785762065238050895_106102.json,ladder_isostep_full
mnli,prompting,lora,full,16.0,32.0,2.0,0.0003,5000,low,iso_step,43,0.8701243451243451,0.0,628.1407,19.63953733444214,40370176,938,mnli_prompting_ladder_isostep_full,mnli_prompting,results/mnli/prompting_ladder_isostep_full/metrics/result_1785762654081070161_464192.json,ladder_isostep_full
mnli,prompting,lora,full,16.0,32.0,2.0,0.0001,5000,low,iso_step,44,0.8816517837548146,0.0,632.5266,19.633220195770264,40370176,938,mnli_prompting_ladder_isostep_full,mnli_prompting,results/mnli/prompting_ladder_isostep_full/metrics/result_1785762694512579598_3860684.json,ladder_isostep_full
mnli,prompting,lora,full,16.0,32.0,2.0,0.0003,5000,low,iso_step,42,0.8846281876331054,0.0,636.5552,19.634387493133545,40370176,938,mnli_prompting_ladder_isostep_full,mnli_prompting,results/mnli/prompting_ladder_isostep_full/metrics/result_1785762700554651883_3860685.json,ladder_isostep_full
mnli,prompting,lora,full,16.0,32.0,2.0,0.0003,5000,low,iso_step,44,0.8533447620840477,0.0,634.1071,19.633220195770264,40370176,938,mnli_prompting_ladder_isostep_full,mnli_prompting,results/mnli/prompting_ladder_isostep_full/metrics/result_1785762930060982508_109551.json,ladder_isostep_full
mnli,prompting,lora,full,16.0,32.0,2.0,0.0001,20000,high,iso_step,42,0.8918064962663731,0.0,629.3302,19.459619522094727,40370176,938,mnli_prompting_ladder_isostep_full,mnli_prompting,results/mnli/prompting_ladder_isostep_full/metrics/result_1785763522933129355_3864004.json,ladder_isostep_full
mnli,prompting,lora,full,16.0,32.0,2.0,0.0001,20000,high,iso_step,44,0.8852515745988033,0.0,636.6737,18.928740978240967,40370176,938,mnli_prompting_ladder_isostep_full,mnli_prompting,results/mnli/prompting_ladder_isostep_full/metrics/result_1785763532423645120_466419.json,ladder_isostep_full
mnli,prompting,lora,full,16.0,32.0,2.0,0.0001,20000,high,iso_step,43,0.8915839833567317,0.0,639.16,19.45961809158325,40370176,938,mnli_prompting_ladder_isostep_full,mnli_prompting,results/mnli/prompting_ladder_isostep_full/metrics/result_1785763535917406020_3864003.json,ladder_isostep_full
mnli,prompting,lora,full,16.0,32.0,2.0,0.0003,20000,high,iso_step,42,0.8858626710966195,0.0,642.8138,19.459619522094727,40370176,938,mnli_prompting_ladder_isostep_full,mnli_prompting,results/mnli/prompting_ladder_isostep_full/metrics/result_1785763810103206349_112597.json,ladder_isostep_full
mnli,prompting,lora,full,16.0,32.0,2.0,0.0001,50000,high,iso_step,42,0.8909019024824577,0.0,622.3466,20.456195831298828,40370176,938,mnli_prompting_ladder_isostep_full,mnli_prompting,results/mnli/prompting_ladder_isostep_full/metrics/result_1785764379705873736_468636.json,ladder_isostep_full
mnli,prompting,lora,full,16.0,32.0,2.0,0.0003,20000,high,iso_step,44,0.8995998692673578,0.0,629.2489,18.928740978240967,40370176,938,mnli_prompting_ladder_isostep_full,mnli_prompting,results/mnli/prompting_ladder_isostep_full/metrics/result_1785764390967922861_3867362.json,ladder_isostep_full
mnli,prompting,lora,full,16.0,32.0,2.0,0.0003,20000,high,iso_step,43,0.9075311708630917,0.0,634.909,19.45961809158325,40370176,938,mnli_prompting_ladder_isostep_full,mnli_prompting,results/mnli/prompting_ladder_isostep_full/metrics/result_1785764398230821390_3867361.json,ladder_isostep_full
mnli,prompting,lora,full,16.0,32.0,2.0,0.0001,50000,high,iso_step,43,0.8853540815574409,0.0,641.4718,19.15233564376831,40370176,938,mnli_prompting_ladder_isostep_full,mnli_prompting,results/mnli/prompting_ladder_isostep_full/metrics/result_1785764649734354603_3439166.json,ladder_isostep_full
mnli,prompting,lora,full,16.0,32.0,2.0,0.0003,50000,high,iso_step,42,0.8935810802241039,0.0,629.4358,20.456195831298828,40370176,938,mnli_prompting_ladder_isostep_full,mnli_prompting,results/mnli/prompting_ladder_isostep_full/metrics/result_1785765247324624004_470960.json,ladder_isostep_full
mnli,prompting,lora,full,16.0,32.0,2.0,0.0001,50000,high,iso_step,44,0.8930198538975156,0.0,640.1804,20.29807710647583,40370176,938,mnli_prompting_ladder_isostep_full,mnli_prompting,results/mnli/prompting_ladder_isostep_full/metrics/result_1785765262758245425_3870676.json,ladder_isostep_full
mnli,prompting,lora,full,16.0,32.0,2.0,0.0003,50000,high,iso_step,43,0.9012116785587204,0.0,648.8587,19.15233564376831,40370176,938,mnli_prompting_ladder_isostep_full,mnli_prompting,results/mnli/prompting_ladder_isostep_full/metrics/result_1785765268947730661_2439320.json,ladder_isostep_full
mnli,prompting,lora,full,16.0,32.0,2.0,0.0003,50000,high,iso_step,44,0.9009105964483172,0.0,649.4728,20.29807710647583,40370176,938,mnli_prompting_ladder_isostep_full,mnli_prompting,results/mnli/prompting_ladder_isostep_full/metrics/result_1785765500206494934_3441717.json,ladder_isostep_full
mnli,prompting,lora,full,32.0,64.0,2.0,0.0001,1000,low,iso_step,43,0.8593776041046238,0.0,649.1029,18.890798568725582,80740352,938,mnli_prompting_ladder_isostep_full,mnli_prompting,results/mnli/prompting_ladder_isostep_full/metrics/result_1785766107091482837_2442874.json,ladder_isostep_full
mnli,prompting,lora,full,32.0,64.0,2.0,0.0001,1000,low,iso_step,44,0.8535290100954845,0.0,643.9969,18.894716262817383,80740352,938,mnli_prompting_ladder_isostep_full,mnli_prompting,results/mnli/prompting_ladder_isostep_full/metrics/result_1785766109843117907_473059.json,ladder_isostep_full
mnli,prompting,lora,full,32.0,64.0,2.0,0.0001,1000,low,iso_step,42,0.8449961814505281,0.0,665.1405,18.89203453063965,80740352,938,mnli_prompting_ladder_isostep_full,mnli_prompting,results/mnli/prompting_ladder_isostep_full/metrics/result_1785766130824618786_3874074.json,ladder_isostep_full
mnli,prompting,lora,full,32.0,64.0,2.0,0.0003,1000,low,iso_step,42,0.1713719663199603,0.0,662.185,18.89203453063965,80740352,938,mnli_prompting_ladder_isostep_full,mnli_prompting,results/mnli/prompting_ladder_isostep_full/metrics/result_1785766368123337205_3444226.json,ladder_isostep_full
mnli,prompting,lora,full,32.0,64.0,2.0,0.0003,1000,low,iso_step,44,0.8249779495872439,0.0,646.1564,18.894716262817383,80740352,938,mnli_prompting_ladder_isostep_full,mnli_prompting,results/mnli/prompting_ladder_isostep_full/metrics/result_1785766989210050741_475373.json,ladder_isostep_full
mnli,prompting,lora,full,32.0,64.0,2.0,0.0003,1000,low,iso_step,43,0.1713719663199603,0.0,656.4919,18.890798568725582,80740352,938,mnli_prompting_ladder_isostep_full,mnli_prompting,results/mnli/prompting_ladder_isostep_full/metrics/result_1785766997987453106_3877521.json,ladder_isostep_full
mnli,prompting,lora,full,32.0,64.0,2.0,0.0001,5000,low,iso_step,42,0.8609282344614112,0.0,689.0673,19.90468120574951,80740352,938,mnli_prompting_ladder_isostep_full,mnli_prompting,results/mnli/prompting_ladder_isostep_full/metrics/result_1785767022004953972_2445192.json,ladder_isostep_full
mnli,prompting,lora,full,32.0,64.0,2.0,0.0001,5000,low,iso_step,43,0.8748905168637341,0.0,646.5005,19.899878978729248,80740352,938,mnli_prompting_ladder_isostep_full,mnli_prompting,results/mnli/prompting_ladder_isostep_full/metrics/result_1785767243391162472_3446737.json,ladder_isostep_full
mnli,prompting,lora,full,32.0,64.0,2.0,0.0003,5000,low,iso_step,42,0.8636725547528146,0.0,644.0142,19.90468120574951,80740352,938,mnli_prompting_ladder_isostep_full,mnli_prompting,results/mnli/prompting_ladder_isostep_full/metrics/result_1785768019840752946_128212.json,ladder_isostep_full
mnli,prompting,lora,full,32.0,64.0,2.0,0.0003,5000,low,iso_step,43,0.1713719663199603,0.0,704.6587,19.899878978729248,80740352,938,mnli_prompting_ladder_isostep_full,mnli_prompting,results/mnli/prompting_ladder_isostep_full/metrics/result_1785768047935289713_3449213.json,ladder_isostep_full
mnli,prompting,lora,full,32.0,64.0,2.0,0.0001,5000,low,iso_step,44,0.860062583217802,0.0,657.4406,19.89817762374878,80740352,938,mnli_prompting_ladder_isostep_full,mnli_prompting,results/mnli/prompting_ladder_isostep_full/metrics/result_1785768055448207452_3881144.json,ladder_isostep_full
mnli,prompting,lora,full,32.0,64.0,2.0,0.0003,5000,low,iso_step,44,0.8704922458643166,0.0,672.4511,19.89817762374878,80740352,938,mnli_prompting_ladder_isostep_full,mnli_prompting,results/mnli/prompting_ladder_isostep_full/metrics/result_1785768225419633170_3450309.json,ladder_isostep_full
mnli,prompting,lora,full,32.0,64.0,2.0,0.0001,20000,high,iso_step,44,0.8968913451358972,0.0,638.6509,19.05313444137573,80740352,938,mnli_prompting_ladder_isostep_full,mnli_prompting,results/mnli/prompting_ladder_isostep_full/metrics/result_1785768899596407924_132447.json,ladder_isostep_full
mnli,prompting,lora,full,32.0,64.0,2.0,0.0001,20000,high,iso_step,43,0.897500798420579,0.0,642.6251,19.5846905708313,80740352,938,mnli_prompting_ladder_isostep_full,mnli_prompting,results/mnli/prompting_ladder_isostep_full/metrics/result_1785768930550712449_3885373.json,ladder_isostep_full
mnli,prompting,lora,full,32.0,64.0,2.0,0.0001,20000,high,iso_step,42,0.8918404054657157,0.0,654.266,19.584447860717773,80740352,938,mnli_prompting_ladder_isostep_full,mnli_prompting,results/mnli/prompting_ladder_isostep_full/metrics/result_1785768941433523870_3452501.json,ladder_isostep_full
mnli,prompting,lora,full,32.0,64.0,2.0,0.0003,20000,high,iso_step,42,0.555533264669443,0.0,663.6863,19.584447860717773,80740352,938,mnli_prompting_ladder_isostep_full,mnli_prompting,results/mnli/prompting_ladder_isostep_full/metrics/result_1785769083341832085_3453409.json,ladder_isostep_full
mnli,prompting,lora,full,32.0,64.0,2.0,0.0003,20000,high,iso_step,44,0.9075988230372692,0.0,636.3679,19.05313444137573,80740352,938,mnli_prompting_ladder_isostep_full,mnli_prompting,results/mnli/prompting_ladder_isostep_full/metrics/result_1785769792272400260_135053.json,ladder_isostep_full
mnli,prompting,lora,full,32.0,64.0,2.0,0.0003,20000,high,iso_step,43,0.8725606594066432,0.0,639.7418,19.5846905708313,80740352,938,mnli_prompting_ladder_isostep_full,mnli_prompting,results/mnli/prompting_ladder_isostep_full/metrics/result_1785769792757785452_3888061.json,ladder_isostep_full
mnli,prompting,lora,full,32.0,64.0,2.0,0.0001,50000,high,iso_step,42,0.8953886464146382,0.0,648.5478,20.732555389404297,80740352,938,mnli_prompting_ladder_isostep_full,mnli_prompting,results/mnli/prompting_ladder_isostep_full/metrics/result_1785769801928768597_3455646.json,ladder_isostep_full
mnli,prompting,lora,full,32.0,64.0,2.0,0.0001,50000,high,iso_step,43,0.8959344421529295,0.0,649.9534,19.438266277313232,80740352,938,mnli_prompting_ladder_isostep_full,mnli_prompting,results/mnli/prompting_ladder_isostep_full/metrics/result_1785769933777325519_3456563.json,ladder_isostep_full
mnli,prompting,lora,full,32.0,64.0,2.0,0.0003,50000,high,iso_step,43,0.8869574900488177,0.0,636.343,19.438266277313232,80740352,938,mnli_prompting_ladder_isostep_full,mnli_prompting,results/mnli/prompting_ladder_isostep_full/metrics/result_1785770651346670908_2889482.json,ladder_isostep_full
mnli,prompting,lora,full,32.0,64.0,2.0,0.0001,50000,high,iso_step,44,0.8984410452312682,0.0,649.481,20.4226016998291,80740352,938,mnli_prompting_ladder_isostep_full,mnli_prompting,results/mnli/prompting_ladder_isostep_full/metrics/result_1785770665222322977_3458641.json,ladder_isostep_full
mnli,prompting,lora,full,32.0,64.0,2.0,0.0003,50000,high,iso_step,42,0.8810970246007775,0.0,663.574,20.732555389404297,80740352,938,mnli_prompting_ladder_isostep_full,mnli_prompting,results/mnli/prompting_ladder_isostep_full/metrics/result_1785770669079864483_3890650.json,ladder_isostep_full
mnli,prompting,lora,full,32.0,64.0,2.0,0.0003,50000,high,iso_step,44,0.8885676818174534,0.0,643.8464,20.4226016998291,80740352,938,mnli_prompting_ladder_isostep_full,mnli_prompting,results/mnli/prompting_ladder_isostep_full/metrics/result_1785770787882275562_3459551.json,ladder_isostep_full
mnli,prompting,lora,full,64.0,128.0,2.0,0.0001,1000,low,iso_step,44,0.8371994433128709,0.0,650.6684,19.51889610290528,161480704,938,mnli_prompting_ladder_isostep_full,mnli_prompting,results/mnli/prompting_ladder_isostep_full/metrics/result_1785771515894392801_2891553.json,ladder_isostep_full
mnli,prompting,lora,full,64.0,128.0,2.0,0.0001,1000,low,iso_step,42,0.8641719952249813,0.0,750.9589,19.5200138092041,161480704,938,mnli_prompting_ladder_isostep_full,mnli_prompting,results/mnli/prompting_ladder_isostep_full/metrics/result_1785771609000027606_3461741.json,ladder_isostep_full
mnli,prompting,lora,full,64.0,128.0,2.0,0.0001,1000,low,iso_step,43,0.8584352570800298,0.0,752.3148,19.51984977722168,161480704,938,mnli_prompting_ladder_isostep_full,mnli_prompting,results/mnli/prompting_ladder_isostep_full/metrics/result_1785771629526848837_3893951.json,ladder_isostep_full
mnli,prompting,lora,full,64.0,128.0,2.0,0.0003,1000,low,iso_step,42,0.447777789580553,0.0,691.8973,19.5200138092041,161480704,938,mnli_prompting_ladder_isostep_full,mnli_prompting,results/mnli/prompting_ladder_isostep_full/metrics/result_1785771850218992688_3462988.json,ladder_isostep_full
mnli,prompting,lora,full,64.0,128.0,2.0,0.0003,1000,low,iso_step,43,0.1713719663199603,0.0,655.3121,19.51984977722168,161480704,938,mnli_prompting_ladder_isostep_full,mnli_prompting,results/mnli/prompting_ladder_isostep_full/metrics/result_1785772419404274587_2893659.json,ladder_isostep_full
mnli,prompting,lora,full,64.0,128.0,2.0,0.0001,5000,low,iso_step,42,0.866014561570117,0.0,669.9017,20.52484035491944,161480704,938,mnli_prompting_ladder_isostep_full,mnli_prompting,results/mnli/prompting_ladder_isostep_full/metrics/result_1785772512765887536_3465056.json,ladder_isostep_full
mnli,prompting,lora,full,64.0,128.0,2.0,0.0003,1000,low,iso_step,44,0.1713719663199603,0.0,660.6644,19.51889610290528,161480704,938,mnli_prompting_ladder_isostep_full,mnli_prompting,results/mnli/prompting_ladder_isostep_full/metrics/result_1785772516046364367_3897523.json,ladder_isostep_full
mnli,prompting,lora,full,64.0,128.0,2.0,0.0001,5000,low,iso_step,43,0.8735780672596735,0.0,656.3517,20.49303388595581,161480704,938,mnli_prompting_ladder_isostep_full,mnli_prompting,results/mnli/prompting_ladder_isostep_full/metrics/result_1785772722102666896_3466165.json,ladder_isostep_full
mnli,prompting,lora,full,64.0,128.0,2.0,0.0003,5000,low,iso_step,42,0.3089774082268997,0.0,646.1692,20.52484035491944,161480704,938,mnli_prompting_ladder_isostep_full,mnli_prompting,results/mnli/prompting_ladder_isostep_full/metrics/result_1785773362607506228_490155.json,ladder_isostep_full
mnli,prompting,lora,full,64.0,128.0,2.0,0.0001,5000,low,iso_step,44,0.8694096065991076,0.0,663.9677,20.49828290939331,161480704,938,mnli_prompting_ladder_isostep_full,mnli_prompting,results/mnli/prompting_ladder_isostep_full/metrics/result_1785773374641876641_3468151.json,ladder_isostep_full
mnli,prompting,lora,full,64.0,128.0,2.0,0.0003,5000,low,iso_step,43,0.7016414887807736,0.0,979.8182,20.49303388595581,161480704,938,mnli_prompting_ladder_isostep_full,mnli_prompting,results/mnli/prompting_ladder_isostep_full/metrics/result_1785773697740157930_875632.json,ladder_isostep_full
mnli,prompting,lora,full,64.0,128.0,2.0,0.0003,5000,low,iso_step,44,0.8717707985608842,0.0,738.3426,20.49828290939331,161480704,938,mnli_prompting_ladder_isostep_full,mnli_prompting,results/mnli/prompting_ladder_isostep_full/metrics/result_1785773744304224307_3469287.json,ladder_isostep_full
mnli,prompting,lora,full,64.0,128.0,2.0,0.0001,20000,high,iso_step,42,0.8837142808623545,0.0,644.9038,19.888490676879883,161480704,938,mnli_prompting_ladder_isostep_full,mnli_prompting,results/mnli/prompting_ladder_isostep_full/metrics/result_1785774274833863960_3902887.json,ladder_isostep_full
mnli,prompting,lora,full,64.0,128.0,2.0,0.0001,20000,high,iso_step,43,0.8872710800491813,0.0,643.7833,19.887970447540283,161480704,938,mnli_prompting_ladder_isostep_full,mnli_prompting,results/mnli/prompting_ladder_isostep_full/metrics/result_1785774275635284324_3902888.json,ladder_isostep_full
mnli,prompting,lora,full,64.0,128.0,2.0,0.0001,20000,high,iso_step,44,0.8932903345668635,0.0,680.4472,19.358581066131592,161480704,938,mnli_prompting_ladder_isostep_full,mnli_prompting,results/mnli/prompting_ladder_isostep_full/metrics/result_1785774583232909963_882941.json,ladder_isostep_full
mnli,prompting,lora,full,64.0,128.0,2.0,0.0003,20000,high,iso_step,42,0.1713719663199603,0.0,651.2139,19.888490676879883,161480704,938,mnli_prompting_ladder_isostep_full,mnli_prompting,results/mnli/prompting_ladder_isostep_full/metrics/result_1785774586059755613_3472074.json,ladder_isostep_full
mnli,prompting,lora,full,64.0,128.0,2.0,0.0003,20000,high,iso_step,43,0.1713719663199603,0.0,645.8402,19.887970447540283,161480704,938,mnli_prompting_ladder_isostep_full,mnli_prompting,results/mnli/prompting_ladder_isostep_full/metrics/result_1785775229404155394_3906308.json,ladder_isostep_full
mnli,prompting,lora,full,64.0,128.0,2.0,0.0003,20000,high,iso_step,44,0.8408685840167905,0.0,653.0995,19.358581066131592,161480704,938,mnli_prompting_ladder_isostep_full,mnli_prompting,results/mnli/prompting_ladder_isostep_full/metrics/result_1785775239413664152_3906307.json,ladder_isostep_full
mnli,prompting,lora,full,64.0,128.0,2.0,0.0001,50000,high,iso_step,43,0.8835584488363725,0.0,649.4614,20.062659740448,161480704,938,mnli_prompting_ladder_isostep_full,mnli_prompting,results/mnli/prompting_ladder_isostep_full/metrics/result_1785775436399197639_3474946.json,ladder_isostep_full
mnli,prompting,lora,full,64.0,128.0,2.0,0.0001,50000,high,iso_step,42,0.8996347076842434,0.0,658.3645,21.34105682373047,161480704,938,mnli_prompting_ladder_isostep_full,mnli_prompting,results/mnli/prompting_ladder_isostep_full/metrics/result_1785775445242984022_886207.json,ladder_isostep_full
mnli,prompting,lora,full,64.0,128.0,2.0,0.0001,50000,high,iso_step,44,0.9010754385658244,0.0,646.1612,20.72760581970215,161480704,938,mnli_prompting_ladder_isostep_full,mnli_prompting,results/mnli/prompting_ladder_isostep_full/metrics/result_1785776123761386127_3909729.json,ladder_isostep_full
mnli,prompting,lora,full,64.0,128.0,2.0,0.0003,50000,high,iso_step,42,0.3033980512241381,0.0,652.8929,21.34105682373047,161480704,938,mnli_prompting_ladder_isostep_full,mnli_prompting,results/mnli/prompting_ladder_isostep_full/metrics/result_1785776133919196837_3909728.json,ladder_isostep_full
mnli,prompting,lora,full,64.0,128.0,2.0,0.0003,50000,high,iso_step,44,0.1713719663199603,0.0,657.0192,20.72760581970215,161480704,938,mnli_prompting_ladder_isostep_full,mnli_prompting,results/mnli/prompting_ladder_isostep_full/metrics/result_1785776291447035635_3477406.json,ladder_isostep_full
mnli,prompting,lora,full,64.0,128.0,2.0,0.0003,50000,high,iso_step,43,0.8756167870894274,0.0,654.6805,20.062659740448,161480704,938,mnli_prompting_ladder_isostep_full,mnli_prompting,results/mnli/prompting_ladder_isostep_full/metrics/result_1785776297381787375_888825.json,ladder_isostep_full
mnli,prompting,lora,full,64.0,128.0,2.0,0.0005,1000,low,iso_step,42,0.1713719663199603,0.0,664.1994,19.5200138092041,161480704,938,mnli_prompting_ladder_isostep_full_r64_lr5e4,mnli_prompting,results/mnli/prompting_ladder_isostep_full_r64_lr5e4/metrics/result_1786051979031370953_2354623.json,ladder_isostep_full_r64_lr5e4
mnli,prompting,lora,full,64.0,128.0,2.0,0.0005,1000,low,iso_step,43,0.1713719663199603,0.0,675.818,19.51984977722168,161480704,938,mnli_prompting_ladder_isostep_full_r64_lr5e4,mnli_prompting,results/mnli/prompting_ladder_isostep_full_r64_lr5e4/metrics/result_1786052287548013071_2990578.json,ladder_isostep_full_r64_lr5e4
mnli,prompting,lora,full,64.0,128.0,2.0,0.0005,1000,low,iso_step,44,0.1713719663199603,0.0,665.3965,19.51889610290528,161480704,938,mnli_prompting_ladder_isostep_full_r64_lr5e4,mnli_prompting,results/mnli/prompting_ladder_isostep_full_r64_lr5e4/metrics/result_1786053991420813089_2364146.json,ladder_isostep_full_r64_lr5e4
mnli,prompting,lora,full,64.0,128.0,2.0,0.0005,5000,low,iso_step,42,0.1713719663199603,0.0,666.915,20.52484035491944,161480704,938,mnli_prompting_ladder_isostep_full_r64_lr5e4,mnli_prompting,results/mnli/prompting_ladder_isostep_full_r64_lr5e4/metrics/result_1786083239664289726_3163160.json,ladder_isostep_full_r64_lr5e4
mnli,prompting,lora,full,64.0,128.0,2.0,0.0005,5000,low,iso_step,43,0.1713719663199603,0.0,943.2317,20.49303388595581,161480704,938,mnli_prompting_ladder_isostep_full_r64_lr5e4,mnli_prompting,results/mnli/prompting_ladder_isostep_full_r64_lr5e4/metrics/result_1786084806476934517_71617.json,ladder_isostep_full_r64_lr5e4
mnli,prompting,lora,full,64.0,128.0,2.0,0.0005,5000,low,iso_step,44,0.1713719663199603,0.0,678.2605,20.49828290939331,161480704,938,mnli_prompting_ladder_isostep_full_r64_lr5e4,mnli_prompting,results/mnli/prompting_ladder_isostep_full_r64_lr5e4/metrics/result_1786086244977836145_2481329.json,ladder_isostep_full_r64_lr5e4
mnli,prompting,lora,full,64.0,128.0,2.0,0.0005,20000,high,iso_step,42,0.1713719663199603,0.0,688.2452,19.888490676879883,161480704,938,mnli_prompting_ladder_isostep_full_r64_lr5e4,mnli_prompting,results/mnli/prompting_ladder_isostep_full_r64_lr5e4/metrics/result_1786086889125913730_2483284.json,ladder_isostep_full_r64_lr5e4
mnli,prompting,lora,full,64.0,128.0,2.0,0.0005,20000,high,iso_step,43,0.1713719663199603,0.0,676.6126,19.887970447540283,161480704,938,mnli_prompting_ladder_isostep_full_r64_lr5e4,mnli_prompting,results/mnli/prompting_ladder_isostep_full_r64_lr5e4/metrics/result_1786087190313760367_2484541.json,ladder_isostep_full_r64_lr5e4
mnli,prompting,lora,full,64.0,128.0,2.0,0.0005,20000,high,iso_step,44,0.1713719663199603,0.0,826.6787,19.358581066131592,161480704,938,mnli_prompting_ladder_isostep_full_r64_lr5e4,mnli_prompting,results/mnli/prompting_ladder_isostep_full_r64_lr5e4/metrics/result_1786087969710453238_2486471.json,ladder_isostep_full_r64_lr5e4
mnli,prompting,lora,full,64.0,128.0,2.0,0.0005,50000,high,iso_step,42,0.1713719663199603,0.0,707.5015,21.34105682373047,161480704,938,mnli_prompting_ladder_isostep_full_r64_lr5e4,mnli_prompting,results/mnli/prompting_ladder_isostep_full_r64_lr5e4/metrics/result_1786088445027206728_2488264.json,ladder_isostep_full_r64_lr5e4
mnli,prompting,lora,full,64.0,128.0,2.0,0.0005,50000,high,iso_step,43,0.1713719663199603,0.0,648.4187,20.062659740448,161480704,938,mnli_prompting_ladder_isostep_full_r64_lr5e4,mnli_prompting,results/mnli/prompting_ladder_isostep_full_r64_lr5e4/metrics/result_1786088930767937950_2490074.json,ladder_isostep_full_r64_lr5e4
mnli,prompting,lora,full,64.0,128.0,2.0,0.0005,50000,high,iso_step,44,0.1713719663199603,0.0,695.8709,20.72760581970215,161480704,938,mnli_prompting_ladder_isostep_full_r64_lr5e4,mnli_prompting,results/mnli/prompting_ladder_isostep_full_r64_lr5e4/metrics/result_1786089356634569096_2491450.json,ladder_isostep_full_r64_lr5e4
mnli,prompting,lora,attention,64.0,128.0,2.0,0.0005,1000,low,iso_step,42,0.1753306878306878,0.0,488.2919,18.56778717041016,40370176,938,mnli_prompting_ladder_isostep_r64_lr5e4,mnli_prompting,results/mnli/prompting_ladder_isostep_r64_lr5e4/metrics/result_1786042051216595419_2299172.json,ladder_isostep_r64_lr5e4
mnli,prompting,lora,attention,64.0,128.0,2.0,0.0005,1000,low,iso_step,43,0.1706349206349206,0.0,488.359,18.56778717041016,40370176,938,mnli_prompting_ladder_isostep_r64_lr5e4,mnli_prompting,results/mnli/prompting_ladder_isostep_r64_lr5e4/metrics/result_1786043532996916199_2307998.json,ladder_isostep_r64_lr5e4
mnli,prompting,lora,attention,64.0,128.0,2.0,0.0005,1000,low,iso_step,44,0.1713719663199603,0.0,487.2961,18.56778717041016,40370176,938,mnli_prompting_ladder_isostep_r64_lr5e4,mnli_prompting,results/mnli/prompting_ladder_isostep_r64_lr5e4/metrics/result_1786045016079971917_2316950.json,ladder_isostep_r64_lr5e4
mnli,prompting,lora,attention,64.0,128.0,2.0,0.0005,5000,low,iso_step,42,0.1713719663199603,0.0,492.0545,19.58393430709839,40370176,938,mnli_prompting_ladder_isostep_r64_lr5e4,mnli_prompting,results/mnli/prompting_ladder_isostep_r64_lr5e4/metrics/result_1786045862158106780_2953695.json,ladder_isostep_r64_lr5e4
mnli,prompting,lora,attention,64.0,128.0,2.0,0.0005,5000,low,iso_step,43,0.1713719663199603,0.0,485.985,19.583667278289795,40370176,938,mnli_prompting_ladder_isostep_r64_lr5e4,mnli_prompting,results/mnli/prompting_ladder_isostep_r64_lr5e4/metrics/result_1786046457188393286_2325696.json,ladder_isostep_r64_lr5e4
mnli,prompting,lora,attention,64.0,128.0,2.0,0.0005,5000,low,iso_step,44,0.1713719663199603,0.0,492.8636,19.584414958953857,40370176,938,mnli_prompting_ladder_isostep_r64_lr5e4,mnli_prompting,results/mnli/prompting_ladder_isostep_r64_lr5e4/metrics/result_1786046531366349772_2955906.json,ladder_isostep_r64_lr5e4
mnli,prompting,lora,attention,64.0,128.0,2.0,0.0005,20000,high,iso_step,42,0.1713719663199603,0.0,491.6104,19.43327522277832,40370176,938,mnli_prompting_ladder_isostep_r64_lr5e4,mnli_prompting,results/mnli/prompting_ladder_isostep_r64_lr5e4/metrics/result_1786047207727068748_2327865.json,ladder_isostep_r64_lr5e4
mnli,prompting,lora,attention,64.0,128.0,2.0,0.0005,20000,high,iso_step,43,0.1713719663199603,0.0,489.1622,19.43376207351685,40370176,938,mnli_prompting_ladder_isostep_r64_lr5e4,mnli_prompting,results/mnli/prompting_ladder_isostep_r64_lr5e4/metrics/result_1786047899552163036_2964646.json,ladder_isostep_r64_lr5e4
mnli,prompting,lora,attention,64.0,128.0,2.0,0.0005,20000,high,iso_step,44,0.1713719663199603,0.0,483.6021,18.90239667892456,40370176,938,mnli_prompting_ladder_isostep_r64_lr5e4,mnli_prompting,results/mnli/prompting_ladder_isostep_r64_lr5e4/metrics/result_1786047958012813929_2330034.json,ladder_isostep_r64_lr5e4
mnli,prompting,lora,attention,64.0,128.0,2.0,0.0005,50000,high,iso_step,43,0.1713719663199603,0.0,477.938,19.11259412765503,40370176,938,mnli_prompting_ladder_isostep_r64_lr5e4,mnli_prompting,results/mnli/prompting_ladder_isostep_r64_lr5e4/metrics/result_1786049398166772408_2338815.json,ladder_isostep_r64_lr5e4
mnli,prompting,lora,attention,64.0,128.0,2.0,0.0005,50000,high,iso_step,42,0.1713719663199603,0.0,487.1373,20.422117710113525,40370176,938,mnli_prompting_ladder_isostep_r64_lr5e4,mnli_prompting,results/mnli/prompting_ladder_isostep_r64_lr5e4/metrics/result_1786049413383079735_2974436.json,ladder_isostep_r64_lr5e4
mnli,prompting,lora,attention,64.0,128.0,2.0,0.0005,50000,high,iso_step,44,0.1713719663199603,0.0,487.0361,20.271732807159424,40370176,938,mnli_prompting_ladder_isostep_r64_lr5e4,mnli_prompting,results/mnli/prompting_ladder_isostep_r64_lr5e4/metrics/result_1786050738295497191_2981818.json,ladder_isostep_r64_lr5e4
mnli,prompting,lora,attention,4.0,8.0,2.0,0.0001,5000,low,iso_epoch,43,0.881947264714288,0.0,472.8576,19.302592754364014,2523136,939,mnli_prompting_main_attention,mnli_prompting,results/mnli/prompting_main_attention/metrics/result_1784594514.json,main_attention
mnli,prompting,lora,attention,4.0,8.0,2.0,0.0001,5000,low,iso_epoch,44,0.8848073011675357,0.0,477.7626,19.303081035614014,2523136,939,mnli_prompting_main_attention,mnli_prompting,results/mnli/prompting_main_attention/metrics/result_1784594518.json,main_attention
mnli,prompting,lora,attention,4.0,8.0,2.0,0.0001,5000,low,iso_epoch,42,0.8830511710286686,0.0,562.8539,19.302592754364014,2523136,939,mnli_prompting_main_attention,mnli_prompting,results/mnli/prompting_main_attention/metrics/result_1784594564.json,main_attention
mnli,prompting,lora,attention,4.0,8.0,2.0,0.0003,5000,low,iso_epoch,42,0.8751793082223577,0.0,471.6546,19.302592754364014,2523136,939,mnli_prompting_main_attention,mnli_prompting,results/mnli/prompting_main_attention/metrics/result_1784612030.json,main_attention
mnli,prompting,lora,attention,4.0,8.0,2.0,0.0003,5000,low,iso_epoch,43,0.8731544058328385,0.0,479.2418,19.302592754364014,2523136,939,mnli_prompting_main_attention,mnli_prompting,results/mnli/prompting_main_attention/metrics/result_1784612039.json,main_attention
mnli,prompting,lora,attention,4.0,8.0,2.0,0.0005,5000,low,iso_epoch,42,0.8695129119184893,0.0,474.5646,19.302592754364014,2523136,939,mnli_prompting_main_attention,mnli_prompting,results/mnli/prompting_main_attention/metrics/result_1784612857.json,main_attention
mnli,prompting,lora,attention,4.0,8.0,2.0,0.0003,5000,low,iso_epoch,44,0.8741870844509517,0.0,474.8503,19.303081035614014,2523136,939,mnli_prompting_main_attention,mnli_prompting,results/mnli/prompting_main_attention/metrics/result_1784612858.json,main_attention
mnli,prompting,lora,attention,4.0,8.0,2.0,0.0005,5000,low,iso_epoch,44,0.8791992537848893,0.0,472.624,19.303081035614014,2523136,939,mnli_prompting_main_attention,mnli_prompting,results/mnli/prompting_main_attention/metrics/result_1784613546.json,main_attention
mnli,prompting,lora,attention,4.0,8.0,2.0,0.0005,5000,low,iso_epoch,43,0.8730215691644015,0.0,477.9508,19.302592754364014,2523136,939,mnli_prompting_main_attention,mnli_prompting,results/mnli/prompting_main_attention/metrics/result_1784613552.json,main_attention
mnli,prompting,lora,attention,8.0,8.0,1.0,0.0001,5000,low,iso_epoch,42,0.8867145953590324,0.0,468.9472,19.32577085494995,5046272,939,mnli_prompting_main_attention,mnli_prompting,results/mnli/prompting_main_attention/metrics/result_1784613683.json,main_attention
mnli,prompting,lora,attention,8.0,8.0,1.0,0.0001,5000,low,iso_epoch,44,0.8911397460497086,0.0,467.8566,19.32599210739136,5046272,939,mnli_prompting_main_attention,mnli_prompting,results/mnli/prompting_main_attention/metrics/result_1784614393.json,main_attention
mnli,prompting,lora,attention,8.0,8.0,1.0,0.0001,5000,low,iso_epoch,43,0.88368995969641,0.0,483.6806,19.32550382614136,5046272,939,mnli_prompting_main_attention,mnli_prompting,results/mnli/prompting_main_attention/metrics/result_1784614412.json,main_attention
mnli,prompting,lora,attention,8.0,8.0,1.0,0.0003,5000,low,iso_epoch,42,0.8852957872046661,0.0,470.0269,19.32577085494995,5046272,939,mnli_prompting_main_attention,mnli_prompting,results/mnli/prompting_main_attention/metrics/result_1784614468.json,main_attention
mnli,prompting,lora,attention,8.0,8.0,1.0,0.0003,5000,low,iso_epoch,44,0.8649962672993192,0.0,465.5464,19.32599210739136,5046272,939,mnli_prompting_main_attention,mnli_prompting,results/mnli/prompting_main_attention/metrics/result_1784615061.json,main_attention
mnli,prompting,lora,attention,8.0,8.0,1.0,0.0003,5000,low,iso_epoch,43,0.887392512539015,0.0,469.6993,19.32550382614136,5046272,939,mnli_prompting_main_attention,mnli_prompting,results/mnli/prompting_main_attention/metrics/result_1784615067.json,main_attention
mnli,prompting,lora,attention,8.0,8.0,1.0,0.0005,5000,low,iso_epoch,42,0.8796808540599655,0.0,473.6855,19.32577085494995,5046272,939,mnli_prompting_main_attention,mnli_prompting,results/mnli/prompting_main_attention/metrics/result_1784615153.json,main_attention
mnli,prompting,lora,attention,8.0,8.0,1.0,0.0005,5000,low,iso_epoch,43,0.8682914331994512,0.0,469.8116,19.32550382614136,5046272,939,mnli_prompting_main_attention,mnli_prompting,results/mnli/prompting_main_attention/metrics/result_1784615728.json,main_attention
mnli,prompting,lora,attention,8.0,8.0,1.0,0.0005,5000,low,iso_epoch,44,0.8645667261456759,0.0,469.8888,19.32599210739136,5046272,939,mnli_prompting_main_attention,mnli_prompting,results/mnli/prompting_main_attention/metrics/result_1784615730.json,main_attention
mnli,prompting,lora,attention,8.0,16.0,2.0,0.0001,5000,low,iso_epoch,42,0.8848219638976755,0.0,467.691,19.32577085494995,5046272,939,mnli_prompting_main_attention,mnli_prompting,results/mnli/prompting_main_attention/metrics/result_1784615812.json,main_attention
mnli,prompting,lora,attention,8.0,16.0,2.0,0.0001,5000,low,iso_epoch,44,0.8888226824062512,0.0,468.742,19.32599210739136,5046272,939,mnli_prompting_main_attention,mnli_prompting,results/mnli/prompting_main_attention/metrics/result_1784616542.json,main_attention
mnli,prompting,lora,attention,8.0,16.0,2.0,0.0001,5000,low,iso_epoch,43,0.8857926348254909,0.0,467.8637,19.32550382614136,5046272,939,mnli_prompting_main_attention,mnli_prompting,results/mnli/prompting_main_attention/metrics/result_1784616543.json,main_attention
mnli,prompting,lora,attention,8.0,16.0,2.0,0.0003,5000,low,iso_epoch,42,0.8734125827021186,0.0,478.3957,19.32577085494995,5046272,939,mnli_prompting_main_attention,mnli_prompting,results/mnli/prompting_main_attention/metrics/result_1784616576.json,main_attention
mnli,prompting,lora,attention,8.0,16.0,2.0,0.0005,5000,low,iso_epoch,42,0.8502921126649339,0.0,470.0431,19.32577085494995,5046272,939,mnli_prompting_main_attention,mnli_prompting,results/mnli/prompting_main_attention/metrics/result_1784617239.json,main_attention
mnli,prompting,lora,attention,8.0,16.0,2.0,0.0003,5000,low,iso_epoch,44,0.8710233407684423,0.0,470.784,19.32599210739136,5046272,939,mnli_prompting_main_attention,mnli_prompting,results/mnli/prompting_main_attention/metrics/result_1784617241.json,main_attention
mnli,prompting,lora,attention,8.0,16.0,2.0,0.0003,5000,low,iso_epoch,43,0.8632087503953798,0.0,538.9512,19.32550382614136,5046272,939,mnli_prompting_main_attention,mnli_prompting,results/mnli/prompting_main_attention/metrics/result_1784617364.json,main_attention
mnli,prompting,lora,attention,8.0,16.0,2.0,0.0005,5000,low,iso_epoch,44,0.859737411719582,0.0,472.8569,19.32599210739136,5046272,939,mnli_prompting_main_attention,mnli_prompting,results/mnli/prompting_main_attention/metrics/result_1784618019.json,main_attention
mnli,prompting,lora,attention,8.0,16.0,2.0,0.0005,5000,low,iso_epoch,43,0.8688281908315217,0.0,474.936,19.32550382614136,5046272,939,mnli_prompting_main_attention,mnli_prompting,results/mnli/prompting_main_attention/metrics/result_1784618021.json,main_attention
mnli,prompting,lora,attention,16.0,16.0,1.0,0.0001,5000,low,iso_epoch,42,0.8807754438314066,0.0,478.833,19.372928142547607,10092544,939,mnli_prompting_main_attention,mnli_prompting,results/mnli/prompting_main_attention/metrics/result_1784618078.json,main_attention
mnli,prompting,lora,attention,16.0,16.0,1.0,0.0001,5000,low,iso_epoch,43,0.8935248082064494,0.0,476.2406,19.372661113739014,10092544,939,mnli_prompting_main_attention,mnli_prompting,results/mnli/prompting_main_attention/metrics/result_1784618767.json,main_attention
mnli,prompting,lora,attention,16.0,16.0,1.0,0.0001,5000,low,iso_epoch,44,0.8829299418752613,0.0,479.5016,19.37340879440308,10092544,939,mnli_prompting_main_attention,mnli_prompting,results/mnli/prompting_main_attention/metrics/result_1784618770.json,main_attention
mnli,prompting,lora,attention,16.0,16.0,1.0,0.0003,5000,low,iso_epoch,42,0.8773137139875513,0.0,683.455,19.372928142547607,10092544,939,mnli_prompting_main_attention,mnli_prompting,results/mnli/prompting_main_attention/metrics/result_1784618962.json,main_attention
mnli,prompting,lora,attention,16.0,16.0,1.0,0.0003,5000,low,iso_epoch,43,0.8689770785226932,0.0,472.3272,19.372661113739014,10092544,939,mnli_prompting_main_attention,mnli_prompting,results/mnli/prompting_main_attention/metrics/result_1784619682.json,main_attention
mnli,prompting,lora,attention,16.0,16.0,1.0,0.0003,5000,low,iso_epoch,44,0.8673103929918851,0.0,482.4521,19.37340879440308,10092544,939,mnli_prompting_main_attention,mnli_prompting,results/mnli/prompting_main_attention/metrics/result_1784619691.json,main_attention
mnli,prompting,lora,attention,16.0,16.0,1.0,0.0005,5000,low,iso_epoch,42,0.8820907243163342,0.0,583.3916,19.372928142547607,10092544,939,mnli_prompting_main_attention,mnli_prompting,results/mnli/prompting_main_attention/metrics/result_1784619811.json,main_attention
mnli,prompting,lora,attention,16.0,16.0,1.0,0.0005,5000,low,iso_epoch,43,0.8692543148570565,0.0,493.0212,19.372661113739014,10092544,939,mnli_prompting_main_attention,mnli_prompting,results/mnli/prompting_main_attention/metrics/result_1784622264.json,main_attention
mnli,prompting,lora,attention,16.0,32.0,2.0,0.0001,5000,low,iso_epoch,42,0.8978911832953145,0.0,494.4593,19.372928142547607,10092544,939,mnli_prompting_main_attention,mnli_prompting,results/mnli/prompting_main_attention/metrics/result_1784622266.json,main_attention
mnli,prompting,lora,attention,16.0,16.0,1.0,0.0005,5000,low,iso_epoch,44,0.8546119852947293,0.0,498.3157,19.37340879440308,10092544,939,mnli_prompting_main_attention,mnli_prompting,results/mnli/prompting_main_attention/metrics/result_1784622270.json,main_attention
mnli,prompting,lora,attention,16.0,32.0,2.0,0.0001,5000,low,iso_epoch,43,0.8809614251512631,0.0,539.6835,19.372661113739014,10092544,939,mnli_prompting_main_attention,mnli_prompting,results/mnli/prompting_main_attention/metrics/result_1784622334.json,main_attention
mnli,prompting,lora,attention,16.0,32.0,2.0,0.0003,5000,low,iso_epoch,43,0.8514694580482446,0.0,487.6557,19.372661113739014,10092544,939,mnli_prompting_main_attention,mnli_prompting,results/mnli/prompting_main_attention/metrics/result_1784623026.json,main_attention
mnli,prompting,lora,attention,16.0,32.0,2.0,0.0001,5000,low,iso_epoch,44,0.8846832812115099,0.0,489.4161,19.37340879440308,10092544,939,mnli_prompting_main_attention,mnli_prompting,results/mnli/prompting_main_attention/metrics/result_1784623029.json,main_attention
mnli,prompting,lora,attention,16.0,32.0,2.0,0.0003,5000,low,iso_epoch,42,0.8781868435599779,0.0,491.3867,19.372928142547607,10092544,939,mnli_prompting_main_attention,mnli_prompting,results/mnli/prompting_main_attention/metrics/result_1784623032.json,main_attention
mnli,prompting,lora,attention,16.0,32.0,2.0,0.0003,5000,low,iso_epoch,44,0.8631183330270188,0.0,542.3616,19.37340879440308,10092544,939,mnli_prompting_main_attention,mnli_prompting,results/mnli/prompting_main_attention/metrics/result_1784623141.json,main_attention
mnli,prompting,lora,attention,16.0,32.0,2.0,0.0005,5000,low,iso_epoch,43,0.8796696033808026,0.0,486.1839,19.372661113739014,10092544,939,mnli_prompting_main_attention,mnli_prompting,results/mnli/prompting_main_attention/metrics/result_1784623748.json,main_attention
mnli,prompting,lora,attention,16.0,32.0,2.0,0.0005,5000,low,iso_epoch,42,0.190770632647748,0.0,488.2733,19.372928142547607,10092544,939,mnli_prompting_main_attention,mnli_prompting,results/mnli/prompting_main_attention/metrics/result_1784623753.json,main_attention
mnli,prompting,lora,attention,16.0,32.0,2.0,0.0005,5000,low,iso_epoch,44,0.8929365242701319,0.0,490.6838,19.37340879440308,10092544,939,mnli_prompting_main_attention,mnli_prompting,results/mnli/prompting_main_attention/metrics/result_1784623756.json,main_attention
mnli,prompting,lora,attention,32.0,32.0,1.0,0.0001,5000,low,iso_epoch,42,0.8913790636577562,0.0,646.9683,19.43135404586792,20185088,939,mnli_prompting_main_attention,mnli_prompting,results/mnli/prompting_main_attention/metrics/result_1784624318.json,main_attention
mnli,prompting,lora,attention,32.0,32.0,1.0,0.0001,5000,low,iso_epoch,44,0.8891741520116456,0.0,476.8481,19.43183469772339,20185088,939,mnli_prompting_main_attention,mnli_prompting,results/mnli/prompting_main_attention/metrics/result_1784624462.json,main_attention
mnli,prompting,lora,attention,32.0,32.0,1.0,0.0001,5000,low,iso_epoch,43,0.8854927893925107,0.0,481.3177,19.43108701705933,20185088,939,mnli_prompting_main_attention,mnli_prompting,results/mnli/prompting_main_attention/metrics/result_1784624467.json,main_attention
mnli,prompting,lora,attention,32.0,32.0,1.0,0.0003,5000,low,iso_epoch,42,0.872272774836994,0.0,481.1802,19.43135404586792,20185088,939,mnli_prompting_main_attention,mnli_prompting,results/mnli/prompting_main_attention/metrics/result_1784624469.json,main_attention
mnli,prompting,lora,attention,32.0,32.0,1.0,0.0003,5000,low,iso_epoch,43,0.8678858897819528,0.0,567.5264,19.43108701705933,20185088,939,mnli_prompting_main_attention,mnli_prompting,results/mnli/prompting_main_attention/metrics/result_1784625168.json,main_attention
mnli,prompting,lora,attention,32.0,32.0,1.0,0.0005,5000,low,iso_epoch,43,0.883349630029589,0.0,480.5175,19.43108701705933,20185088,939,mnli_prompting_main_attention,mnli_prompting,results/mnli/prompting_main_attention/metrics/result_1784625222.json,main_attention
mnli,prompting,lora,attention,32.0,32.0,1.0,0.0003,5000,low,iso_epoch,44,0.8673724680639209,0.0,561.93,19.43183469772339,20185088,939,mnli_prompting_main_attention,mnli_prompting,results/mnli/prompting_main_attention/metrics/result_1784625396.json,main_attention
mnli,prompting,lora,attention,32.0,32.0,1.0,0.0005,5000,low,iso_epoch,42,0.8602642404035592,0.0,564.6118,19.43135404586792,20185088,939,mnli_prompting_main_attention,mnli_prompting,results/mnli/prompting_main_attention/metrics/result_1784625400.json,main_attention
mnli,prompting,lora,attention,32.0,32.0,1.0,0.0005,5000,low,iso_epoch,44,0.8575754961267062,0.0,500.7044,19.43183469772339,20185088,939,mnli_prompting_main_attention,mnli_prompting,results/mnli/prompting_main_attention/metrics/result_1784625872.json,main_attention
mnli,prompting,lora,attention,32.0,64.0,2.0,0.0001,5000,low,iso_epoch,42,0.8681841272531655,0.0,486.2506,19.43135404586792,20185088,939,mnli_prompting_main_attention,mnli_prompting,results/mnli/prompting_main_attention/metrics/result_1784625886.json,main_attention
mnli,prompting,lora,attention,32.0,64.0,2.0,0.0001,5000,low,iso_epoch,43,0.8773214161391466,0.0,524.7989,19.43108701705933,20185088,939,mnli_prompting_main_attention,mnli_prompting,results/mnli/prompting_main_attention/metrics/result_1784626145.json,main_attention
mnli,prompting,lora,attention,32.0,64.0,2.0,0.0001,5000,low,iso_epoch,44,0.8772767445621009,0.0,528.305,19.43183469772339,20185088,939,mnli_prompting_main_attention,mnli_prompting,results/mnli/prompting_main_attention/metrics/result_1784626150.json,main_attention
mnli,prompting,lora,attention,32.0,64.0,2.0,0.0003,5000,low,iso_epoch,42,0.8781946826758148,0.0,475.0809,19.43135404586792,20185088,939,mnli_prompting_main_attention,mnli_prompting,results/mnli/prompting_main_attention/metrics/result_1784626632.json,main_attention
mnli,prompting,lora,attention,32.0,64.0,2.0,0.0003,5000,low,iso_epoch,43,0.8730646059593429,0.0,486.1484,19.43108701705933,20185088,939,mnli_prompting_main_attention,mnli_prompting,results/mnli/prompting_main_attention/metrics/result_1784626643.json,main_attention
mnli,prompting,lora,attention,32.0,64.0,2.0,0.0003,5000,low,iso_epoch,44,0.863784301986576,0.0,492.0778,19.43183469772339,20185088,939,mnli_prompting_main_attention,mnli_prompting,results/mnli/prompting_main_attention/metrics/result_1784626914.json,main_attention
mnli,prompting,lora,attention,32.0,64.0,2.0,0.0005,5000,low,iso_epoch,42,0.349537037037037,0.0,497.2438,19.43135404586792,20185088,939,mnli_prompting_main_attention,mnli_prompting,results/mnli/prompting_main_attention/metrics/result_1784626917.json,main_attention
mnli,prompting,lora,attention,32.0,64.0,2.0,0.0005,5000,low,iso_epoch,43,0.1713719663199603,0.0,483.39,19.43108701705933,20185088,939,mnli_prompting_main_attention,mnli_prompting,results/mnli/prompting_main_attention/metrics/result_1784627410.json,main_attention
mnli,prompting,lora,attention,32.0,64.0,2.0,0.0005,5000,low,iso_epoch,44,0.1716269841269841,0.0,507.7462,19.43183469772339,20185088,939,mnli_prompting_main_attention,mnli_prompting,results/mnli/prompting_main_attention/metrics/result_1784627437.json,main_attention
mnli,prompting,lora,attention,64.0,128.0,2.0,0.0001,5000,low,iso_epoch,43,0.8741262510594144,0.0,511.1916,19.583667278289795,40370176,939,mnli_prompting_main_attention,mnli_prompting,results/mnli/prompting_main_attention/metrics/result_1784627573.json,main_attention
mnli,prompting,lora,attention,64.0,128.0,2.0,0.0001,5000,low,iso_epoch,42,0.8640897813643046,0.0,515.4826,19.58393430709839,40370176,939,mnli_prompting_main_attention,mnli_prompting,results/mnli/prompting_main_attention/metrics/result_1784627581.json,main_attention
mnli,prompting,lora,attention,64.0,128.0,2.0,0.0003,5000,low,iso_epoch,42,0.1713719663199603,0.0,476.0116,19.58393430709839,40370176,939,mnli_prompting_main_attention,mnli_prompting,results/mnli/prompting_main_attention/metrics/result_1784628130.json,main_attention
mnli,prompting,lora,attention,64.0,128.0,2.0,0.0001,5000,low,iso_epoch,44,0.8734008604754969,0.0,476.286,19.584414958953857,40370176,939,mnli_prompting_main_attention,mnli_prompting,results/mnli/prompting_main_attention/metrics/result_1784628131.json,main_attention
mnli,prompting,lora,attention,64.0,128.0,2.0,0.0003,5000,low,iso_epoch,43,0.86320298438718,0.0,514.2611,19.583667278289795,40370176,939,mnli_prompting_main_attention,mnli_prompting,results/mnli/prompting_main_attention/metrics/result_1784628300.json,main_attention
mnli,prompting,lora,attention,64.0,128.0,2.0,0.0003,5000,low,iso_epoch,44,0.8440988284599444,0.0,520.1212,19.584414958953857,40370176,939,mnli_prompting_main_attention,mnli_prompting,results/mnli/prompting_main_attention/metrics/result_1784628310.json,main_attention
mnli,prompting,lora,attention,64.0,128.0,2.0,0.0005,5000,low,iso_epoch,44,0.1713719663199603,0.0,496.4275,19.584414958953857,40370176,939,mnli_prompting_main_attention,mnli_prompting,results/mnli/prompting_main_attention/metrics/result_1784628979.json,main_attention
mnli,prompting,lora,attention,64.0,128.0,2.0,0.0005,5000,low,iso_epoch,43,0.1713719663199603,0.0,971.4032,19.583667278289795,40370176,939,mnli_prompting_main_attention,mnli_prompting,results/mnli/prompting_main_attention/metrics/result_1784629503.json,main_attention
mnli,prompting,lora,attention,64.0,128.0,2.0,0.0005,5000,low,iso_epoch,42,0.1713719663199603,0.0,985.0023,19.58393430709839,40370176,939,mnli_prompting_main_attention,mnli_prompting,results/mnli/prompting_main_attention/metrics/result_1784629517.json,main_attention
mnli,prompting,lora,attention,64.0,128.0,2.0,0.0003,5000,low,iso_epoch,45,0.8591993308384797,0.0,493.5555,19.58366584777832,40370176,939,mnli_prompting_main_attention_riskyseeds_lr3e4,mnli_prompting,results/mnli/prompting_main_attention_riskyseeds_lr3e4/metrics/result_1785748106754085526_1468156.json,main_attention_riskyseeds_lr3e4
mnli,prompting,lora,attention,64.0,128.0,2.0,0.0003,5000,low,iso_epoch,46,0.8654125286478228,0.0,496.1513,19.58366584777832,40370176,939,mnli_prompting_main_attention_riskyseeds_lr3e4,mnli_prompting,results/mnli/prompting_main_attention_riskyseeds_lr3e4/metrics/result_1785748459324636103_2370914.json,main_attention_riskyseeds_lr3e4
mnli,prompting,lora,attention,64.0,128.0,2.0,0.0003,5000,low,iso_epoch,47,0.8751203579469374,0.0,551.026,19.43327522277832,40370176,939,mnli_prompting_main_attention_riskyseeds_lr3e4,mnli_prompting,results/mnli/prompting_main_attention_riskyseeds_lr3e4/metrics/result_1785748655102402558_1476644.json,main_attention_riskyseeds_lr3e4
mnli,prompting,lora,attention,64.0,128.0,2.0,0.0003,5000,low,iso_epoch,48,0.8837138724642665,0.0,552.9297,19.4337010383606,40370176,939,mnli_prompting_main_attention_riskyseeds_lr3e4,mnli_prompting,results/mnli/prompting_main_attention_riskyseeds_lr3e4/metrics/result_1785748656960113790_1476645.json,main_attention_riskyseeds_lr3e4
mnli,prompting,lora,attention,64.0,128.0,2.0,0.0003,5000,low,iso_epoch,49,0.8825767839056778,0.0,557.3551,19.58366298675537,40370176,939,mnli_prompting_main_attention_riskyseeds_lr3e4,mnli_prompting,results/mnli/prompting_main_attention_riskyseeds_lr3e4/metrics/result_1785748972995902104_2372459.json,main_attention_riskyseeds_lr3e4
mnli,prompting,lora,attention,64.0,128.0,2.0,0.0003,5000,low,iso_epoch,51,0.873511206905936,0.0,470.4636,19.58366298675537,40370176,939,mnli_prompting_main_attention_riskyseeds_lr3e4,mnli_prompting,results/mnli/prompting_main_attention_riskyseeds_lr3e4/metrics/result_1785749346829981591_1480833.json,main_attention_riskyseeds_lr3e4
mnli,prompting,lora,attention,64.0,128.0,2.0,0.0003,5000,low,iso_epoch,50,0.8659196935739543,0.0,568.7089,19.584471702575684,40370176,939,mnli_prompting_main_attention_riskyseeds_lr3e4,mnli_prompting,results/mnli/prompting_main_attention_riskyseeds_lr3e4/metrics/result_1785749358776222174_430025.json,main_attention_riskyseeds_lr3e4
mnli,prompting,lora,attention,16.0,32.0,2.0,0.0005,5000,low,iso_epoch,45,0.8697526719702706,0.0,495.2687,19.37265968322754,10092544,939,mnli_prompting_main_attention_riskyseeds_lr5e4,mnli_prompting,results/mnli/prompting_main_attention_riskyseeds_lr5e4/metrics/result_1785747548289286865_2365295.json,main_attention_riskyseeds_lr5e4
mnli,prompting,lora,attention,16.0,32.0,2.0,0.0005,5000,low,iso_epoch,46,0.1713719663199603,0.0,562.6513,19.37265968322754,10092544,939,mnli_prompting_main_attention_riskyseeds_lr5e4,mnli_prompting,results/mnli/prompting_main_attention_riskyseeds_lr5e4/metrics/result_1785747746000838389_425371.json,main_attention_riskyseeds_lr5e4
mnli,prompting,lora,attention,16.0,32.0,2.0,0.0005,5000,low,iso_epoch,48,0.8718613864712649,0.0,475.5581,19.33548784255981,10092544,939,mnli_prompting_main_attention_riskyseeds_lr5e4,mnli_prompting,results/mnli/prompting_main_attention_riskyseeds_lr5e4/metrics/result_1785747780993302382_2367547.json,main_attention_riskyseeds_lr5e4
mnli,prompting,lora,attention,16.0,32.0,2.0,0.0005,5000,low,iso_epoch,47,0.1713719663199603,0.0,480.09,19.33506202697754,10092544,939,mnli_prompting_main_attention_riskyseeds_lr5e4,mnli_prompting,results/mnli/prompting_main_attention_riskyseeds_lr5e4/metrics/result_1785747787340942030_2367665.json,main_attention_riskyseeds_lr5e4
mnli,prompting,lora,attention,16.0,32.0,2.0,0.0005,5000,low,iso_epoch,49,0.8676518389336145,0.0,482.0735,19.37265682220459,10092544,939,mnli_prompting_main_attention_riskyseeds_lr5e4,mnli_prompting,results/mnli/prompting_main_attention_riskyseeds_lr5e4/metrics/result_1785748207818405611_2369166.json,main_attention_riskyseeds_lr5e4
mnli,prompting,lora,attention,16.0,32.0,2.0,0.0005,5000,low,iso_epoch,51,0.389952772293044,0.0,492.7387,19.37265682220459,10092544,939,mnli_prompting_main_attention_riskyseeds_lr5e4,mnli_prompting,results/mnli/prompting_main_attention_riskyseeds_lr5e4/metrics/result_1785748454909036288_2370913.json,main_attention_riskyseeds_lr5e4
mnli,prompting,lora,attention,16.0,32.0,2.0,0.0005,5000,low,iso_epoch,50,0.885920605425219,0.0,577.1607,19.373465538024902,10092544,939,mnli_prompting_main_attention_riskyseeds_lr5e4,mnli_prompting,results/mnli/prompting_main_attention_riskyseeds_lr5e4/metrics/result_1785748545760013842_427719.json,main_attention_riskyseeds_lr5e4
mnli,prompting,lora,full,4.0,8.0,2.0,0.0001,5000,low,iso_epoch,43,0.8790340886853745,0.0,685.3283,19.37615537643433,10092544,939,mnli_prompting_main_full,mnli_prompting,results/mnli/prompting_main_full/metrics/result_1784622554.json,main_full
mnli,prompting,lora,full,4.0,8.0,2.0,0.0001,5000,low,iso_epoch,42,0.8831697242972921,0.0,695.0524,19.37340879440308,10092544,939,mnli_prompting_main_full,mnli_prompting,results/mnli/prompting_main_full/metrics/result_1784622641.json,main_full
mnli,prompting,lora,full,4.0,8.0,2.0,0.0001,5000,low,iso_epoch,44,0.8926906749123237,0.0,705.643,19.37340879440308,10092544,939,mnli_prompting_main_full,mnli_prompting,results/mnli/prompting_main_full/metrics/result_1784622850.json,main_full
mnli,prompting,lora,full,4.0,8.0,2.0,0.0003,5000,low,iso_epoch,42,0.8663220840862286,0.0,766.7399,19.37340879440308,10092544,939,mnli_prompting_main_full,mnli_prompting,results/mnli/prompting_main_full/metrics/result_1784623273.json,main_full
mnli,prompting,lora,full,4.0,8.0,2.0,0.0003,5000,low,iso_epoch,43,0.8580387128818661,0.0,671.805,19.37615537643433,10092544,939,mnli_prompting_main_full,mnli_prompting,results/mnli/prompting_main_full/metrics/result_1784623461.json,main_full
mnli,prompting,lora,full,4.0,8.0,2.0,0.0005,5000,low,iso_epoch,42,0.8681215080204806,0.0,772.3474,19.37340879440308,10092544,939,mnli_prompting_main_full,mnli_prompting,results/mnli/prompting_main_full/metrics/result_1784623852.json,main_full
mnli,prompting,lora,full,4.0,8.0,2.0,0.0003,5000,low,iso_epoch,44,0.8628028679078549,0.0,827.3608,19.37340879440308,10092544,939,mnli_prompting_main_full,mnli_prompting,results/mnli/prompting_main_full/metrics/result_1784623857.json,main_full
mnli,prompting,lora,full,4.0,8.0,2.0,0.0005,5000,low,iso_epoch,44,0.8694096065991076,0.0,825.5407,19.37340879440308,10092544,939,mnli_prompting_main_full,mnli_prompting,results/mnli/prompting_main_full/metrics/result_1784624511.json,main_full
mnli,prompting,lora,full,4.0,8.0,2.0,0.0005,5000,low,iso_epoch,43,0.8771488053780123,0.0,824.9391,19.37615537643433,10092544,939,mnli_prompting_main_full,mnli_prompting,results/mnli/prompting_main_full/metrics/result_1784624516.json,main_full
mnli,prompting,lora,full,8.0,8.0,1.0,0.0001,5000,low,iso_epoch,42,0.8830358606762377,0.0,673.408,19.4432635307312,20185088,939,mnli_prompting_main_full,mnli_prompting,results/mnli/prompting_main_full/metrics/result_1784624867.json,main_full
mnli,prompting,lora,full,8.0,8.0,1.0,0.0001,5000,low,iso_epoch,43,0.8815394220620014,0.0,682.2813,19.44601011276245,20185088,939,mnli_prompting_main_full,mnli_prompting,results/mnli/prompting_main_full/metrics/result_1784624877.json,main_full
mnli,prompting,lora,full,8.0,8.0,1.0,0.0003,5000,low,iso_epoch,42,0.8556400083055973,0.0,648.0638,19.4432635307312,20185088,939,mnli_prompting_main_full,mnli_prompting,results/mnli/prompting_main_full/metrics/result_1784625409.json,main_full
mnli,prompting,lora,full,8.0,8.0,1.0,0.0001,5000,low,iso_epoch,44,0.8881945828911384,0.0,657.212,19.4432635307312,20185088,939,mnli_prompting_main_full,mnli_prompting,results/mnli/prompting_main_full/metrics/result_1784625419.json,main_full
mnli,prompting,lora,full,8.0,8.0,1.0,0.0003,5000,low,iso_epoch,43,0.8679070364901396,0.0,636.1148,19.44601011276245,20185088,939,mnli_prompting_main_full,mnli_prompting,results/mnli/prompting_main_full/metrics/result_1784625927.json,main_full
mnli,prompting,lora,full,8.0,8.0,1.0,0.0003,5000,low,iso_epoch,44,0.8735302117749026,0.0,645.4247,19.4432635307312,20185088,939,mnli_prompting_main_full,mnli_prompting,results/mnli/prompting_main_full/metrics/result_1784625941.json,main_full
mnli,prompting,lora,full,8.0,8.0,1.0,0.0005,5000,low,iso_epoch,42,0.8663184552073441,0.0,667.1777,19.4432635307312,20185088,939,mnli_prompting_main_full,mnli_prompting,results/mnli/prompting_main_full/metrics/result_1784626277.json,main_full
mnli,prompting,lora,full,8.0,8.0,1.0,0.0005,5000,low,iso_epoch,43,0.8796009871629167,0.0,674.3046,19.44601011276245,20185088,939,mnli_prompting_main_full,mnli_prompting,results/mnli/prompting_main_full/metrics/result_1784626286.json,main_full
mnli,prompting,lora,full,8.0,8.0,1.0,0.0005,5000,low,iso_epoch,44,0.8925251953949943,0.0,651.6018,19.4432635307312,20185088,939,mnli_prompting_main_full,mnli_prompting,results/mnli/prompting_main_full/metrics/result_1784626795.json,main_full
mnli,prompting,lora,full,8.0,16.0,2.0,0.0001,5000,low,iso_epoch,42,0.8816724091371979,0.0,653.0091,19.4432635307312,20185088,939,mnli_prompting_main_full,mnli_prompting,results/mnli/prompting_main_full/metrics/result_1784626807.json,main_full
mnli,prompting,lora,full,8.0,16.0,2.0,0.0001,5000,low,iso_epoch,44,0.8892737401014964,0.0,657.3527,19.4432635307312,20185088,939,mnli_prompting_main_full,mnli_prompting,results/mnli/prompting_main_full/metrics/result_1784627197.json,main_full
mnli,prompting,lora,full,8.0,16.0,2.0,0.0001,5000,low,iso_epoch,43,0.8736656731687166,0.0,657.8274,19.44601011276245,20185088,939,mnli_prompting_main_full,mnli_prompting,results/mnli/prompting_main_full/metrics/result_1784627198.json,main_full
mnli,prompting,lora,full,8.0,16.0,2.0,0.0003,5000,low,iso_epoch,43,0.871928425575923,0.0,684.3835,19.44601011276245,20185088,939,mnli_prompting_main_full,mnli_prompting,results/mnli/prompting_main_full/metrics/result_1784627667.json,main_full
mnli,prompting,lora,full,8.0,16.0,2.0,0.0003,5000,low,iso_epoch,42,0.8701791161765531,0.0,689.1299,19.4432635307312,20185088,939,mnli_prompting_main_full,mnli_prompting,results/mnli/prompting_main_full/metrics/result_1784627755.json,main_full
mnli,prompting,lora,full,8.0,16.0,2.0,0.0005,5000,low,iso_epoch,42,0.8641247747127453,0.0,675.0608,19.4432635307312,20185088,939,mnli_prompting_main_full,mnli_prompting,results/mnli/prompting_main_full/metrics/result_1784628163.json,main_full
mnli,prompting,lora,full,8.0,16.0,2.0,0.0003,5000,low,iso_epoch,44,0.867350923230863,0.0,669.9696,19.4432635307312,20185088,939,mnli_prompting_main_full,mnli_prompting,results/mnli/prompting_main_full/metrics/result_1784628182.json,main_full
mnli,prompting,lora,full,8.0,16.0,2.0,0.0005,5000,low,iso_epoch,43,0.1713719663199603,0.0,629.206,19.44601011276245,20185088,939,mnli_prompting_main_full,mnli_prompting,results/mnli/prompting_main_full/metrics/result_1784628485.json,main_full
mnli,prompting,lora,full,8.0,16.0,2.0,0.0005,5000,low,iso_epoch,44,0.8838360621025853,0.0,676.241,19.4432635307312,20185088,939,mnli_prompting_main_full,mnli_prompting,results/mnli/prompting_main_full/metrics/result_1784628635.json,main_full
mnli,prompting,lora,full,16.0,16.0,1.0,0.0001,5000,low,iso_epoch,43,0.8778869699435875,0.0,668.5143,19.63953733444214,40370176,939,mnli_prompting_main_full,mnli_prompting,results/mnli/prompting_main_full/metrics/result_1784629133.json,main_full
mnli,prompting,lora,full,16.0,16.0,1.0,0.0001,5000,low,iso_epoch,44,0.8728055566574854,0.0,659.7221,19.633220195770264,40370176,939,mnli_prompting_main_full,mnli_prompting,results/mnli/prompting_main_full/metrics/result_1784629377.json,main_full
mnli,prompting,lora,full,16.0,16.0,1.0,0.0003,5000,low,iso_epoch,42,0.8682684393795504,0.0,654.6605,19.634387493133545,40370176,939,mnli_prompting_main_full,mnli_prompting,results/mnli/prompting_main_full/metrics/result_1784629670.json,main_full
mnli,prompting,lora,full,16.0,16.0,1.0,0.0001,5000,low,iso_epoch,42,0.8756623036266019,0.0,1234.9249,19.634387493133545,40370176,939,mnli_prompting_main_full,mnli_prompting,results/mnli/prompting_main_full/metrics/result_1784629715.json,main_full
mnli,prompting,lora,full,16.0,16.0,1.0,0.0003,5000,low,iso_epoch,43,0.8732181254695147,0.0,695.7054,19.63953733444214,40370176,939,mnli_prompting_main_full,mnli_prompting,results/mnli/prompting_main_full/metrics/result_1784630029.json,main_full
mnli,prompting,lora,full,16.0,16.0,1.0,0.0003,5000,low,iso_epoch,44,0.8757125890049476,0.0,730.2433,19.633220195770264,40370176,939,mnli_prompting_main_full,mnli_prompting,results/mnli/prompting_main_full/metrics/result_1784630270.json,main_full
mnli,prompting,lora,full,16.0,16.0,1.0,0.0005,5000,low,iso_epoch,42,0.8726739926739926,0.0,663.1965,19.634387493133545,40370176,939,mnli_prompting_main_full,mnli_prompting,results/mnli/prompting_main_full/metrics/result_1784630656.json,main_full
mnli,prompting,lora,full,16.0,16.0,1.0,0.0005,5000,low,iso_epoch,43,0.8674848298258815,0.0,934.7938,19.63953733444214,40370176,939,mnli_prompting_main_full,mnli_prompting,results/mnli/prompting_main_full/metrics/result_1784630996.json,main_full
mnli,prompting,lora,full,16.0,32.0,2.0,0.0001,5000,low,iso_epoch,42,0.8661568513745785,0.0,687.1796,19.634387493133545,40370176,939,mnli_prompting_main_full,mnli_prompting,results/mnli/prompting_main_full/metrics/result_1784631235.json,main_full
mnli,prompting,lora,full,16.0,32.0,2.0,0.0001,5000,low,iso_epoch,43,0.8736442668548813,0.0,671.3947,19.63953733444214,40370176,939,mnli_prompting_main_full,mnli_prompting,results/mnli/prompting_main_full/metrics/result_1784631592.json,main_full
mnli,prompting,lora,full,16.0,16.0,1.0,0.0005,5000,low,iso_epoch,44,0.8741417714657541,0.0,1171.7405,19.633220195770264,40370176,939,mnli_prompting_main_full,mnli_prompting,results/mnli/prompting_main_full/metrics/result_1784631598.json,main_full
mnli,prompting,lora,full,16.0,32.0,2.0,0.0001,5000,low,iso_epoch,44,0.8831675189295115,0.0,644.4623,19.633220195770264,40370176,939,mnli_prompting_main_full,mnli_prompting,results/mnli/prompting_main_full/metrics/result_1784631915.json,main_full
mnli,prompting,lora,full,16.0,32.0,2.0,0.0003,5000,low,iso_epoch,42,0.8657014805648909,0.0,665.0257,19.634387493133545,40370176,939,mnli_prompting_main_full,mnli_prompting,results/mnli/prompting_main_full/metrics/result_1784632113.json,main_full
mnli,prompting,lora,full,16.0,32.0,2.0,0.0003,5000,low,iso_epoch,44,0.8736711668175982,0.0,640.5952,19.633220195770264,40370176,939,mnli_prompting_main_full,mnli_prompting,results/mnli/prompting_main_full/metrics/result_1784632513.json,main_full
mnli,prompting,lora,full,16.0,32.0,2.0,0.0003,5000,low,iso_epoch,43,0.8675048797899754,0.0,679.625,19.63953733444214,40370176,939,mnli_prompting_main_full,mnli_prompting,results/mnli/prompting_main_full/metrics/result_1784632543.json,main_full
mnli,prompting,lora,full,16.0,32.0,2.0,0.0005,5000,low,iso_epoch,42,0.1713719663199603,0.0,656.9617,19.634387493133545,40370176,939,mnli_prompting_main_full,mnli_prompting,results/mnli/prompting_main_full/metrics/result_1784632841.json,main_full
mnli,prompting,lora,full,16.0,32.0,2.0,0.0005,5000,low,iso_epoch,43,0.1713719663199603,0.0,656.4196,19.63953733444214,40370176,939,mnli_prompting_main_full,mnli_prompting,results/mnli/prompting_main_full/metrics/result_1784633040.json,main_full
mnli,prompting,lora,full,32.0,32.0,1.0,0.0001,5000,low,iso_epoch,42,0.8662220213944352,0.0,647.2582,19.90468120574951,80740352,939,mnli_prompting_main_full,mnli_prompting,results/mnli/prompting_main_full/metrics/result_1784633439.json,main_full
mnli,prompting,lora,full,16.0,32.0,2.0,0.0005,5000,low,iso_epoch,44,0.1713719663199603,0.0,668.0317,19.633220195770264,40370176,939,mnli_prompting_main_full,mnli_prompting,results/mnli/prompting_main_full/metrics/result_1784633441.json,main_full
mnli,prompting,lora,full,32.0,32.0,1.0,0.0001,5000,low,iso_epoch,43,0.8708253163735167,0.0,681.3711,19.899878978729248,80740352,939,mnli_prompting_main_full,mnli_prompting,results/mnli/prompting_main_full/metrics/result_1784633735.json,main_full
mnli,prompting,lora,full,32.0,32.0,1.0,0.0001,5000,low,iso_epoch,44,0.8773857121364973,0.0,665.905,19.89817762374878,80740352,939,mnli_prompting_main_full,mnli_prompting,results/mnli/prompting_main_full/metrics/result_1784633979.json,main_full
mnli,prompting,lora,full,32.0,32.0,1.0,0.0003,5000,low,iso_epoch,43,0.8732712035970515,0.0,642.8377,19.899878978729248,80740352,939,mnli_prompting_main_full,mnli_prompting,results/mnli/prompting_main_full/metrics/result_1784634369.json,main_full
mnli,prompting,lora,full,32.0,32.0,1.0,0.0003,5000,low,iso_epoch,42,0.8800500010026214,0.0,792.5434,19.90468120574951,80740352,939,mnli_prompting_main_full,mnli_prompting,results/mnli/prompting_main_full/metrics/result_1784634511.json,main_full
mnli,prompting,lora,full,32.0,32.0,1.0,0.0003,5000,low,iso_epoch,44,0.8764998975637486,0.0,784.1459,19.89817762374878,80740352,939,mnli_prompting_main_full,mnli_prompting,results/mnli/prompting_main_full/metrics/result_1784634762.json,main_full
mnli,prompting,lora,full,32.0,32.0,1.0,0.0005,5000,low,iso_epoch,42,0.1713719663199603,0.0,681.3183,19.90468120574951,80740352,939,mnli_prompting_main_full,mnli_prompting,results/mnli/prompting_main_full/metrics/result_1784635052.json,main_full
mnli,prompting,lora,full,32.0,32.0,1.0,0.0005,5000,low,iso_epoch,43,0.1771222496859678,0.0,721.7089,19.899878978729248,80740352,939,mnli_prompting_main_full,mnli_prompting,results/mnli/prompting_main_full/metrics/result_1784635306.json,main_full
mnli,prompting,lora,full,32.0,32.0,1.0,0.0005,5000,low,iso_epoch,44,0.1713719663199603,0.0,649.0461,19.89817762374878,80740352,939,mnli_prompting_main_full,mnli_prompting,results/mnli/prompting_main_full/metrics/result_1784635415.json,main_full
mnli,prompting,lora,full,32.0,64.0,2.0,0.0001,5000,low,iso_epoch,42,0.8585980611604936,0.0,656.7607,19.90468120574951,80740352,939,mnli_prompting_main_full,mnli_prompting,results/mnli/prompting_main_full/metrics/result_1784635629.json,main_full
mnli,prompting,lora,full,32.0,64.0,2.0,0.0001,5000,low,iso_epoch,43,0.8732524887946768,0.0,657.5624,19.899878978729248,80740352,939,mnli_prompting_main_full,mnli_prompting,results/mnli/prompting_main_full/metrics/result_1784636018.json,main_full
mnli,prompting,lora,full,32.0,64.0,2.0,0.0001,5000,low,iso_epoch,44,0.8685285875922434,0.0,669.503,19.89817762374878,80740352,939,mnli_prompting_main_full,mnli_prompting,results/mnli/prompting_main_full/metrics/result_1784636228.json,main_full
mnli,prompting,lora,full,32.0,64.0,2.0,0.0003,5000,low,iso_epoch,42,0.8876871847960074,0.0,659.8068,19.90468120574951,80740352,939,mnli_prompting_main_full,mnli_prompting,results/mnli/prompting_main_full/metrics/result_1784636294.json,main_full
mnli,prompting,lora,full,32.0,64.0,2.0,0.0003,5000,low,iso_epoch,43,0.1713719663199603,0.0,710.6549,19.899878978729248,80740352,939,mnli_prompting_main_full,mnli_prompting,results/mnli/prompting_main_full/metrics/result_1784636680.json,main_full
mnli,prompting,lora,full,32.0,64.0,2.0,0.0003,5000,low,iso_epoch,44,0.1713719663199603,0.0,660.1654,19.89817762374878,80740352,939,mnli_prompting_main_full,mnli_prompting,results/mnli/prompting_main_full/metrics/result_1784636995.json,main_full
mnli,prompting,lora,full,32.0,64.0,2.0,0.0005,5000,low,iso_epoch,42,0.1713719663199603,0.0,649.1259,19.90468120574951,80740352,939,mnli_prompting_main_full,mnli_prompting,results/mnli/prompting_main_full/metrics/result_1784637113.json,main_full
mnli,prompting,lora,full,32.0,64.0,2.0,0.0005,5000,low,iso_epoch,43,0.1713719663199603,0.0,700.8495,19.899878978729248,80740352,939,mnli_prompting_main_full,mnli_prompting,results/mnli/prompting_main_full/metrics/result_1784637374.json,main_full
mnli,prompting,lora,full,32.0,64.0,2.0,0.0005,5000,low,iso_epoch,44,0.1713719663199603,0.0,760.2827,19.89817762374878,80740352,939,mnli_prompting_main_full,mnli_prompting,results/mnli/prompting_main_full/metrics/result_1784637682.json,main_full
mnli,prompting,lora,full,64.0,128.0,2.0,0.0001,5000,low,iso_epoch,42,0.8678976673139202,0.0,721.0925,20.52484035491944,161480704,939,mnli_prompting_main_full,mnli_prompting,results/mnli/prompting_main_full/metrics/result_1784638019.json,main_full
mnli,prompting,lora,full,64.0,128.0,2.0,0.0001,5000,low,iso_epoch,43,0.8581382262162577,0.0,647.3567,20.49303388595581,161480704,939,mnli_prompting_main_full,mnli_prompting,results/mnli/prompting_main_full/metrics/result_1784638213.json,main_full
mnli,prompting,lora,full,64.0,128.0,2.0,0.0001,5000,low,iso_epoch,44,0.8752858035778505,0.0,646.2875,20.496947765350345,161480704,939,mnli_prompting_main_full,mnli_prompting,results/mnli/prompting_main_full/metrics/result_1784638279.json,main_full
mnli,prompting,lora,full,64.0,128.0,2.0,0.0003,5000,low,iso_epoch,42,0.1713719663199603,0.0,661.824,20.52484035491944,161480704,939,mnli_prompting_main_full,mnli_prompting,results/mnli/prompting_main_full/metrics/result_1784638553.json,main_full
mnli,prompting,lora,full,64.0,128.0,2.0,0.0003,5000,low,iso_epoch,43,0.1713719663199603,0.0,693.0308,20.49303388595581,161480704,939,mnli_prompting_main_full,mnli_prompting,results/mnli/prompting_main_full/metrics/result_1784638909.json,main_full
mnli,prompting,lora,full,64.0,128.0,2.0,0.0005,5000,low,iso_epoch,42,0.1713719663199603,0.0,660.5122,20.52484035491944,161480704,939,mnli_prompting_main_full,mnli_prompting,results/mnli/prompting_main_full/metrics/result_1784639109.json,main_full
mnli,prompting,lora,full,64.0,128.0,2.0,0.0003,5000,low,iso_epoch,44,0.1713719663199603,0.0,666.0516,20.49828290939331,161480704,939,mnli_prompting_main_full,mnli_prompting,results/mnli/prompting_main_full/metrics/result_1784639113.json,main_full
mnli,prompting,lora,full,64.0,128.0,2.0,0.0005,5000,low,iso_epoch,43,0.1713719663199603,0.0,899.6529,20.49303388595581,161480704,939,mnli_prompting_main_full,mnli_prompting,results/mnli/prompting_main_full/metrics/result_1784639682.json,main_full
mnli,prompting,lora,full,64.0,128.0,2.0,0.0005,5000,low,iso_epoch,44,0.1713719663199603,0.0,979.8916,20.49828290939331,161480704,939,mnli_prompting_main_full,mnli_prompting,results/mnli/prompting_main_full/metrics/result_1784640223.json,main_full
mnli,prompting,lora,full,32.0,64.0,2.0,0.0003,5000,low,iso_epoch,45,0.8796273054535501,0.0,754.4876,19.898881912231445,80740352,939,mnli_prompting_main_full_riskyseeds_lr3e4,mnli_prompting,results/mnli/prompting_main_full_riskyseeds_lr3e4/metrics/result_1785732296857269336_387458.json,main_full_riskyseeds_lr3e4
mnli,prompting,lora,full,32.0,64.0,2.0,0.0003,5000,low,iso_epoch,46,0.1713719663199603,0.0,741.0164,19.89153480529785,80740352,939,mnli_prompting_main_full_riskyseeds_lr3e4,mnli_prompting,results/mnli/prompting_main_full_riskyseeds_lr3e4/metrics/result_1785733274396307007_390136.json,main_full_riskyseeds_lr3e4
mnli,prompting,lora,full,32.0,64.0,2.0,0.0003,5000,low,iso_epoch,47,0.8744584331966037,0.0,734.2053,19.58429527282715,80740352,939,mnli_prompting_main_full_riskyseeds_lr3e4,mnli_prompting,results/mnli/prompting_main_full_riskyseeds_lr3e4/metrics/result_1785734257354943731_392729.json,main_full_riskyseeds_lr3e4
mnli,prompting,lora,full,32.0,64.0,2.0,0.0003,5000,low,iso_epoch,48,0.8828212733411682,0.0,755.7596,19.584721088409424,80740352,939,mnli_prompting_main_full_riskyseeds_lr3e4,mnli_prompting,results/mnli/prompting_main_full_riskyseeds_lr3e4/metrics/result_1785735274529500878_395431.json,main_full_riskyseeds_lr3e4
mnli,prompting,lora,full,32.0,64.0,2.0,0.0003,5000,low,iso_epoch,49,0.1713719663199603,0.0,768.2613,19.89529323577881,80740352,939,mnli_prompting_main_full_riskyseeds_lr3e4,mnli_prompting,results/mnli/prompting_main_full_riskyseeds_lr3e4/metrics/result_1785736288343203136_398198.json,main_full_riskyseeds_lr3e4
mnli,prompting,lora,full,32.0,64.0,2.0,0.0003,5000,low,iso_epoch,50,0.8577415039766856,0.0,769.3792,19.89316463470459,80740352,939,mnli_prompting_main_full_riskyseeds_lr3e4,mnli_prompting,results/mnli/prompting_main_full_riskyseeds_lr3e4/metrics/result_1785737295793308310_400870.json,main_full_riskyseeds_lr3e4
mnli,prompting,lora,full,32.0,64.0,2.0,0.0003,5000,low,iso_epoch,51,0.1713719663199603,0.0,750.7425,19.8936185836792,80740352,939,mnli_prompting_main_full_riskyseeds_lr3e4,mnli_prompting,results/mnli/prompting_main_full_riskyseeds_lr3e4/metrics/result_1785738316524747411_403618.json,main_full_riskyseeds_lr3e4
mnli,prompting,lora,full,8.0,16.0,2.0,0.0005,5000,low,iso_epoch,45,0.8550893493957069,0.0,753.8475,19.443262100219727,20185088,939,mnli_prompting_main_full_riskyseeds_lr5e4,mnli_prompting,results/mnli/prompting_main_full_riskyseeds_lr5e4/metrics/result_1785725334851678024_369065.json,main_full_riskyseeds_lr5e4
mnli,prompting,lora,full,8.0,16.0,2.0,0.0005,5000,low,iso_epoch,46,0.8517560143621902,0.0,748.3345,19.443857192993164,20185088,939,mnli_prompting_main_full_riskyseeds_lr5e4,mnli_prompting,results/mnli/prompting_main_full_riskyseeds_lr5e4/metrics/result_1785726321178123821_371707.json,main_full_riskyseeds_lr5e4
mnli,prompting,lora,full,8.0,16.0,2.0,0.0005,5000,low,iso_epoch,47,0.880675042952986,0.0,757.725,19.368066787719727,20185088,939,mnli_prompting_main_full_riskyseeds_lr5e4,mnli_prompting,results/mnli/prompting_main_full_riskyseeds_lr5e4/metrics/result_1785727321092000549_374333.json,main_full_riskyseeds_lr5e4
mnli,prompting,lora,full,8.0,16.0,2.0,0.0005,5000,low,iso_epoch,48,0.8605168951673425,0.0,731.0536,19.36806535720825,20185088,939,mnli_prompting_main_full_riskyseeds_lr5e4,mnli_prompting,results/mnli/prompting_main_full_riskyseeds_lr5e4/metrics/result_1785728300960605249_376956.json,main_full_riskyseeds_lr5e4
mnli,prompting,lora,full,8.0,16.0,2.0,0.0005,5000,low,iso_epoch,49,0.8674571159426896,0.0,727.8281,19.443259239196777,20185088,939,mnli_prompting_main_full_riskyseeds_lr5e4,mnli_prompting,results/mnli/prompting_main_full_riskyseeds_lr5e4/metrics/result_1785729275809494437_379502.json,main_full_riskyseeds_lr5e4
mnli,prompting,lora,full,8.0,16.0,2.0,0.0005,5000,low,iso_epoch,50,0.8995528035775714,0.0,750.7668,19.444090843200684,20185088,939,mnli_prompting_main_full_riskyseeds_lr5e4,mnli_prompting,results/mnli/prompting_main_full_riskyseeds_lr5e4/metrics/result_1785730269741176939_382017.json,main_full_riskyseeds_lr5e4
mnli,prompting,lora,full,8.0,16.0,2.0,0.0005,5000,low,iso_epoch,51,0.8764272477129923,0.0,752.9375,19.443259239196777,20185088,939,mnli_prompting_main_full_riskyseeds_lr5e4,mnli_prompting,results/mnli/prompting_main_full_riskyseeds_lr5e4/metrics/result_1785731286648690127_384659.json,main_full_riskyseeds_lr5e4
mnli,prompting,lora,qv,4.0,8.0,2.0,0.0001,5000,low,iso_epoch,42,0.889298497889297,0.0,420.4891,19.290442943573,1261568,939,mnli_prompting_main_qv,mnli_prompting,results/mnli/prompting_main_qv/metrics/result_1784593802.json,main_qv
mnli,prompting,lora,qv,4.0,8.0,2.0,0.0001,5000,low,iso_epoch,44,0.8788366407280552,0.0,503.3958,19.29119062423706,1261568,939,mnli_prompting_main_qv,mnli_prompting,results/mnli/prompting_main_qv/metrics/result_1784594441.json,main_qv
mnli,prompting,lora,qv,4.0,8.0,2.0,0.0001,5000,low,iso_epoch,43,0.8812363718979185,0.0,504.6875,19.290442943573,1261568,939,mnli_prompting_main_qv,mnli_prompting,results/mnli/prompting_main_qv/metrics/result_1784594444.json,main_qv
mnli,prompting,lora,qv,4.0,8.0,2.0,0.0003,5000,low,iso_epoch,42,0.8844731908762965,0.0,507.7762,19.290709972381592,1261568,939,mnli_prompting_main_qv,mnli_prompting,results/mnli/prompting_main_qv/metrics/result_1784594448.json,main_qv
mnli,prompting,lora,qv,4.0,8.0,2.0,0.0003,5000,low,iso_epoch,43,0.8932913412960913,0.0,515.3739,19.290442943573,1261568,939,mnli_prompting_main_qv,mnli_prompting,results/mnli/prompting_main_qv/metrics/result_1784594652.json,main_qv
mnli,prompting,lora,qv,4.0,8.0,2.0,0.0003,5000,low,iso_epoch,44,0.8851716090326668,0.0,487.7561,19.290931224823,1261568,939,mnli_prompting_main_qv,mnli_prompting,results/mnli/prompting_main_qv/metrics/result_1784595364.json,main_qv
mnli,prompting,lora,qv,4.0,8.0,2.0,0.0005,5000,low,iso_epoch,43,0.8772207219547833,0.0,422.3288,19.290442943573,1261568,939,mnli_prompting_main_qv,mnli_prompting,results/mnli/prompting_main_qv/metrics/result_1784595388.json,main_qv
mnli,prompting,lora,qv,8.0,8.0,1.0,0.0001,5000,low,iso_epoch,43,0.8790707176742839,0.0,420.2576,19.30189847946167,2523136,939,mnli_prompting_main_qv,mnli_prompting,results/mnli/prompting_main_qv/metrics/result_1784596128.json,main_qv
mnli,prompting,lora,qv,8.0,8.0,1.0,0.0001,5000,low,iso_epoch,42,0.8853802511334669,0.0,418.2921,19.30189847946167,2523136,939,mnli_prompting_main_qv,mnli_prompting,results/mnli/prompting_main_qv/metrics/result_1784596129.json,main_qv
mnli,prompting,lora,qv,4.0,8.0,2.0,0.0005,5000,low,iso_epoch,44,0.864490409762193,0.0,529.2753,19.290931224823,1261568,939,mnli_prompting_main_qv,mnli_prompting,results/mnli/prompting_main_qv/metrics/result_1784596157.json,main_qv
mnli,prompting,lora,qv,8.0,8.0,1.0,0.0001,5000,low,iso_epoch,44,0.8849772829233183,0.0,438.7006,19.30238676071167,2523136,939,mnli_prompting_main_qv,mnli_prompting,results/mnli/prompting_main_qv/metrics/result_1784596834.json,main_qv
mnli,prompting,lora,qv,8.0,8.0,1.0,0.0003,5000,low,iso_epoch,43,0.8854593655515447,0.0,419.1119,19.30189847946167,2523136,939,mnli_prompting_main_qv,mnli_prompting,results/mnli/prompting_main_qv/metrics/result_1784596922.json,main_qv
mnli,prompting,lora,qv,8.0,8.0,1.0,0.0003,5000,low,iso_epoch,42,0.8785197947460105,0.0,418.6868,19.30189847946167,2523136,939,mnli_prompting_main_qv,mnli_prompting,results/mnli/prompting_main_qv/metrics/result_1784596925.json,main_qv
mnli,prompting,lora,qv,8.0,8.0,1.0,0.0003,5000,low,iso_epoch,44,0.8758688921479619,0.0,417.5565,19.30238676071167,2523136,939,mnli_prompting_main_qv,mnli_prompting,results/mnli/prompting_main_qv/metrics/result_1784597541.json,main_qv
mnli,prompting,lora,qv,8.0,8.0,1.0,0.0005,5000,low,iso_epoch,42,0.8747408604801957,0.0,418.5543,19.30189847946167,2523136,939,mnli_prompting_main_qv,mnli_prompting,results/mnli/prompting_main_qv/metrics/result_1784597542.json,main_qv
mnli,prompting,lora,qv,8.0,8.0,1.0,0.0005,5000,low,iso_epoch,43,0.8789180401719697,0.0,450.9425,19.30189847946167,2523136,939,mnli_prompting_main_qv,mnli_prompting,results/mnli/prompting_main_qv/metrics/result_1784597721.json,main_qv
mnli,prompting,lora,qv,8.0,8.0,1.0,0.0005,5000,low,iso_epoch,44,0.8850259104274816,0.0,418.1909,19.30238676071167,2523136,939,mnli_prompting_main_qv,mnli_prompting,results/mnli/prompting_main_qv/metrics/result_1784598294.json,main_qv
mnli,prompting,lora,qv,8.0,16.0,2.0,0.0001,5000,low,iso_epoch,42,0.8907843137254902,0.0,419.2649,19.30189847946167,2523136,939,mnli_prompting_main_qv,mnli_prompting,results/mnli/prompting_main_qv/metrics/result_1784598296.json,main_qv
mnli,prompting,lora,qv,8.0,16.0,2.0,0.0001,5000,low,iso_epoch,43,0.8875757594006926,0.0,495.4575,19.30189847946167,2523136,939,mnli_prompting_main_qv,mnli_prompting,results/mnli/prompting_main_qv/metrics/result_1784598520.json,main_qv
mnli,prompting,lora,qv,8.0,16.0,2.0,0.0001,5000,low,iso_epoch,44,0.8849142562068,0.0,418.5557,19.30238676071167,2523136,939,mnli_prompting_main_qv,mnli_prompting,results/mnli/prompting_main_qv/metrics/result_1784598938.json,main_qv
mnli,prompting,lora,qv,8.0,16.0,2.0,0.0003,5000,low,iso_epoch,42,0.8690725131907934,0.0,419.0248,19.30189847946167,2523136,939,mnli_prompting_main_qv,mnli_prompting,results/mnli/prompting_main_qv/metrics/result_1784598940.json,main_qv
mnli,prompting,lora,qv,8.0,16.0,2.0,0.0005,5000,low,iso_epoch,42,0.8805622107961463,0.0,416.7027,19.30189847946167,2523136,939,mnli_prompting_main_qv,mnli_prompting,results/mnli/prompting_main_qv/metrics/result_1784599546.json,main_qv
mnli,prompting,lora,qv,8.0,16.0,2.0,0.0003,5000,low,iso_epoch,44,0.8814595266155353,0.0,417.3499,19.30238676071167,2523136,939,mnli_prompting_main_qv,mnli_prompting,results/mnli/prompting_main_qv/metrics/result_1784599548.json,main_qv
mnli,prompting,lora,qv,8.0,16.0,2.0,0.0003,5000,low,iso_epoch,43,0.8715279936791669,0.0,478.7028,19.30189847946167,2523136,939,mnli_prompting_main_qv,mnli_prompting,results/mnli/prompting_main_qv/metrics/result_1784599571.json,main_qv
mnli,prompting,lora,qv,16.0,16.0,1.0,0.0001,5000,low,iso_epoch,42,0.8910992779950263,0.0,419.9625,19.32547712326049,5046272,939,mnli_prompting_main_qv,mnli_prompting,results/mnli/prompting_main_qv/metrics/result_1784600338.json,main_qv
mnli,prompting,lora,qv,8.0,16.0,2.0,0.0005,5000,low,iso_epoch,43,0.8705589098680347,0.0,607.7795,19.30189847946167,2523136,939,mnli_prompting_main_qv,mnli_prompting,results/mnli/prompting_main_qv/metrics/result_1784600493.json,main_qv
mnli,prompting,lora,qv,16.0,16.0,1.0,0.0001,5000,low,iso_epoch,43,0.8816896903336774,0.0,419.5419,19.32547712326049,5046272,939,mnli_prompting_main_qv,mnli_prompting,results/mnli/prompting_main_qv/metrics/result_1784601056.json,main_qv
mnli,prompting,lora,qv,16.0,16.0,1.0,0.0003,5000,low,iso_epoch,42,0.8852067201892883,0.0,566.4205,19.32547712326049,5046272,939,mnli_prompting_main_qv,mnli_prompting,results/mnli/prompting_main_qv/metrics/result_1784601272.json,main_qv
mnli,prompting,lora,qv,16.0,16.0,1.0,0.0003,5000,low,iso_epoch,44,0.8787901989644947,0.0,419.0421,19.32596540451049,5046272,939,mnli_prompting_main_qv,mnli_prompting,results/mnli/prompting_main_qv/metrics/result_1784601810.json,main_qv
mnli,prompting,lora,qv,16.0,16.0,1.0,0.0003,5000,low,iso_epoch,43,0.883066479229805,0.0,419.8442,19.32547712326049,5046272,939,mnli_prompting_main_qv,mnli_prompting,results/mnli/prompting_main_qv/metrics/result_1784601812.json,main_qv
mnli,prompting,lora,qv,16.0,16.0,1.0,0.0005,5000,low,iso_epoch,42,0.8671025518093692,0.0,454.3362,19.32547712326049,5046272,939,mnli_prompting_main_qv,mnli_prompting,results/mnli/prompting_main_qv/metrics/result_1784602348.json,main_qv
mnli,prompting,lora,qv,16.0,16.0,1.0,0.0005,5000,low,iso_epoch,44,0.8647790410260293,0.0,420.8149,19.32596540451049,5046272,939,mnli_prompting_main_qv,mnli_prompting,results/mnli/prompting_main_qv/metrics/result_1784602455.json,main_qv
mnli,prompting,lora,qv,16.0,16.0,1.0,0.0005,5000,low,iso_epoch,43,0.8790478760213963,0.0,421.024,19.32547712326049,5046272,939,mnli_prompting_main_qv,mnli_prompting,results/mnli/prompting_main_qv/metrics/result_1784602456.json,main_qv
mnli,prompting,lora,qv,16.0,32.0,2.0,0.0001,5000,low,iso_epoch,42,0.891142991659648,0.0,455.6191,19.32547712326049,5046272,939,mnli_prompting_main_qv,mnli_prompting,results/mnli/prompting_main_qv/metrics/result_1784602982.json,main_qv
mnli,prompting,lora,qv,16.0,32.0,2.0,0.0001,5000,low,iso_epoch,44,0.884602805280915,0.0,418.564,19.32596540451049,5046272,939,mnli_prompting_main_qv,mnli_prompting,results/mnli/prompting_main_qv/metrics/result_1784603061.json,main_qv
mnli,prompting,lora,qv,16.0,32.0,2.0,0.0001,5000,low,iso_epoch,43,0.885455815952333,0.0,419.681,19.32547712326049,5046272,939,mnli_prompting_main_qv,mnli_prompting,results/mnli/prompting_main_qv/metrics/result_1784603063.json,main_qv
mnli,prompting,lora,qv,16.0,32.0,2.0,0.0003,5000,low,iso_epoch,43,0.8849110752677051,0.0,420.4373,19.32547712326049,5046272,939,mnli_prompting_main_qv,mnli_prompting,results/mnli/prompting_main_qv/metrics/result_1784603838.json,main_qv
mnli,prompting,lora,qv,16.0,32.0,2.0,0.0003,5000,low,iso_epoch,42,0.8744600031042933,0.0,420.2071,19.32547712326049,5046272,939,mnli_prompting_main_qv,mnli_prompting,results/mnli/prompting_main_qv/metrics/result_1784603841.json,main_qv
mnli,prompting,lora,qv,16.0,32.0,2.0,0.0003,5000,low,iso_epoch,44,0.8702923500927205,0.0,419.2408,19.32596540451049,5046272,939,mnli_prompting_main_qv,mnli_prompting,results/mnli/prompting_main_qv/metrics/result_1784604170.json,main_qv
mnli,prompting,lora,qv,16.0,32.0,2.0,0.0005,5000,low,iso_epoch,42,0.8665084297770611,0.0,419.062,19.32547712326049,5046272,939,mnli_prompting_main_qv,mnli_prompting,results/mnli/prompting_main_qv/metrics/result_1784604468.json,main_qv
mnli,prompting,lora,qv,16.0,32.0,2.0,0.0005,5000,low,iso_epoch,43,0.8735334199765719,0.0,421.1372,19.32547712326049,5046272,939,mnli_prompting_main_qv,mnli_prompting,results/mnli/prompting_main_qv/metrics/result_1784604469.json,main_qv
mnli,prompting,lora,qv,16.0,32.0,2.0,0.0005,5000,low,iso_epoch,44,0.8689636566805942,0.0,418.8989,19.32596540451049,5046272,939,mnli_prompting_main_qv,mnli_prompting,results/mnli/prompting_main_qv/metrics/result_1784604774.json,main_qv
mnli,prompting,lora,qv,32.0,32.0,1.0,0.0001,5000,low,iso_epoch,43,0.8874736326009373,0.0,422.7916,19.35469007492065,10092544,939,mnli_prompting_main_qv,mnli_prompting,results/mnli/prompting_main_qv/metrics/result_1784605120.json,main_qv
mnli,prompting,lora,qv,32.0,32.0,1.0,0.0001,5000,low,iso_epoch,44,0.8770614234042943,0.0,422.4586,19.35517835617065,10092544,939,mnli_prompting_main_qv,mnli_prompting,results/mnli/prompting_main_qv/metrics/result_1784605430.json,main_qv
mnli,prompting,lora,qv,32.0,32.0,1.0,0.0003,5000,low,iso_epoch,43,0.8770415056152814,0.0,421.8238,19.35469007492065,10092544,939,mnli_prompting_main_qv,mnli_prompting,results/mnli/prompting_main_qv/metrics/result_1784605846.json,main_qv
mnli,prompting,lora,qv,32.0,32.0,1.0,0.0003,5000,low,iso_epoch,42,0.8747687667219871,0.0,421.2698,19.35469007492065,10092544,939,mnli_prompting_main_qv,mnli_prompting,results/mnli/prompting_main_qv/metrics/result_1784605849.json,main_qv
mnli,prompting,lora,qv,32.0,32.0,1.0,0.0005,5000,low,iso_epoch,42,0.8733992327920221,0.0,420.314,19.35469007492065,10092544,939,mnli_prompting_main_qv,mnli_prompting,results/mnli/prompting_main_qv/metrics/result_1784606451.json,main_qv
mnli,prompting,lora,qv,32.0,32.0,1.0,0.0005,5000,low,iso_epoch,43,0.8813015156416343,0.0,422.569,19.35469007492065,10092544,939,mnli_prompting_main_qv,mnli_prompting,results/mnli/prompting_main_qv/metrics/result_1784606454.json,main_qv
mnli,prompting,lora,qv,32.0,32.0,1.0,0.0003,5000,low,iso_epoch,44,0.868678977394948,0.0,648.8207,19.35517835617065,10092544,939,mnli_prompting_main_qv,mnli_prompting,results/mnli/prompting_main_qv/metrics/result_1784606556.json,main_qv
mnli,prompting,lora,qv,32.0,64.0,2.0,0.0001,5000,low,iso_epoch,43,0.8831937423170236,0.0,423.6049,19.35469007492065,10092544,939,mnli_prompting_main_qv,mnli_prompting,results/mnli/prompting_main_qv/metrics/result_1784607202.json,main_qv
mnli,prompting,lora,qv,32.0,32.0,1.0,0.0005,5000,low,iso_epoch,44,0.8748474859224045,0.0,420.0442,19.35517835617065,10092544,939,mnli_prompting_main_qv,mnli_prompting,results/mnli/prompting_main_qv/metrics/result_1784607225.json,main_qv
mnli,prompting,lora,qv,32.0,64.0,2.0,0.0001,5000,low,iso_epoch,42,0.8853116931449398,0.0,422.2868,19.35469007492065,10092544,939,mnli_prompting_main_qv,mnli_prompting,results/mnli/prompting_main_qv/metrics/result_1784607228.json,main_qv
mnli,prompting,lora,qv,32.0,64.0,2.0,0.0003,5000,low,iso_epoch,43,0.8673807676526843,0.0,422.8629,19.35469007492065,10092544,939,mnli_prompting_main_qv,mnli_prompting,results/mnli/prompting_main_qv/metrics/result_1784607918.json,main_qv
mnli,prompting,lora,qv,32.0,64.0,2.0,0.0003,5000,low,iso_epoch,42,0.8816284560939763,0.0,423.0691,19.35469007492065,10092544,939,mnli_prompting_main_qv,mnli_prompting,results/mnli/prompting_main_qv/metrics/result_1784607919.json,main_qv
mnli,prompting,lora,qv,32.0,64.0,2.0,0.0001,5000,low,iso_epoch,44,0.8829011564603751,0.0,440.0668,19.35517835617065,10092544,939,mnli_prompting_main_qv,mnli_prompting,results/mnli/prompting_main_qv/metrics/result_1784607942.json,main_qv
mnli,prompting,lora,qv,32.0,64.0,2.0,0.0003,5000,low,iso_epoch,44,0.8711793103189551,0.0,420.9162,19.35517835617065,10092544,939,mnli_prompting_main_qv,mnli_prompting,results/mnli/prompting_main_qv/metrics/result_1784608542.json,main_qv
mnli,prompting,lora,qv,32.0,64.0,2.0,0.0005,5000,low,iso_epoch,42,0.86415128647337,0.0,421.186,19.35469007492065,10092544,939,mnli_prompting_main_qv,mnli_prompting,results/mnli/prompting_main_qv/metrics/result_1784608545.json,main_qv
mnli,prompting,lora,qv,32.0,64.0,2.0,0.0005,5000,low,iso_epoch,44,0.2655381296157995,0.0,421.4958,19.35517835617065,10092544,939,mnli_prompting_main_qv,mnli_prompting,results/mnli/prompting_main_qv/metrics/result_1784609280.json,main_qv
mnli,prompting,lora,qv,32.0,64.0,2.0,0.0005,5000,low,iso_epoch,43,0.8832241379435315,0.0,421.1381,19.35469007492065,10092544,939,mnli_prompting_main_qv,mnli_prompting,results/mnli/prompting_main_qv/metrics/result_1784609282.json,main_qv
mnli,prompting,lora,qv,64.0,128.0,2.0,0.0001,5000,low,iso_epoch,42,0.8794082904042364,0.0,422.249,19.43098020553589,20185088,939,mnli_prompting_main_qv,mnli_prompting,results/mnli/prompting_main_qv/metrics/result_1784609933.json,main_qv
mnli,prompting,lora,qv,64.0,128.0,2.0,0.0001,5000,low,iso_epoch,44,0.8731219151027146,0.0,423.3424,19.43146848678589,20185088,939,mnli_prompting_main_qv,mnli_prompting,results/mnli/prompting_main_qv/metrics/result_1784609945.json,main_qv
mnli,prompting,lora,qv,64.0,128.0,2.0,0.0001,5000,low,iso_epoch,43,0.8769398008050063,0.0,422.3483,19.43098020553589,20185088,939,mnli_prompting_main_qv,mnli_prompting,results/mnli/prompting_main_qv/metrics/result_1784609946.json,main_qv
mnli,prompting,lora,qv,64.0,128.0,2.0,0.0003,5000,low,iso_epoch,42,0.8740556161426586,0.0,423.4873,19.43098020553589,20185088,939,mnli_prompting_main_qv,mnli_prompting,results/mnli/prompting_main_qv/metrics/result_1784610625.json,main_qv
mnli,prompting,lora,qv,64.0,128.0,2.0,0.0003,5000,low,iso_epoch,44,0.8692272959140089,0.0,422.233,19.43146848678589,20185088,939,mnli_prompting_main_qv,mnli_prompting,results/mnli/prompting_main_qv/metrics/result_1784610708.json,main_qv
mnli,prompting,lora,qv,64.0,128.0,2.0,0.0003,5000,low,iso_epoch,43,0.8779137529137527,0.0,423.1857,19.43098020553589,20185088,939,mnli_prompting_main_qv,mnli_prompting,results/mnli/prompting_main_qv/metrics/result_1784610709.json,main_qv
mnli,prompting,lora,qv,64.0,128.0,2.0,0.0005,5000,low,iso_epoch,42,0.8553188384649059,0.0,423.5765,19.43098020553589,20185088,939,mnli_prompting_main_qv,mnli_prompting,results/mnli/prompting_main_qv/metrics/result_1784611251.json,main_qv
mnli,prompting,lora,qv,64.0,128.0,2.0,0.0005,5000,low,iso_epoch,43,0.282579092986888,0.0,421.7173,19.43098020553589,20185088,939,mnli_prompting_main_qv,mnli_prompting,results/mnli/prompting_main_qv/metrics/result_1784611352.json,main_qv
mnli,prompting,lora,qv,64.0,128.0,2.0,0.0005,5000,low,iso_epoch,44,0.8648518093776868,0.0,422.7698,19.43146848678589,20185088,939,mnli_prompting_main_qv,mnli_prompting,results/mnli/prompting_main_qv/metrics/result_1784611354.json,main_qv
mnli,prompting,lora,qv,8.0,16.0,2.0,0.0005,5000,low,iso_epoch,44,0.8731182795698924,0.0,419.3822,19.30238676071167,2523136,939,mnli_prompting_main_qv,mnli_prompting,results/mnli/prompting_main_qv/metrics/result_1785098679938510545_1147298.json,main_qv
mnli,prompting,lora,qv,16.0,16.0,1.0,0.0001,5000,low,iso_epoch,44,0.8846138935171574,0.0,419.3803,19.32596540451049,5046272,939,mnli_prompting_main_qv,mnli_prompting,results/mnli/prompting_main_qv/metrics/result_1785098681498495776_1147058.json,main_qv
mnli,prompting,lora,qv,4.0,8.0,2.0,0.0005,5000,low,iso_epoch,42,0.8830218733173395,0.0,421.6503,19.290442943573,1261568,939,mnli_prompting_main_qv,mnli_prompting,results/mnli/prompting_main_qv/metrics/result_1785098682109188064_1147301.json,main_qv
mnli,prompting,lora,qv,32.0,32.0,1.0,0.0001,5000,low,iso_epoch,42,0.8850708600271792,0.0,422.3916,19.35469007492065,10092544,939,mnli_prompting_main_qv,mnli_prompting,results/mnli/prompting_main_qv/metrics/result_1785098684020588151_1147057.json,main_qv
mnli,prompting,none,,,,,5e-05,1,low,iso_epoch,42,0.1800607386810489,0.0,,14.29489517211914,0,0,mnli_prompting_zeroshot,mnli_prompting,results/mnli/prompting_zeroshot/metrics/result_1784918235.json,zeroshot
mnli,prompting,none,,,,,5e-05,1,low,iso_epoch,43,0.1800607386810489,0.0,,14.29489517211914,0,0,mnli_prompting_zeroshot,mnli_prompting,results/mnli/prompting_zeroshot/metrics/result_1784918365.json,zeroshot
mnli,prompting,none,,,,,5e-05,1,low,iso_epoch,44,0.1800607386810489,0.0,,14.29489517211914,0,0,mnli_prompting_zeroshot,mnli_prompting,results/mnli/prompting_zeroshot/metrics/result_1784918370.json,zeroshot
squad,prompting,fft,,,,,1e-05,5000,low,iso_epoch,42,0.8372254986843228,0.0,1679.1176,40.08757925033569,7615616512,939,squad_prompting_fft,squad_prompting,results/squad/prompting_fft/metrics/result_1784828403.json,fft
squad,prompting,fft,,,,,1e-05,5000,low,iso_epoch,44,0.8360719009606482,0.0,1679.2949,40.067474365234375,7615616512,939,squad_prompting_fft,squad_prompting,results/squad/prompting_fft/metrics/result_1784828404.json,fft
squad,prompting,fft,,,,,3e-05,5000,low,iso_epoch,42,0.8496264269747146,0.0,1678.0067,40.08757925033569,7615616512,939,squad_prompting_fft,squad_prompting,results/squad/prompting_fft/metrics/result_1784828406.json,fft
squad,prompting,fft,,,,,1e-05,5000,low,iso_epoch,43,0.839982507825852,0.0,1669.5255,40.05526924133301,7615616512,939,squad_prompting_fft,squad_prompting,results/squad/prompting_fft/metrics/result_1784828448.json,fft
squad,prompting,fft,,,,,5e-05,5000,low,iso_epoch,42,0.809716912364793,0.0,1680.394,40.08757925033569,7615616512,939,squad_prompting_fft,squad_prompting,results/squad/prompting_fft/metrics/result_1784830454.json,fft
squad,prompting,fft,,,,,5e-05,5000,low,iso_epoch,43,0.8222800168317055,0.0,1669.1002,40.05526924133301,7615616512,939,squad_prompting_fft,squad_prompting,results/squad/prompting_fft/metrics/result_1784830460.json,fft
squad,prompting,fft,,,,,3e-05,5000,low,iso_epoch,44,0.8461037329181343,0.0,1696.1942,40.067474365234375,7615616512,939,squad_prompting_fft,squad_prompting,results/squad/prompting_fft/metrics/result_1784830492.json,fft
squad,prompting,fft,,,,,3e-05,5000,low,iso_epoch,43,0.8345203898573725,0.0,1692.277,40.05526924133301,7615616512,939,squad_prompting_fft,squad_prompting,results/squad/prompting_fft/metrics/result_1784830507.json,fft
squad,prompting,fft,,,,,5e-05,5000,low,iso_epoch,44,0.8146066152659507,0.0,1671.5475,40.067474365234375,7615616512,939,squad_prompting_fft,squad_prompting,results/squad/prompting_fft/metrics/result_1784832518.json,fft
squad,prompting,fft,,,,,1e-06,5000,low,iso_epoch,42,0.8252748364122986,0.0,1670.1332,40.08757925033569,7615616512,939,squad_prompting_fft_lr_extend,squad_prompting,results/squad/prompting_fft_lr_extend/metrics/result_1785614273371237342_3837916.json,fft_lr_extend
squad,prompting,fft,,,,,1e-06,5000,low,iso_epoch,43,0.8235532478559273,0.0,1671.5771,40.05526924133301,7615616512,939,squad_prompting_fft_lr_extend,squad_prompting,results/squad/prompting_fft_lr_extend/metrics/result_1785614276695105240_3856690.json,fft_lr_extend
squad,prompting,fft,,,,,1e-06,5000,low,iso_epoch,44,0.8280799433826228,0.0,1681.7466,40.067195892333984,7615616512,939,squad_prompting_fft_lr_extend,squad_prompting,results/squad/prompting_fft_lr_extend/metrics/result_1785614442336270537_1204232.json,fft_lr_extend
squad,prompting,fft,,,,,3e-06,5000,low,iso_epoch,42,0.8368486925140243,0.0,1669.7142,40.08757925033569,7615616512,939,squad_prompting_fft_lr_extend,squad_prompting,results/squad/prompting_fft_lr_extend/metrics/result_1785616562277636217_2938696.json,fft_lr_extend
squad,prompting,fft,,,,,3e-06,5000,low,iso_epoch,44,0.8350427918929063,0.0,1670.3946,40.067474365234375,7615616512,939,squad_prompting_fft_lr_extend,squad_prompting,results/squad/prompting_fft_lr_extend/metrics/result_1785616739120972056_2340435.json,fft_lr_extend
squad,prompting,fft,,,,,3e-06,5000,low,iso_epoch,43,0.8407724122725266,0.0,1684.3816,40.05526924133301,7615616512,939,squad_prompting_fft_lr_extend,squad_prompting,results/squad/prompting_fft_lr_extend/metrics/result_1785616756691076820_1224224.json,fft_lr_extend
squad,prompting,fft,,,,,1e-06,5000,low,iso_epoch,42,0.826853103555783,0.0,1675.3923,40.08757925033569,7615616512,939,squad_prompting_fft_lr_extend,squad_prompting,results/squad/prompting_fft_lr_extend/metrics/result_1785616854563240083_1228727.json,fft_lr_extend
squad,prompting,fft,,,,,1e-06,5000,low,iso_epoch,43,0.8262007226034019,0.0,1673.2621,40.05526924133301,7615616512,939,squad_prompting_fft_lr_extend,squad_prompting,results/squad/prompting_fft_lr_extend/metrics/result_1785618427809439409_2943469.json,fft_lr_extend
squad,prompting,fft,,,,,3e-06,5000,low,iso_epoch,42,0.8358010734664052,0.0,1674.195,40.08757925033569,7615616512,939,squad_prompting_fft_lr_extend,squad_prompting,results/squad/prompting_fft_lr_extend/metrics/result_1785618790568811568_1233951.json,fft_lr_extend
squad,prompting,fft,,,,,3e-06,5000,low,iso_epoch,43,0.8421344067997386,0.0,1677.2583,40.05526924133301,7615616512,939,squad_prompting_fft_lr_extend,squad_prompting,results/squad/prompting_fft_lr_extend/metrics/result_1785618794225674621_1233952.json,fft_lr_extend
squad,prompting,fft,,,,,1e-06,5000,low,iso_epoch,44,0.8266150638177433,0.0,1668.9731,40.067474365234375,7615616512,939,squad_prompting_fft_lr_extend,squad_prompting,results/squad/prompting_fft_lr_extend/metrics/result_1785618842827393375_3904424.json,fft_lr_extend
squad,prompting,fft,,,,,3e-06,5000,low,iso_epoch,44,0.8359348553849697,0.0,1671.5946,40.067474365234375,7615616512,939,squad_prompting_fft_lr_extend,squad_prompting,results/squad/prompting_fft_lr_extend/metrics/result_1785620296085145529_2948156.json,fft_lr_extend
squad,prompting,fft,,,,,1e-05,5000,low,iso_epoch,42,0.8396753821342064,0.0,1670.5757,40.08757925033569,7615616512,939,squad_prompting_fft_wd0.1,squad_prompting,results/squad/prompting_fft_wd0.1/metrics/result_1785612675955124416_2928778.json,fft_wd0.1
squad,prompting,fft,,,,,1e-05,5000,low,iso_epoch,44,0.8405417422304894,0.0,1670.706,40.067474365234375,7615616512,939,squad_prompting_fft_wd0.1,squad_prompting,results/squad/prompting_fft_wd0.1/metrics/result_1785612695957020321_3833834.json,fft_wd0.1
squad,prompting,fft,,,,,1e-05,5000,low,iso_epoch,43,0.8427706319823972,0.0,1672.4398,40.05526924133301,7615616512,939,squad_prompting_fft_wd0.1,squad_prompting,results/squad/prompting_fft_wd0.1/metrics/result_1785612717528126533_3101745.json,fft_wd0.1
squad,prompting,fft,,,,,3e-05,5000,low,iso_epoch,42,0.8516100381318034,0.0,1668.3616,40.08757925033569,7615616512,939,squad_prompting_fft_wd0.1,squad_prompting,results/squad/prompting_fft_wd0.1/metrics/result_1785614036833961890_2298390.json,fft_wd0.1
squad,prompting,fft,,,,,3e-05,5000,low,iso_epoch,43,0.8428267414090328,0.0,1672.154,40.05526924133301,7615616512,939,squad_prompting_fft_wd0.1,squad_prompting,results/squad/prompting_fft_wd0.1/metrics/result_1785614593909611690_2933744.json,fft_wd0.1
squad,prompting,fft,,,,,5e-05,5000,low,iso_epoch,42,0.7935128898524042,0.0,1667.6457,40.08757925033569,7615616512,939,squad_prompting_fft_wd0.1,squad_prompting,results/squad/prompting_fft_wd0.1/metrics/result_1785614621158631033_3839341.json,fft_wd0.1
squad,prompting,fft,,,,,3e-05,5000,low,iso_epoch,44,0.8579588216557529,0.0,1672.6227,40.067474365234375,7615616512,939,squad_prompting_fft_wd0.1,squad_prompting,results/squad/prompting_fft_wd0.1/metrics/result_1785614636115840794_3106037.json,fft_wd0.1
squad,prompting,fft,,,,,5e-05,5000,low,iso_epoch,43,0.8217006853444794,0.0,1673.5759,40.05526924133301,7615616512,939,squad_prompting_fft_wd0.1,squad_prompting,results/squad/prompting_fft_wd0.1/metrics/result_1785616168124837272_3860480.json,fft_wd0.1
squad,prompting,fft,,,,,5e-05,5000,low,iso_epoch,44,0.8070481017364696,0.0,1671.2094,40.067474365234375,7615616512,939,squad_prompting_fft_wd0.1,squad_prompting,results/squad/prompting_fft_wd0.1/metrics/result_1785616623477330140_3110268.json,fft_wd0.1
squad,prompting,fft,,,,,1e-05,5000,low,iso_epoch,42,0.8345709612827265,0.0,3332.6768,40.08757925033569,7615616512,1878,squad_prompting_fft_wd0.1_epochs6,squad_prompting,results/squad/prompting_fft_wd0.1_epochs6/metrics/result_1785618731372701736_3900081.json,fft_wd0.1_epochs6
squad,prompting,fft,,,,,1e-05,5000,low,iso_epoch,43,0.8337693739811389,0.0,3341.5717,40.05742645263672,7615616512,1878,squad_prompting_fft_wd0.1_epochs6,squad_prompting,results/squad/prompting_fft_wd0.1_epochs6/metrics/result_1785618740450417769_3900080.json,fft_wd0.1_epochs6
squad,prompting,fft,,,,,1e-05,5000,low,iso_epoch,44,0.8380902207672033,0.0,3327.4489,40.067474365234375,7615616512,1878,squad_prompting_fft_wd0.1_epochs6,squad_prompting,results/squad/prompting_fft_wd0.1_epochs6/metrics/result_1785619691214437209_3864148.json,fft_wd0.1_epochs6
squad,prompting,fft,,,,,3e-05,5000,low,iso_epoch,42,0.8299974672175815,0.0,3339.113,40.08757925033569,7615616512,1878,squad_prompting_fft_wd0.1_epochs6,squad_prompting,results/squad/prompting_fft_wd0.1_epochs6/metrics/result_1785620210747084598_3114492.json,fft_wd0.1_epochs6
squad,prompting,fft,,,,,3e-05,5000,low,iso_epoch,44,0.8279801699153363,0.0,3327.8155,40.067474365234375,7615616512,1878,squad_prompting_fft_wd0.1_epochs6,squad_prompting,results/squad/prompting_fft_wd0.1_epochs6/metrics/result_1785622320921305681_3909315.json,fft_wd0.1_epochs6
squad,prompting,fft,,,,,3e-05,5000,low,iso_epoch,43,0.8494713922366357,0.0,3337.752,40.05742645263672,7615616512,1878,squad_prompting_fft_wd0.1_epochs6,squad_prompting,results/squad/prompting_fft_wd0.1_epochs6/metrics/result_1785622332633517428_3909316.json,fft_wd0.1_epochs6
squad,prompting,fft,,,,,5e-05,5000,low,iso_epoch,42,0.7630870459463815,0.0,3332.2544,40.08757925033569,7615616512,1878,squad_prompting_fft_wd0.1_epochs6,squad_prompting,results/squad/prompting_fft_wd0.1_epochs6/metrics/result_1785623304799532538_3871145.json,fft_wd0.1_epochs6
squad,prompting,fft,,,,,5e-05,5000,low,iso_epoch,43,0.7860543632743124,0.0,3455.1272,40.05742645263672,7615616512,1878,squad_prompting_fft_wd0.1_epochs6,squad_prompting,results/squad/prompting_fft_wd0.1_epochs6/metrics/result_1785624035640229739_3121756.json,fft_wd0.1_epochs6
squad,prompting,fft,,,,,5e-05,5000,low,iso_epoch,44,0.7688612592936496,0.0,3336.4704,40.067474365234375,7615616512,1878,squad_prompting_fft_wd0.1_epochs6,squad_prompting,results/squad/prompting_fft_wd0.1_epochs6/metrics/result_1785625883277686157_3918984.json,fft_wd0.1_epochs6
squad,prompting,fft,,,,,1e-05,5000,low,iso_epoch,45,0.8423151259415969,0.0,1674.5382,40.06349182128906,7615616512,939,squad_prompting_fft_wd0.1_moreseeds,squad_prompting,results/squad/prompting_fft_wd0.1_moreseeds/metrics/result_1785620245255129394_2353522.json,fft_wd0.1_moreseeds
squad,prompting,fft,,,,,1e-05,5000,low,iso_epoch,46,0.8428652497545086,0.0,1668.9795,40.03997039794922,7615616512,939,squad_prompting_fft_wd0.1_moreseeds,squad_prompting,results/squad/prompting_fft_wd0.1_moreseeds/metrics/result_1785620673588204294_3910136.json,fft_wd0.1_moreseeds
squad,prompting,fft,,,,,1e-05,5000,low,iso_epoch,48,0.8430616918818062,0.0,1673.6893,40.03887414932251,7615616512,939,squad_prompting_fft_wd0.1_moreseeds,squad_prompting,results/squad/prompting_fft_wd0.1_moreseeds/metrics/result_1785620701288668639_1239124.json,fft_wd0.1_moreseeds
squad,prompting,fft,,,,,1e-05,5000,low,iso_epoch,47,0.835052284629267,0.0,1677.9303,39.095040798187256,7615616512,939,squad_prompting_fft_wd0.1_moreseeds,squad_prompting,results/squad/prompting_fft_wd0.1_moreseeds/metrics/result_1785620703403052092_1239123.json,fft_wd0.1_moreseeds
squad,prompting,fft,,,,,1e-05,5000,low,iso_epoch,49,0.8377841416611241,0.0,1670.0707,40.0462212562561,7615616512,939,squad_prompting_fft_wd0.1_moreseeds,squad_prompting,results/squad/prompting_fft_wd0.1_moreseeds/metrics/result_1785622152657702184_2952922.json,fft_wd0.1_moreseeds
squad,prompting,fft,,,,,3e-05,5000,low,iso_epoch,45,0.8380553916529624,0.0,1676.0655,40.06349182128906,7615616512,939,squad_prompting_fft_wd0.1_moreseeds,squad_prompting,results/squad/prompting_fft_wd0.1_moreseeds/metrics/result_1785622579283454070_1244888.json,fft_wd0.1_moreseeds
squad,prompting,fft,,,,,1e-05,5000,low,iso_epoch,51,0.8406881228651055,0.0,1685.3033,39.09230327606201,7615616512,939,squad_prompting_fft_wd0.1_moreseeds,squad_prompting,results/squad/prompting_fft_wd0.1_moreseeds/metrics/result_1785622581734838386_1244887.json,fft_wd0.1_moreseeds
squad,prompting,fft,,,,,1e-05,5000,low,iso_epoch,50,0.838842483116262,0.0,1679.6212,40.07527017593384,7615616512,939,squad_prompting_fft_wd0.1_moreseeds,squad_prompting,results/squad/prompting_fft_wd0.1_moreseeds/metrics/result_1785622590614089864_3914469.json,fft_wd0.1_moreseeds
squad,prompting,fft,,,,,3e-05,5000,low,iso_epoch,46,0.8218884480301366,0.0,1671.084,40.03997039794922,7615616512,939,squad_prompting_fft_wd0.1_moreseeds,squad_prompting,results/squad/prompting_fft_wd0.1_moreseeds/metrics/result_1785624016356387472_2957636.json,fft_wd0.1_moreseeds
squad,prompting,fft,,,,,3e-05,5000,low,iso_epoch,47,0.8368147457938334,0.0,1668.6765,39.095040798187256,7615616512,939,squad_prompting_fft_wd0.1_moreseeds,squad_prompting,results/squad/prompting_fft_wd0.1_moreseeds/metrics/result_1785624475804872000_3920362.json,fft_wd0.1_moreseeds
squad,prompting,fft,,,,,3e-05,5000,low,iso_epoch,49,0.8378725011277446,0.0,1674.2532,40.0462212562561,7615616512,939,squad_prompting_fft_wd0.1_moreseeds,squad_prompting,results/squad/prompting_fft_wd0.1_moreseeds/metrics/result_1785624487018408071_1249649.json,fft_wd0.1_moreseeds
squad,prompting,fft,,,,,3e-05,5000,low,iso_epoch,48,0.8320931615301439,0.0,1671.6627,40.03887414932251,7615616512,939,squad_prompting_fft_wd0.1_moreseeds,squad_prompting,results/squad/prompting_fft_wd0.1_moreseeds/metrics/result_1785624488532852438_1249650.json,fft_wd0.1_moreseeds
squad,prompting,fft,,,,,3e-05,5000,low,iso_epoch,50,0.8383633020649903,0.0,1675.0765,40.07527017593384,7615616512,939,squad_prompting_fft_wd0.1_moreseeds,squad_prompting,results/squad/prompting_fft_wd0.1_moreseeds/metrics/result_1785625925885648464_3129720.json,fft_wd0.1_moreseeds
squad,prompting,fft,,,,,5e-05,5000,low,iso_epoch,46,0.8147613225637129,0.0,1690.0859,40.03997039794922,7615616512,939,squad_prompting_fft_wd0.1_moreseeds,squad_prompting,results/squad/prompting_fft_wd0.1_moreseeds/metrics/result_1785626462655401837_1271354.json,fft_wd0.1_moreseeds
squad,prompting,fft,,,,,5e-05,5000,low,iso_epoch,45,0.8068510303280129,0.0,1693.2331,40.06349182128906,7615616512,939,squad_prompting_fft_wd0.1_moreseeds,squad_prompting,results/squad/prompting_fft_wd0.1_moreseeds/metrics/result_1785626468640723246_1271353.json,fft_wd0.1_moreseeds
squad,prompting,fft,,,,,3e-05,5000,low,iso_epoch,51,0.8302798346077288,0.0,1698.0383,39.09230327606201,7615616512,939,squad_prompting_fft_wd0.1_moreseeds,squad_prompting,results/squad/prompting_fft_wd0.1_moreseeds/metrics/result_1785626521018027666_3924744.json,fft_wd0.1_moreseeds
squad,prompting,fft,,,,,5e-05,5000,low,iso_epoch,47,0.7894709453566233,0.0,1669.3884,39.095040798187256,7615616512,939,squad_prompting_fft_wd0.1_moreseeds,squad_prompting,results/squad/prompting_fft_wd0.1_moreseeds/metrics/result_1785627813997997776_3133861.json,fft_wd0.1_moreseeds
squad,prompting,fft,,,,,5e-05,5000,low,iso_epoch,49,0.8028874225048074,0.0,1705.5514,40.0462212562561,7615616512,939,squad_prompting_fft_wd0.1_moreseeds,squad_prompting,results/squad/prompting_fft_wd0.1_moreseeds/metrics/result_1785628369771876055_1335132.json,fft_wd0.1_moreseeds
squad,prompting,fft,,,,,5e-05,5000,low,iso_epoch,48,0.7967958908837683,0.0,1664.3567,40.03887414932251,7615616512,939,squad_prompting_fft_wd0.1_moreseeds,squad_prompting,results/squad/prompting_fft_wd0.1_moreseeds/metrics/result_1785628402104541002_3929312.json,fft_wd0.1_moreseeds
squad,prompting,fft,,,,,5e-05,5000,low,iso_epoch,50,0.8157953996944564,0.0,1676.9997,40.07527017593384,7615616512,939,squad_prompting_fft_wd0.1_moreseeds,squad_prompting,results/squad/prompting_fft_wd0.1_moreseeds/metrics/result_1785628428269589539_3930014.json,fft_wd0.1_moreseeds
squad,prompting,fft,,,,,5e-05,5000,low,iso_epoch,51,0.7972961172461545,0.0,1680.2909,39.09230327606201,7615616512,939,squad_prompting_fft_wd0.1_moreseeds,squad_prompting,results/squad/prompting_fft_wd0.1_moreseeds/metrics/result_1785629887622427637_3138268.json,fft_wd0.1_moreseeds
squad,prompting,fft,,,,,1e-05,20000,high,iso_epoch,43,0.8663371652457268,0.0,6708.3115,44.31033372879028,7615616512,3750,squad_prompting_fft_wd0.1_subset20000,squad_prompting,results/squad/prompting_fft_wd0.1_subset20000/metrics/result_1785627191438835552_2357944.json,fft_wd0.1_subset20000
squad,prompting,fft,,,,,1e-05,20000,high,iso_epoch,42,0.862485562462545,0.0,6703.0396,44.310099601745605,7615616512,3750,squad_prompting_fft_wd0.1_subset20000,squad_prompting,results/squad/prompting_fft_wd0.1_subset20000/metrics/result_1785627194950570200_1242835.json,fft_wd0.1_subset20000
squad,prompting,fft,,,,,1e-05,20000,high,iso_epoch,44,0.8589759042844659,0.0,6701.6411,44.29894542694092,7615616512,3750,squad_prompting_fft_wd0.1_subset20000,squad_prompting,results/squad/prompting_fft_wd0.1_subset20000/metrics/result_1785629324666928699_3918985.json,fft_wd0.1_subset20000
squad,prompting,fft,,,,,3e-05,20000,high,iso_epoch,42,0.8602273963774222,0.0,6635.9673,44.310099601745605,7615616512,3750,squad_prompting_fft_wd0.1_subset20000,squad_prompting,results/squad/prompting_fft_wd0.1_subset20000/metrics/result_1785630136688205854_3877927.json,fft_wd0.1_subset20000
squad,prompting,fft,,,,,3e-05,20000,high,iso_epoch,43,0.8651955413725239,0.0,6768.3005,44.31033372879028,7615616512,3750,squad_prompting_fft_wd0.1_subset20000,squad_prompting,results/squad/prompting_fft_wd0.1_subset20000/metrics/result_1785634169136343061_1383201.json,fft_wd0.1_subset20000
squad,prompting,fft,,,,,3e-05,20000,high,iso_epoch,44,0.838493283663142,0.0,6894.6038,44.29894542694092,7615616512,3750,squad_prompting_fft_wd0.1_subset20000,squad_prompting,results/squad/prompting_fft_wd0.1_subset20000/metrics/result_1785634418853000697_2440782.json,fft_wd0.1_subset20000
squad,prompting,fft,,,,,5e-05,20000,high,iso_epoch,42,0.8096901585342766,0.0,6649.7504,44.310099601745605,7615616512,3750,squad_prompting_fft_wd0.1_subset20000,squad_prompting,results/squad/prompting_fft_wd0.1_subset20000/metrics/result_1785636242323624557_3936233.json,fft_wd0.1_subset20000
squad,prompting,fft,,,,,5e-05,20000,high,iso_epoch,43,0.7916930127899953,0.0,6674.2754,44.31033372879028,7615616512,3750,squad_prompting_fft_wd0.1_subset20000,squad_prompting,results/squad/prompting_fft_wd0.1_subset20000/metrics/result_1785637098373412361_3938284.json,fft_wd0.1_subset20000
squad,prompting,fft,,,,,5e-05,20000,high,iso_epoch,44,0.8123429865105061,0.0,6645.9008,44.29894542694092,7615616512,3750,squad_prompting_fft_wd0.1_subset20000,squad_prompting,results/squad/prompting_fft_wd0.1_subset20000/metrics/result_1785641033563275632_3219485.json,fft_wd0.1_subset20000
squad,prompting,lora,attention,4.0,8.0,2.0,0.0001,1000,low,iso_epoch,42,0.8354014382860728,0.0,249.6156,24.62663459777832,2523136,189,squad_prompting_ladder_isoepoch,squad_prompting,results/squad/prompting_ladder_isoepoch/metrics/result_1784839824.json,ladder_isoepoch
squad,prompting,lora,attention,4.0,8.0,2.0,0.0001,1000,low,iso_epoch,43,0.8303117975174849,0.0,250.4015,24.624824047088623,2523136,189,squad_prompting_ladder_isoepoch,squad_prompting,results/squad/prompting_ladder_isoepoch/metrics/result_1784840726.json,ladder_isoepoch
squad,prompting,lora,attention,4.0,8.0,2.0,0.0001,1000,low,iso_epoch,44,0.8329099875627338,0.0,251.8426,24.624824047088623,2523136,189,squad_prompting_ladder_isoepoch,squad_prompting,results/squad/prompting_ladder_isoepoch/metrics/result_1784841310.json,ladder_isoepoch
squad,prompting,lora,attention,4.0,8.0,2.0,0.0003,1000,low,iso_epoch,42,0.8371380203165513,0.0,248.8185,24.62663459777832,2523136,189,squad_prompting_ladder_isoepoch,squad_prompting,results/squad/prompting_ladder_isoepoch/metrics/result_1784841840.json,ladder_isoepoch
squad,prompting,lora,attention,4.0,8.0,2.0,0.0003,1000,low,iso_epoch,43,0.8298977888902792,0.0,250.4888,24.624824047088623,2523136,189,squad_prompting_ladder_isoepoch,squad_prompting,results/squad/prompting_ladder_isoepoch/metrics/result_1784842384.json,ladder_isoepoch
squad,prompting,lora,attention,4.0,8.0,2.0,0.0003,1000,low,iso_epoch,44,0.8327592476522525,0.0,251.8481,24.624824047088623,2523136,189,squad_prompting_ladder_isoepoch,squad_prompting,results/squad/prompting_ladder_isoepoch/metrics/result_1784843104.json,ladder_isoepoch
squad,prompting,lora,attention,4.0,8.0,2.0,0.0001,5000,low,iso_epoch,42,0.850418564638679,0.0,1220.6418,25.567911624908447,2523136,939,squad_prompting_ladder_isoepoch,squad_prompting,results/squad/prompting_ladder_isoepoch/metrics/result_1784844587.json,ladder_isoepoch
squad,prompting,lora,attention,4.0,8.0,2.0,0.0001,5000,low,iso_epoch,43,0.8503127247780564,0.0,1220.1647,25.568114280700684,2523136,939,squad_prompting_ladder_isoepoch,squad_prompting,results/squad/prompting_ladder_isoepoch/metrics/result_1784854184.json,ladder_isoepoch
squad,prompting,lora,attention,4.0,8.0,2.0,0.0001,5000,low,iso_epoch,44,0.8493585064173308,0.0,1232.2424,25.568120002746586,2523136,939,squad_prompting_ladder_isoepoch,squad_prompting,results/squad/prompting_ladder_isoepoch/metrics/result_1784855462.json,ladder_isoepoch
squad,prompting,lora,attention,4.0,8.0,2.0,0.0003,5000,low,iso_epoch,42,0.8498559083475968,0.0,1218.4143,25.567911624908447,2523136,939,squad_prompting_ladder_isoepoch,squad_prompting,results/squad/prompting_ladder_isoepoch/metrics/result_1784855641.json,ladder_isoepoch
squad,prompting,lora,attention,4.0,8.0,2.0,0.0003,5000,low,iso_epoch,44,0.841137716156804,0.0,1221.9979,25.568120002746586,2523136,939,squad_prompting_ladder_isoepoch,squad_prompting,results/squad/prompting_ladder_isoepoch/metrics/result_1784857147.json,ladder_isoepoch
squad,prompting,lora,attention,4.0,8.0,2.0,0.0003,5000,low,iso_epoch,43,0.8445227437997267,0.0,1236.1081,25.568114280700684,2523136,939,squad_prompting_ladder_isoepoch,squad_prompting,results/squad/prompting_ladder_isoepoch/metrics/result_1784857159.json,ladder_isoepoch
squad,prompting,lora,attention,4.0,8.0,2.0,0.0001,20000,high,iso_epoch,43,0.867943842964741,0.0,4962.6289,29.79645538330078,2523136,3750,squad_prompting_ladder_isoepoch,squad_prompting,results/squad/prompting_ladder_isoepoch/metrics/result_1784888530.json,ladder_isoepoch
squad,prompting,lora,attention,4.0,8.0,2.0,0.0001,20000,high,iso_epoch,42,0.866699531826514,0.0,4975.6923,29.79644536972046,2523136,3750,squad_prompting_ladder_isoepoch,squad_prompting,results/squad/prompting_ladder_isoepoch/metrics/result_1784888543.json,ladder_isoepoch
squad,prompting,lora,attention,4.0,8.0,2.0,0.0001,20000,high,iso_epoch,44,0.8712155973399481,0.0,4969.1681,29.79645538330078,2523136,3750,squad_prompting_ladder_isoepoch,squad_prompting,results/squad/prompting_ladder_isoepoch/metrics/result_1784888549.json,ladder_isoepoch
squad,prompting,lora,attention,4.0,8.0,2.0,0.0003,20000,high,iso_epoch,42,0.8619654991924818,0.0,4973.9045,29.79644536972046,2523136,3750,squad_prompting_ladder_isoepoch,squad_prompting,results/squad/prompting_ladder_isoepoch/metrics/result_1784889512.json,ladder_isoepoch
squad,prompting,lora,attention,4.0,8.0,2.0,0.0003,20000,high,iso_epoch,43,0.8524069994161326,0.0,4858.7856,29.79645538330078,2523136,3750,squad_prompting_ladder_isoepoch,squad_prompting,results/squad/prompting_ladder_isoepoch/metrics/result_1784896337.json,ladder_isoepoch
squad,prompting,lora,attention,4.0,8.0,2.0,0.0003,20000,high,iso_epoch,44,0.8583745295188805,0.0,4958.7019,29.79645538330078,2523136,3750,squad_prompting_ladder_isoepoch,squad_prompting,results/squad/prompting_ladder_isoepoch/metrics/result_1784896678.json,ladder_isoepoch
squad,prompting,lora,attention,4.0,8.0,2.0,0.0001,50000,high,iso_epoch,43,0.8729423713541367,0.0,12180.9584,29.796453952789307,2523136,9375,squad_prompting_ladder_isoepoch,squad_prompting,results/squad/prompting_ladder_isoepoch/metrics/result_1784903902.json,ladder_isoepoch
squad,prompting,lora,attention,4.0,8.0,2.0,0.0001,50000,high,iso_epoch,42,0.8788106396076223,0.0,12252.2538,29.796698093414307,2523136,9375,squad_prompting_ladder_isoepoch,squad_prompting,results/squad/prompting_ladder_isoepoch/metrics/result_1784904019.json,ladder_isoepoch
squad,prompting,lora,attention,4.0,8.0,2.0,0.0001,50000,high,iso_epoch,44,0.8712841938311765,0.0,12097.3772,29.78704166412353,2523136,9375,squad_prompting_ladder_isoepoch,squad_prompting,results/squad/prompting_ladder_isoepoch/metrics/result_1784909471.json,ladder_isoepoch
squad,prompting,lora,attention,4.0,8.0,2.0,0.0003,50000,high,iso_epoch,42,0.8722340078951736,0.0,12228.1534,29.796698093414307,2523136,9375,squad_prompting_ladder_isoepoch,squad_prompting,results/squad/prompting_ladder_isoepoch/metrics/result_1784909563.json,ladder_isoepoch
squad,prompting,lora,attention,8.0,16.0,2.0,0.0001,1000,low,iso_epoch,42,0.8364669353620962,0.0,247.3852,24.649545669555664,5046272,189,squad_prompting_ladder_isoepoch,squad_prompting,results/squad/prompting_ladder_isoepoch/metrics/result_1784910121.json,ladder_isoepoch
squad,prompting,lora,attention,8.0,16.0,2.0,0.0001,1000,low,iso_epoch,43,0.8269826348672695,0.0,251.1521,24.647735118865967,5046272,189,squad_prompting_ladder_isoepoch,squad_prompting,results/squad/prompting_ladder_isoepoch/metrics/result_1784910225.json,ladder_isoepoch
squad,prompting,lora,attention,8.0,16.0,2.0,0.0001,1000,low,iso_epoch,44,0.8373665176511522,0.0,248.445,24.647735118865967,5046272,189,squad_prompting_ladder_isoepoch,squad_prompting,results/squad/prompting_ladder_isoepoch/metrics/result_1784910795.json,ladder_isoepoch
squad,prompting,lora,attention,8.0,16.0,2.0,0.0003,1000,low,iso_epoch,42,0.8429712649340465,0.0,250.4309,24.649545669555664,5046272,189,squad_prompting_ladder_isoepoch,squad_prompting,results/squad/prompting_ladder_isoepoch/metrics/result_1784910808.json,ladder_isoepoch
squad,prompting,lora,attention,8.0,16.0,2.0,0.0003,1000,low,iso_epoch,43,0.8272359985311702,0.0,248.3476,24.647735118865967,5046272,189,squad_prompting_ladder_isoepoch,squad_prompting,results/squad/prompting_ladder_isoepoch/metrics/result_1784911377.json,ladder_isoepoch
squad,prompting,lora,attention,8.0,16.0,2.0,0.0003,1000,low,iso_epoch,44,0.8327577653607445,0.0,251.5247,24.647735118865967,5046272,189,squad_prompting_ladder_isoepoch,squad_prompting,results/squad/prompting_ladder_isoepoch/metrics/result_1784911383.json,ladder_isoepoch
squad,prompting,lora,attention,8.0,16.0,2.0,0.0001,5000,low,iso_epoch,42,0.8569764795553035,0.0,1208.4686,25.59082269668579,5046272,939,squad_prompting_ladder_isoepoch,squad_prompting,results/squad/prompting_ladder_isoepoch/metrics/result_1784912975.json,ladder_isoepoch
squad,prompting,lora,attention,8.0,16.0,2.0,0.0001,5000,low,iso_epoch,43,0.8523882004270245,0.0,1218.6404,25.591025352478027,5046272,939,squad_prompting_ladder_isoepoch,squad_prompting,results/squad/prompting_ladder_isoepoch/metrics/result_1784913153.json,ladder_isoepoch
squad,prompting,lora,attention,8.0,16.0,2.0,0.0001,5000,low,iso_epoch,44,0.8498088419941741,0.0,1209.4533,25.59103107452393,5046272,939,squad_prompting_ladder_isoepoch,squad_prompting,results/squad/prompting_ladder_isoepoch/metrics/result_1784914454.json,ladder_isoepoch
squad,prompting,lora,attention,8.0,16.0,2.0,0.0003,5000,low,iso_epoch,42,0.840582001208984,0.0,1216.3762,25.59082269668579,5046272,939,squad_prompting_ladder_isoepoch,squad_prompting,results/squad/prompting_ladder_isoepoch/metrics/result_1784914674.json,ladder_isoepoch
squad,prompting,lora,attention,8.0,16.0,2.0,0.0003,5000,low,iso_epoch,43,0.8522709747913009,0.0,1209.1989,25.591025352478027,5046272,939,squad_prompting_ladder_isoepoch,squad_prompting,results/squad/prompting_ladder_isoepoch/metrics/result_1784916130.json,ladder_isoepoch
squad,prompting,lora,attention,8.0,16.0,2.0,0.0003,5000,low,iso_epoch,44,0.8437179846297497,0.0,1211.4694,25.59103107452393,5046272,939,squad_prompting_ladder_isoepoch,squad_prompting,results/squad/prompting_ladder_isoepoch/metrics/result_1784916254.json,ladder_isoepoch
squad,prompting,lora,attention,4.0,8.0,2.0,0.0003,50000,high,iso_epoch,43,0.8676135279752931,0.0,12099.0758,29.796453952789307,2523136,9375,squad_prompting_ladder_isoepoch,squad_prompting,results/squad/prompting_ladder_isoepoch/metrics/result_1784916270.json,ladder_isoepoch
squad,prompting,lora,attention,4.0,8.0,2.0,0.0003,50000,high,iso_epoch,44,0.8567399802669627,0.0,12192.1984,29.78704166412353,2523136,9375,squad_prompting_ladder_isoepoch,squad_prompting,results/squad/prompting_ladder_isoepoch/metrics/result_1784916454.json,ladder_isoepoch
squad,prompting,lora,attention,8.0,16.0,2.0,0.0001,20000,high,iso_epoch,42,0.8643709492979318,0.0,4823.9393,29.819356441497803,5046272,3750,squad_prompting_ladder_isoepoch,squad_prompting,results/squad/prompting_ladder_isoepoch/metrics/result_1784921345.json,ladder_isoepoch
squad,prompting,lora,attention,8.0,16.0,2.0,0.0001,20000,high,iso_epoch,44,0.864830572042337,0.0,4826.1832,29.819366455078125,5046272,3750,squad_prompting_ladder_isoepoch,squad_prompting,results/squad/prompting_ladder_isoepoch/metrics/result_1784921358.json,ladder_isoepoch
squad,prompting,lora,attention,8.0,16.0,2.0,0.0001,20000,high,iso_epoch,43,0.8674434245351125,0.0,4849.784,29.819366455078125,5046272,3750,squad_prompting_ladder_isoepoch,squad_prompting,results/squad/prompting_ladder_isoepoch/metrics/result_1784921386.json,ladder_isoepoch
squad,prompting,lora,attention,8.0,16.0,2.0,0.0003,20000,high,iso_epoch,42,0.86976449005669,0.0,4834.7836,29.819356441497803,5046272,3750,squad_prompting_ladder_isoepoch,squad_prompting,results/squad/prompting_ladder_isoepoch/metrics/result_1784921577.json,ladder_isoepoch
squad,prompting,lora,attention,8.0,16.0,2.0,0.0003,20000,high,iso_epoch,44,0.8420345924663576,0.0,4828.6901,29.819366455078125,5046272,3750,squad_prompting_ladder_isoepoch,squad_prompting,results/squad/prompting_ladder_isoepoch/metrics/result_1784926549.json,ladder_isoepoch
squad,prompting,lora,attention,8.0,16.0,2.0,0.0003,20000,high,iso_epoch,43,0.8547785873501923,0.0,4821.552,29.819366455078125,5046272,3750,squad_prompting_ladder_isoepoch,squad_prompting,results/squad/prompting_ladder_isoepoch/metrics/result_1784926558.json,ladder_isoepoch
squad,prompting,lora,attention,8.0,16.0,2.0,0.0001,50000,high,iso_epoch,43,0.8760715815007153,0.0,12097.5082,29.81936502456665,5046272,9375,squad_prompting_ladder_isoepoch,squad_prompting,results/squad/prompting_ladder_isoepoch/metrics/result_1784933947.json,ladder_isoepoch
squad,prompting,lora,attention,8.0,16.0,2.0,0.0001,50000,high,iso_epoch,42,0.8854073580233061,0.0,12056.9685,29.81960916519165,5046272,9375,squad_prompting_ladder_isoepoch,squad_prompting,results/squad/prompting_ladder_isoepoch/metrics/result_1784933950.json,ladder_isoepoch
squad,prompting,lora,attention,8.0,16.0,2.0,0.0003,50000,high,iso_epoch,42,0.8614588271205923,0.0,12472.6161,29.81960916519165,5046272,9375,squad_prompting_ladder_isoepoch,squad_prompting,results/squad/prompting_ladder_isoepoch/metrics/result_1784939440.json,ladder_isoepoch
squad,prompting,lora,attention,8.0,16.0,2.0,0.0001,50000,high,iso_epoch,44,0.8716153428271082,0.0,12507.3075,29.80055332183838,5046272,9375,squad_prompting_ladder_isoepoch,squad_prompting,results/squad/prompting_ladder_isoepoch/metrics/result_1784939474.json,ladder_isoepoch
squad,prompting,lora,attention,16.0,32.0,2.0,0.0001,1000,low,iso_epoch,42,0.8429494951794495,0.0,254.731,24.69670295715332,10092544,189,squad_prompting_ladder_isoepoch,squad_prompting,results/squad/prompting_ladder_isoepoch/metrics/result_1784940024.json,ladder_isoepoch
squad,prompting,lora,attention,16.0,32.0,2.0,0.0001,1000,low,iso_epoch,43,0.829750354165515,0.0,256.3165,24.694892406463623,10092544,189,squad_prompting_ladder_isoepoch,squad_prompting,results/squad/prompting_ladder_isoepoch/metrics/result_1784940029.json,ladder_isoepoch
squad,prompting,lora,attention,16.0,32.0,2.0,0.0001,1000,low,iso_epoch,44,0.8368486189315143,0.0,259.7825,24.694892406463623,10092544,189,squad_prompting_ladder_isoepoch,squad_prompting,results/squad/prompting_ladder_isoepoch/metrics/result_1784940566.json,ladder_isoepoch
squad,prompting,lora,attention,16.0,32.0,2.0,0.0003,1000,low,iso_epoch,42,0.8431299787039367,0.0,257.4623,24.69670295715332,10092544,189,squad_prompting_ladder_isoepoch,squad_prompting,results/squad/prompting_ladder_isoepoch/metrics/result_1784940567.json,ladder_isoepoch
squad,prompting,lora,attention,16.0,32.0,2.0,0.0003,1000,low,iso_epoch,43,0.8451230043948589,0.0,250.8294,24.694892406463623,10092544,189,squad_prompting_ladder_isoepoch,squad_prompting,results/squad/prompting_ladder_isoepoch/metrics/result_1784941242.json,ladder_isoepoch
squad,prompting,lora,attention,16.0,32.0,2.0,0.0001,5000,low,iso_epoch,42,0.857119572461261,0.0,1215.7284,25.637979984283447,10092544,939,squad_prompting_ladder_isoepoch,squad_prompting,results/squad/prompting_ladder_isoepoch/metrics/result_1784942738.json,ladder_isoepoch
squad,prompting,lora,attention,16.0,32.0,2.0,0.0001,5000,low,iso_epoch,43,0.8498013249736165,0.0,1220.1446,25.638182640075684,10092544,939,squad_prompting_ladder_isoepoch,squad_prompting,results/squad/prompting_ladder_isoepoch/metrics/result_1784942742.json,ladder_isoepoch
squad,prompting,lora,attention,16.0,32.0,2.0,0.0001,5000,low,iso_epoch,44,0.8478102112342528,0.0,1276.1628,25.638188362121586,10092544,939,squad_prompting_ladder_isoepoch,squad_prompting,results/squad/prompting_ladder_isoepoch/metrics/result_1784944441.json,ladder_isoepoch
squad,prompting,lora,attention,16.0,32.0,2.0,0.0003,5000,low,iso_epoch,42,0.8539236207006032,0.0,1277.8489,25.637979984283447,10092544,939,squad_prompting_ladder_isoepoch,squad_prompting,results/squad/prompting_ladder_isoepoch/metrics/result_1784944450.json,ladder_isoepoch
squad,prompting,lora,attention,16.0,32.0,2.0,0.0003,5000,low,iso_epoch,43,0.8369441471527089,0.0,1219.4092,25.638182640075684,10092544,939,squad_prompting_ladder_isoepoch,squad_prompting,results/squad/prompting_ladder_isoepoch/metrics/result_1784945915.json,ladder_isoepoch
squad,prompting,lora,attention,16.0,32.0,2.0,0.0003,5000,low,iso_epoch,44,0.8380388087804971,0.0,1225.7787,25.638188362121586,10092544,939,squad_prompting_ladder_isoepoch,squad_prompting,results/squad/prompting_ladder_isoepoch/metrics/result_1784945927.json,ladder_isoepoch
squad,prompting,lora,attention,8.0,16.0,2.0,0.0003,50000,high,iso_epoch,44,0.8604008262325914,0.0,12099.8221,29.80055332183838,5046272,9375,squad_prompting_ladder_isoepoch,squad_prompting,results/squad/prompting_ladder_isoepoch/metrics/result_1784946311.json,ladder_isoepoch
squad,prompting,lora,attention,8.0,16.0,2.0,0.0003,50000,high,iso_epoch,43,0.865391782988254,0.0,12376.5777,29.81936502456665,5046272,9375,squad_prompting_ladder_isoepoch,squad_prompting,results/squad/prompting_ladder_isoepoch/metrics/result_1784946651.json,ladder_isoepoch
squad,prompting,lora,attention,16.0,32.0,2.0,0.0001,20000,high,iso_epoch,42,0.8741885085502737,0.0,4882.8655,29.86651372909546,10092544,3750,squad_prompting_ladder_isoepoch,squad_prompting,results/squad/prompting_ladder_isoepoch/metrics/result_1784951097.json,ladder_isoepoch
squad,prompting,lora,attention,16.0,32.0,2.0,0.0001,20000,high,iso_epoch,43,0.8731368355101028,0.0,4919.5645,29.86652374267578,10092544,3750,squad_prompting_ladder_isoepoch,squad_prompting,results/squad/prompting_ladder_isoepoch/metrics/result_1784951166.json,ladder_isoepoch
squad,prompting,lora,attention,16.0,32.0,2.0,0.0001,20000,high,iso_epoch,44,0.8633317829087653,0.0,4881.223,29.86652374267578,10092544,3750,squad_prompting_ladder_isoepoch,squad_prompting,results/squad/prompting_ladder_isoepoch/metrics/result_1784951544.json,ladder_isoepoch
squad,prompting,lora,attention,16.0,32.0,2.0,0.0003,20000,high,iso_epoch,42,0.8579710603844043,0.0,4870.2679,29.86651372909546,10092544,3750,squad_prompting_ladder_isoepoch,squad_prompting,results/squad/prompting_ladder_isoepoch/metrics/result_1784952014.json,ladder_isoepoch
squad,prompting,lora,attention,16.0,32.0,2.0,0.0003,20000,high,iso_epoch,43,0.8579005996475819,0.0,4892.1073,29.86652374267578,10092544,3750,squad_prompting_ladder_isoepoch,squad_prompting,results/squad/prompting_ladder_isoepoch/metrics/result_1784956407.json,ladder_isoepoch
squad,prompting,lora,attention,16.0,32.0,2.0,0.0003,20000,high,iso_epoch,44,0.8670633263156288,0.0,4922.3127,29.86652374267578,10092544,3750,squad_prompting_ladder_isoepoch,squad_prompting,results/squad/prompting_ladder_isoepoch/metrics/result_1784956475.json,ladder_isoepoch
squad,prompting,lora,attention,16.0,32.0,2.0,0.0001,50000,high,iso_epoch,42,0.8775251035342372,0.0,12254.8978,29.866766452789307,10092544,9375,squad_prompting_ladder_isoepoch,squad_prompting,results/squad/prompting_ladder_isoepoch/metrics/result_1784964247.json,ladder_isoepoch
squad,prompting,lora,attention,16.0,32.0,2.0,0.0001,50000,high,iso_epoch,43,0.8743637410955064,0.0,12163.4589,29.866522312164307,10092544,9375,squad_prompting_ladder_isoepoch,squad_prompting,results/squad/prompting_ladder_isoepoch/metrics/result_1784964529.json,ladder_isoepoch
squad,prompting,lora,attention,16.0,32.0,2.0,0.0001,50000,high,iso_epoch,44,0.8696750818320644,0.0,12163.4636,29.828911781311035,10092544,9375,squad_prompting_ladder_isoepoch,squad_prompting,results/squad/prompting_ladder_isoepoch/metrics/result_1784968838.json,ladder_isoepoch
squad,prompting,lora,attention,16.0,32.0,2.0,0.0003,50000,high,iso_epoch,42,0.1674216275653104,0.0,12156.2208,29.866766452789307,10092544,9375,squad_prompting_ladder_isoepoch,squad_prompting,results/squad/prompting_ladder_isoepoch/metrics/result_1784969015.json,ladder_isoepoch
squad,prompting,lora,attention,32.0,64.0,2.0,0.0001,1000,low,iso_epoch,42,0.8395860962305616,0.0,254.0582,24.75512886047364,20185088,189,squad_prompting_ladder_isoepoch,squad_prompting,results/squad/prompting_ladder_isoepoch/metrics/result_1784969392.json,ladder_isoepoch
squad,prompting,lora,attention,32.0,64.0,2.0,0.0001,1000,low,iso_epoch,43,0.8370339628273845,0.0,252.5868,24.753318309783936,20185088,189,squad_prompting_ladder_isoepoch,squad_prompting,results/squad/prompting_ladder_isoepoch/metrics/result_1784969625.json,ladder_isoepoch
squad,prompting,lora,attention,32.0,64.0,2.0,0.0001,1000,low,iso_epoch,44,0.8343515709941014,0.0,248.941,24.753318309783936,20185088,189,squad_prompting_ladder_isoepoch,squad_prompting,results/squad/prompting_ladder_isoepoch/metrics/result_1784969968.json,ladder_isoepoch
squad,prompting,lora,attention,32.0,64.0,2.0,0.0003,1000,low,iso_epoch,42,0.8390444020801249,0.0,247.6998,24.75512886047364,20185088,189,squad_prompting_ladder_isoepoch,squad_prompting,results/squad/prompting_ladder_isoepoch/metrics/result_1784970163.json,ladder_isoepoch
squad,prompting,lora,attention,32.0,64.0,2.0,0.0003,1000,low,iso_epoch,44,0.8277312656125057,0.0,252.5152,24.753318309783936,20185088,189,squad_prompting_ladder_isoepoch,squad_prompting,results/squad/prompting_ladder_isoepoch/metrics/result_1784970700.json,ladder_isoepoch
squad,prompting,lora,attention,32.0,64.0,2.0,0.0003,1000,low,iso_epoch,43,0.8467075567886,0.0,263.7007,24.753318309783936,20185088,189,squad_prompting_ladder_isoepoch,squad_prompting,results/squad/prompting_ladder_isoepoch/metrics/result_1784970759.json,ladder_isoepoch
squad,prompting,lora,attention,32.0,64.0,2.0,0.0001,5000,low,iso_epoch,42,0.851881831770579,0.0,1227.032,25.69640588760376,20185088,939,squad_prompting_ladder_isoepoch,squad_prompting,results/squad/prompting_ladder_isoepoch/metrics/result_1784972324.json,ladder_isoepoch
squad,prompting,lora,attention,32.0,64.0,2.0,0.0001,5000,low,iso_epoch,43,0.8447477248241961,0.0,1229.0706,25.696608543396,20185088,939,squad_prompting_ladder_isoepoch,squad_prompting,results/squad/prompting_ladder_isoepoch/metrics/result_1784972516.json,ladder_isoepoch
squad,prompting,lora,attention,32.0,64.0,2.0,0.0003,5000,low,iso_epoch,42,0.841310870864696,0.0,1218.082,25.69640588760376,20185088,939,squad_prompting_ladder_isoepoch,squad_prompting,results/squad/prompting_ladder_isoepoch/metrics/result_1784974007.json,ladder_isoepoch
squad,prompting,lora,attention,32.0,64.0,2.0,0.0001,5000,low,iso_epoch,44,0.8543521836409312,0.0,1233.9551,25.69661426544189,20185088,939,squad_prompting_ladder_isoepoch,squad_prompting,results/squad/prompting_ladder_isoepoch/metrics/result_1784974025.json,ladder_isoepoch
squad,prompting,lora,attention,32.0,64.0,2.0,0.0003,5000,low,iso_epoch,44,0.8526634808404634,0.0,1227.5431,25.69661426544189,20185088,939,squad_prompting_ladder_isoepoch,squad_prompting,results/squad/prompting_ladder_isoepoch/metrics/result_1784975648.json,ladder_isoepoch
squad,prompting,lora,attention,32.0,64.0,2.0,0.0003,5000,low,iso_epoch,43,0.8378580085265245,0.0,1235.4066,25.696608543396,20185088,939,squad_prompting_ladder_isoepoch,squad_prompting,results/squad/prompting_ladder_isoepoch/metrics/result_1784975658.json,ladder_isoepoch
squad,prompting,lora,attention,16.0,32.0,2.0,0.0003,50000,high,iso_epoch,43,0.8574277237210678,0.0,12131.5439,29.866522312164307,10092544,9375,squad_prompting_ladder_isoepoch,squad_prompting,results/squad/prompting_ladder_isoepoch/metrics/result_1784976801.json,ladder_isoepoch
squad,prompting,lora,attention,16.0,32.0,2.0,0.0003,50000,high,iso_epoch,44,0.8435186917004568,0.0,12427.9347,29.828911781311035,10092544,9375,squad_prompting_ladder_isoepoch,squad_prompting,results/squad/prompting_ladder_isoepoch/metrics/result_1784977802.json,ladder_isoepoch
squad,prompting,lora,attention,32.0,64.0,2.0,0.0001,20000,high,iso_epoch,42,0.8668621959739611,0.0,4918.0787,29.92493963241577,20185088,3750,squad_prompting_ladder_isoepoch,squad_prompting,results/squad/prompting_ladder_isoepoch/metrics/result_1784981026.json,ladder_isoepoch
squad,prompting,lora,attention,32.0,64.0,2.0,0.0001,20000,high,iso_epoch,43,0.8628224144993971,0.0,4971.1013,29.924949645996094,20185088,3750,squad_prompting_ladder_isoepoch,squad_prompting,results/squad/prompting_ladder_isoepoch/metrics/result_1784981122.json,ladder_isoepoch
squad,prompting,lora,attention,32.0,64.0,2.0,0.0001,20000,high,iso_epoch,44,0.8510043015012839,0.0,5010.487,29.924949645996094,20185088,3750,squad_prompting_ladder_isoepoch,squad_prompting,results/squad/prompting_ladder_isoepoch/metrics/result_1784982192.json,ladder_isoepoch
squad,prompting,lora,attention,32.0,64.0,2.0,0.0003,20000,high,iso_epoch,42,0.8578968823884872,0.0,4971.3355,29.92493963241577,20185088,3750,squad_prompting_ladder_isoepoch,squad_prompting,results/squad/prompting_ladder_isoepoch/metrics/result_1784983165.json,ladder_isoepoch
squad,prompting,lora,attention,32.0,64.0,2.0,0.0003,20000,high,iso_epoch,43,0.8713701445471269,0.0,4921.098,29.924949645996094,20185088,3750,squad_prompting_ladder_isoepoch,squad_prompting,results/squad/prompting_ladder_isoepoch/metrics/result_1784986207.json,ladder_isoepoch
squad,prompting,lora,attention,32.0,64.0,2.0,0.0003,20000,high,iso_epoch,44,0.1253981100987948,0.0,4876.1909,29.924949645996094,20185088,3750,squad_prompting_ladder_isoepoch,squad_prompting,results/squad/prompting_ladder_isoepoch/metrics/result_1784986432.json,ladder_isoepoch
squad,prompting,lora,attention,32.0,64.0,2.0,0.0001,50000,high,iso_epoch,42,0.86844016467193,0.0,12473.5884,29.92519235610962,20185088,9375,squad_prompting_ladder_isoepoch,squad_prompting,results/squad/prompting_ladder_isoepoch/metrics/result_1784995218.json,ladder_isoepoch
squad,prompting,lora,attention,32.0,64.0,2.0,0.0001,50000,high,iso_epoch,43,0.866011619824964,0.0,12394.1327,29.92494821548462,20185088,9375,squad_prompting_ladder_isoepoch,squad_prompting,results/squad/prompting_ladder_isoepoch/metrics/result_1784995965.json,ladder_isoepoch
squad,prompting,lora,attention,32.0,64.0,2.0,0.0001,50000,high,iso_epoch,44,0.8580212539824197,0.0,12644.1096,29.849740028381348,20185088,9375,squad_prompting_ladder_isoepoch,squad_prompting,results/squad/prompting_ladder_isoepoch/metrics/result_1784999284.json,ladder_isoepoch
squad,prompting,lora,attention,32.0,64.0,2.0,0.0003,50000,high,iso_epoch,42,0.2552501847437462,0.0,12614.3159,29.92519235610962,20185088,9375,squad_prompting_ladder_isoepoch,squad_prompting,results/squad/prompting_ladder_isoepoch/metrics/result_1784999498.json,ladder_isoepoch
squad,prompting,lora,attention,64.0,128.0,2.0,0.0001,1000,low,iso_epoch,42,0.8298710492703533,0.0,259.2849,24.9077091217041,40370176,189,squad_prompting_ladder_isoepoch,squad_prompting,results/squad/prompting_ladder_isoepoch/metrics/result_1784999887.json,ladder_isoepoch
squad,prompting,lora,attention,64.0,128.0,2.0,0.0001,1000,low,iso_epoch,43,0.8419194951599758,0.0,258.8038,24.905898571014404,40370176,189,squad_prompting_ladder_isoepoch,squad_prompting,results/squad/prompting_ladder_isoepoch/metrics/result_1785000141.json,ladder_isoepoch
squad,prompting,lora,attention,64.0,128.0,2.0,0.0001,1000,low,iso_epoch,44,0.8343573098119011,0.0,259.4821,24.905898571014404,40370176,189,squad_prompting_ladder_isoepoch,squad_prompting,results/squad/prompting_ladder_isoepoch/metrics/result_1785000505.json,ladder_isoepoch
squad,prompting,lora,attention,64.0,128.0,2.0,0.0003,1000,low,iso_epoch,42,0.8283735898640183,0.0,254.462,24.9077091217041,40370176,189,squad_prompting_ladder_isoepoch,squad_prompting,results/squad/prompting_ladder_isoepoch/metrics/result_1785000698.json,ladder_isoepoch
squad,prompting,lora,attention,64.0,128.0,2.0,0.0003,1000,low,iso_epoch,43,0.8355612167887305,0.0,265.4304,24.905898571014404,40370176,189,squad_prompting_ladder_isoepoch,squad_prompting,results/squad/prompting_ladder_isoepoch/metrics/result_1785001249.json,ladder_isoepoch
squad,prompting,lora,attention,64.0,128.0,2.0,0.0003,1000,low,iso_epoch,44,0.8377911218154726,0.0,259.1806,24.905898571014404,40370176,189,squad_prompting_ladder_isoepoch,squad_prompting,results/squad/prompting_ladder_isoepoch/metrics/result_1785001317.json,ladder_isoepoch
squad,prompting,lora,attention,64.0,128.0,2.0,0.0001,5000,low,iso_epoch,42,0.8444670342156413,0.0,1261.7762,25.84898614883423,40370176,939,squad_prompting_ladder_isoepoch,squad_prompting,results/squad/prompting_ladder_isoepoch/metrics/result_1785002909.json,ladder_isoepoch
squad,prompting,lora,attention,64.0,128.0,2.0,0.0001,5000,low,iso_epoch,43,0.8529445765563419,0.0,1273.0272,25.849188804626465,40370176,939,squad_prompting_ladder_isoepoch,squad_prompting,results/squad/prompting_ladder_isoepoch/metrics/result_1785002948.json,ladder_isoepoch
squad,prompting,lora,attention,64.0,128.0,2.0,0.0003,5000,low,iso_epoch,42,0.8410881132933569,0.0,1254.0057,25.84898614883423,40370176,939,squad_prompting_ladder_isoepoch,squad_prompting,results/squad/prompting_ladder_isoepoch/metrics/result_1785004467.json,ladder_isoepoch
squad,prompting,lora,attention,64.0,128.0,2.0,0.0001,5000,low,iso_epoch,44,0.8301076033845859,0.0,1247.6751,25.849194526672363,40370176,939,squad_prompting_ladder_isoepoch,squad_prompting,results/squad/prompting_ladder_isoepoch/metrics/result_1785004615.json,ladder_isoepoch
squad,prompting,lora,attention,64.0,128.0,2.0,0.0003,5000,low,iso_epoch,44,0.0488090540880863,0.002,1220.8616,25.849194526672363,40370176,939,squad_prompting_ladder_isoepoch,squad_prompting,results/squad/prompting_ladder_isoepoch/metrics/result_1785006111.json,ladder_isoepoch
squad,prompting,lora,attention,64.0,128.0,2.0,0.0003,5000,low,iso_epoch,43,0.835608178369563,0.0,1228.3552,25.849188804626465,40370176,939,squad_prompting_ladder_isoepoch,squad_prompting,results/squad/prompting_ladder_isoepoch/metrics/result_1785006136.json,ladder_isoepoch
squad,prompting,lora,attention,32.0,64.0,2.0,0.0003,50000,high,iso_epoch,43,0.8567627287744938,0.0,12526.7941,29.92494821548462,20185088,9375,squad_prompting_ladder_isoepoch,squad_prompting,results/squad/prompting_ladder_isoepoch/metrics/result_1785008228.json,ladder_isoepoch
squad,prompting,lora,attention,32.0,64.0,2.0,0.0003,50000,high,iso_epoch,44,0.8552175338727771,0.0,12409.9441,29.849740028381348,20185088,9375,squad_prompting_ladder_isoepoch,squad_prompting,results/squad/prompting_ladder_isoepoch/metrics/result_1785008675.json,ladder_isoepoch
squad,prompting,lora,attention,64.0,128.0,2.0,0.0001,20000,high,iso_epoch,43,0.8617786339219781,0.0,4864.6915,30.07752990722656,40370176,3750,squad_prompting_ladder_isoepoch,squad_prompting,results/squad/prompting_ladder_isoepoch/metrics/result_1785011298.json,ladder_isoepoch
squad,prompting,lora,attention,64.0,128.0,2.0,0.0001,20000,high,iso_epoch,42,0.854254301501284,0.0,4953.7171,30.07751989364624,40370176,3750,squad_prompting_ladder_isoepoch,squad_prompting,results/squad/prompting_ladder_isoepoch/metrics/result_1785011444.json,ladder_isoepoch
squad,prompting,lora,attention,64.0,128.0,2.0,0.0001,20000,high,iso_epoch,44,0.8526382419468035,0.0,4975.4001,30.07752990722656,40370176,3750,squad_prompting_ladder_isoepoch,squad_prompting,results/squad/prompting_ladder_isoepoch/metrics/result_1785013675.json,ladder_isoepoch
squad,prompting,lora,attention,64.0,128.0,2.0,0.0003,20000,high,iso_epoch,42,0.8545834208064763,0.0,4924.9188,30.07751989364624,40370176,3750,squad_prompting_ladder_isoepoch,squad_prompting,results/squad/prompting_ladder_isoepoch/metrics/result_1785013914.json,ladder_isoepoch
squad,prompting,lora,attention,64.0,128.0,2.0,0.0003,20000,high,iso_epoch,44,0.0875868492618492,0.0,4879.6395,30.07752990722656,40370176,3750,squad_prompting_ladder_isoepoch,squad_prompting,results/squad/prompting_ladder_isoepoch/metrics/result_1785017102.json,ladder_isoepoch
squad,prompting,lora,attention,64.0,128.0,2.0,0.0003,20000,high,iso_epoch,43,0.8460905380996714,0.0,4892.175,30.07752990722656,40370176,3750,squad_prompting_ladder_isoepoch,squad_prompting,results/squad/prompting_ladder_isoepoch/metrics/result_1785017178.json,ladder_isoepoch
squad,prompting,lora,attention,64.0,128.0,2.0,0.0001,50000,high,iso_epoch,42,0.8701401828993165,0.0,12216.2008,30.077772617340088,40370176,9375,squad_prompting_ladder_isoepoch,squad_prompting,results/squad/prompting_ladder_isoepoch/metrics/result_1785026256.json,ladder_isoepoch
squad,prompting,lora,attention,64.0,128.0,2.0,0.0001,50000,high,iso_epoch,43,0.8744422214386923,0.0,12148.4964,30.077528476715088,40370176,9375,squad_prompting_ladder_isoepoch,squad_prompting,results/squad/prompting_ladder_isoepoch/metrics/result_1785026335.json,ladder_isoepoch
squad,prompting,lora,attention,64.0,128.0,2.0,0.0001,50000,high,iso_epoch,44,0.8574357900127725,0.0,12212.1517,29.955815315246586,40370176,9375,squad_prompting_ladder_isoepoch,squad_prompting,results/squad/prompting_ladder_isoepoch/metrics/result_1785029619.json,ladder_isoepoch
squad,prompting,lora,attention,64.0,128.0,2.0,0.0003,50000,high,iso_epoch,42,0.8474931950402542,0.0,12189.341,30.077772617340088,40370176,9375,squad_prompting_ladder_isoepoch,squad_prompting,results/squad/prompting_ladder_isoepoch/metrics/result_1785029626.json,ladder_isoepoch
squad,prompting,lora,attention,64.0,128.0,2.0,0.0003,50000,high,iso_epoch,43,0.8496864100945947,0.0,12206.0691,30.077528476715088,40370176,9375,squad_prompting_ladder_isoepoch,squad_prompting,results/squad/prompting_ladder_isoepoch/metrics/result_1785039913.json,ladder_isoepoch
squad,prompting,lora,attention,64.0,128.0,2.0,0.0003,50000,high,iso_epoch,44,0.8474659098443327,0.0,12328.9536,29.955815315246586,40370176,9375,squad_prompting_ladder_isoepoch,squad_prompting,results/squad/prompting_ladder_isoepoch/metrics/result_1785040039.json,ladder_isoepoch
squad,prompting,lora,attention,16.0,32.0,2.0,0.0003,1000,low,iso_epoch,44,0.8370550351627828,0.0,249.5927,24.694892406463623,10092544,189,squad_prompting_ladder_isoepoch,squad_prompting,results/squad/prompting_ladder_isoepoch/metrics/result_1785166185123531624_2758727.json,ladder_isoepoch
squad,prompting,lora,full,4.0,8.0,2.0,0.0001,1000,low,iso_epoch,43,0.8288626348672695,0.0,335.191,24.69564008712769,10092544,189,squad_prompting_ladder_isoepoch_full,squad_prompting,results/squad/prompting_ladder_isoepoch_full/metrics/result_1785750125342535757_2385324.json,ladder_isoepoch_full
squad,prompting,lora,full,4.0,8.0,2.0,0.0001,1000,low,iso_epoch,42,0.8364645797926366,0.0,334.1035,24.69803047180176,10092544,189,squad_prompting_ladder_isoepoch_full,squad_prompting,results/squad/prompting_ladder_isoepoch_full/metrics/result_1785750133057047099_2385205.json,ladder_isoepoch_full
squad,prompting,lora,full,4.0,8.0,2.0,0.0001,1000,low,iso_epoch,44,0.8389607394906937,0.0,339.5799,24.69564008712769,10092544,189,squad_prompting_ladder_isoepoch_full,squad_prompting,results/squad/prompting_ladder_isoepoch_full/metrics/result_1785750812876676198_1485724.json,ladder_isoepoch_full
squad,prompting,lora,full,4.0,8.0,2.0,0.0003,1000,low,iso_epoch,42,0.8385064248825265,0.0,331.2908,24.69803047180176,10092544,189,squad_prompting_ladder_isoepoch_full,squad_prompting,results/squad/prompting_ladder_isoepoch_full/metrics/result_1785750976293105578_1486689.json,ladder_isoepoch_full
squad,prompting,lora,full,4.0,8.0,2.0,0.0003,1000,low,iso_epoch,43,0.8342726120571327,0.0,339.4316,24.69564008712769,10092544,189,squad_prompting_ladder_isoepoch_full,squad_prompting,results/squad/prompting_ladder_isoepoch_full/metrics/result_1785751356854609749_1488740.json,ladder_isoepoch_full
squad,prompting,lora,full,4.0,8.0,2.0,0.0003,1000,low,iso_epoch,44,0.8316424675033514,0.0,338.5705,24.69564008712769,10092544,189,squad_prompting_ladder_isoepoch_full,squad_prompting,results/squad/prompting_ladder_isoepoch_full/metrics/result_1785751526782553496_1489642.json,ladder_isoepoch_full
squad,prompting,lora,full,4.0,8.0,2.0,0.0001,5000,low,iso_epoch,42,0.8425100669341083,0.0,1632.3244,25.63872766494751,10092544,939,squad_prompting_ladder_isoepoch_full,squad_prompting,results/squad/prompting_ladder_isoepoch_full/metrics/result_1785752940333041707_1490599.json,ladder_isoepoch_full
squad,prompting,lora,full,4.0,8.0,2.0,0.0001,5000,low,iso_epoch,43,0.8394689996278235,0.0,1631.6663,25.638930320739743,10092544,939,squad_prompting_ladder_isoepoch_full,squad_prompting,results/squad/prompting_ladder_isoepoch_full/metrics/result_1785753222472323663_1491782.json,ladder_isoepoch_full
squad,prompting,lora,full,4.0,8.0,2.0,0.0001,5000,low,iso_epoch,44,0.8282900527293119,0.0,1652.9371,25.638936042785645,10092544,939,squad_prompting_ladder_isoepoch_full,squad_prompting,results/squad/prompting_ladder_isoepoch_full/metrics/result_1785753358946405496_437802.json,ladder_isoepoch_full
squad,prompting,lora,full,4.0,8.0,2.0,0.0003,5000,low,iso_epoch,42,0.8462564505947234,0.0,1629.8936,25.63872766494751,10092544,939,squad_prompting_ladder_isoepoch_full,squad_prompting,results/squad/prompting_ladder_isoepoch_full/metrics/result_1785753443412388093_1493574.json,ladder_isoepoch_full
squad,prompting,lora,full,4.0,8.0,2.0,0.0003,5000,low,iso_epoch,43,0.8307480210565826,0.0,1629.2575,25.638930320739743,10092544,939,squad_prompting_ladder_isoepoch_full,squad_prompting,results/squad/prompting_ladder_isoepoch_full/metrics/result_1785754891266577536_1496892.json,ladder_isoepoch_full
squad,prompting,lora,full,4.0,8.0,2.0,0.0003,5000,low,iso_epoch,44,0.8457533468224346,0.0,1630.1426,25.638936042785645,10092544,939,squad_prompting_ladder_isoepoch_full,squad_prompting,results/squad/prompting_ladder_isoepoch_full/metrics/result_1785755133310808852_1498058.json,ladder_isoepoch_full
squad,prompting,lora,full,4.0,8.0,2.0,0.0001,20000,high,iso_epoch,43,0.8559740917355784,0.0,6513.8878,29.867271423339844,10092544,3750,squad_prompting_ladder_isoepoch_full,squad_prompting,results/squad/prompting_ladder_isoepoch_full/metrics/result_1785760247754984334_1499855.json,ladder_isoepoch_full
squad,prompting,lora,full,4.0,8.0,2.0,0.0001,20000,high,iso_epoch,42,0.8627550924342261,0.0,6583.9614,29.86726140975952,10092544,3750,squad_prompting_ladder_isoepoch_full,squad_prompting,results/squad/prompting_ladder_isoepoch_full/metrics/result_1785760269648806267_443106.json,ladder_isoepoch_full
squad,prompting,lora,full,4.0,8.0,2.0,0.0001,20000,high,iso_epoch,44,0.8532998226468054,0.0,6527.4513,29.867271423339844,10092544,3750,squad_prompting_ladder_isoepoch_full,squad_prompting,results/squad/prompting_ladder_isoepoch_full/metrics/result_1785761730761025336_1503195.json,ladder_isoepoch_full
squad,prompting,lora,full,4.0,8.0,2.0,0.0003,20000,high,iso_epoch,42,0.8613214886136884,0.0,6527.665,29.86726140975952,10092544,3750,squad_prompting_ladder_isoepoch_full,squad_prompting,results/squad/prompting_ladder_isoepoch_full/metrics/result_1785761991852915962_1504228.json,ladder_isoepoch_full
squad,prompting,lora,full,4.0,8.0,2.0,0.0003,20000,high,iso_epoch,44,0.8604251746225692,0.0,6505.1558,29.867271423339844,10092544,3750,squad_prompting_ladder_isoepoch_full,squad_prompting,results/squad/prompting_ladder_isoepoch_full/metrics/result_1785767074850187662_1517842.json,ladder_isoepoch_full
squad,prompting,lora,full,4.0,8.0,2.0,0.0003,20000,high,iso_epoch,43,0.8614458356091796,0.0,6584.3271,29.867271423339844,10092544,3750,squad_prompting_ladder_isoepoch_full,squad_prompting,results/squad/prompting_ladder_isoepoch_full/metrics/result_1785767268371157910_460065.json,ladder_isoepoch_full
squad,prompting,lora,full,4.0,8.0,2.0,0.0001,50000,high,iso_epoch,42,0.8678320137719632,0.0,16325.1125,29.86751413345337,10092544,9375,squad_prompting_ladder_isoepoch_full,squad_prompting,results/squad/prompting_ladder_isoepoch_full/metrics/result_1785778601275543724_1524031.json,ladder_isoepoch_full
squad,prompting,lora,full,4.0,8.0,2.0,0.0001,50000,high,iso_epoch,43,0.8575092122909775,0.0,16303.6837,29.86726999282837,10092544,9375,squad_prompting_ladder_isoepoch_full,squad_prompting,results/squad/prompting_ladder_isoepoch_full/metrics/result_1785778861050896859_1525528.json,ladder_isoepoch_full
squad,prompting,lora,full,4.0,8.0,2.0,0.0001,50000,high,iso_epoch,44,0.8599227918997747,0.0,16318.9849,29.829659461975098,10092544,9375,squad_prompting_ladder_isoepoch_full,squad_prompting,results/squad/prompting_ladder_isoepoch_full/metrics/result_1785783744234745958_477812.json,ladder_isoepoch_full
squad,prompting,lora,full,4.0,8.0,2.0,0.0003,50000,high,iso_epoch,42,0.8729985383755208,0.0,16369.4425,29.86751413345337,10092544,9375,squad_prompting_ladder_isoepoch_full,squad_prompting,results/squad/prompting_ladder_isoepoch_full/metrics/result_1785784177315065847_478885.json,ladder_isoepoch_full
squad,prompting,lora,full,8.0,16.0,2.0,0.0001,1000,low,iso_epoch,42,0.834996757979381,0.0,326.8049,24.767885208129883,20185088,189,squad_prompting_ladder_isoepoch_full,squad_prompting,results/squad/prompting_ladder_isoepoch_full/metrics/result_1785784502448206396_4092597.json,ladder_isoepoch_full
squad,prompting,lora,full,8.0,16.0,2.0,0.0001,1000,low,iso_epoch,43,0.8409990829507761,0.0,337.8364,24.76549482345581,20185088,189,squad_prompting_ladder_isoepoch_full,squad_prompting,results/squad/prompting_ladder_isoepoch_full/metrics/result_1785784809783691059_186675.json,ladder_isoepoch_full
squad,prompting,lora,full,8.0,16.0,2.0,0.0001,1000,low,iso_epoch,44,0.8439835664706887,0.0,333.8431,24.76549482345581,20185088,189,squad_prompting_ladder_isoepoch_full,squad_prompting,results/squad/prompting_ladder_isoepoch_full/metrics/result_1785785166100366192_2495902.json,ladder_isoepoch_full
squad,prompting,lora,full,8.0,16.0,2.0,0.0003,1000,low,iso_epoch,42,0.8297484771349566,0.0,325.5525,24.767885208129883,20185088,189,squad_prompting_ladder_isoepoch_full,squad_prompting,results/squad/prompting_ladder_isoepoch_full/metrics/result_1785785507807932195_200554.json,ladder_isoepoch_full
squad,prompting,lora,full,8.0,16.0,2.0,0.0003,1000,low,iso_epoch,43,0.8357146199696521,0.0,335.2782,24.76549482345581,20185088,189,squad_prompting_ladder_isoepoch_full,squad_prompting,results/squad/prompting_ladder_isoepoch_full/metrics/result_1785785807944597231_2513022.json,ladder_isoepoch_full
squad,prompting,lora,full,8.0,16.0,2.0,0.0003,1000,low,iso_epoch,44,0.8424888416738738,0.0,334.6042,24.76549482345581,20185088,189,squad_prompting_ladder_isoepoch_full,squad_prompting,results/squad/prompting_ladder_isoepoch_full/metrics/result_1785786161646976888_4121955.json,ladder_isoepoch_full
squad,prompting,lora,full,8.0,16.0,2.0,0.0001,5000,low,iso_epoch,42,0.8437674779755281,0.0,1613.6682,25.708582401275635,20185088,939,squad_prompting_ladder_isoepoch_full,squad_prompting,results/squad/prompting_ladder_isoepoch_full/metrics/result_1785787788288352593_2520822.json,ladder_isoepoch_full
squad,prompting,lora,full,8.0,16.0,2.0,0.0001,5000,low,iso_epoch,43,0.8472770275123589,0.0,1608.4176,25.70878505706787,20185088,939,squad_prompting_ladder_isoepoch_full,squad_prompting,results/squad/prompting_ladder_isoepoch_full/metrics/result_1785788054618996921_564239.json,ladder_isoepoch_full
squad,prompting,lora,full,8.0,16.0,2.0,0.0001,5000,low,iso_epoch,44,0.8356372020136732,0.0,1618.5241,25.70879077911377,20185088,939,squad_prompting_ladder_isoepoch_full,squad_prompting,results/squad/prompting_ladder_isoepoch_full/metrics/result_1785789726251556974_2534591.json,ladder_isoepoch_full
squad,prompting,lora,full,8.0,16.0,2.0,0.0003,5000,low,iso_epoch,42,0.8516137749907577,0.0,1636.8585,25.708582401275635,20185088,939,squad_prompting_ladder_isoepoch_full,squad_prompting,results/squad/prompting_ladder_isoepoch_full/metrics/result_1785789998976948007_3958316.json,ladder_isoepoch_full
squad,prompting,lora,full,8.0,16.0,2.0,0.0003,5000,low,iso_epoch,43,0.8554921244191069,0.0,1614.0744,25.70878505706787,20185088,939,squad_prompting_ladder_isoepoch_full,squad_prompting,results/squad/prompting_ladder_isoepoch_full/metrics/result_1785791699093961930_2545209.json,ladder_isoepoch_full
squad,prompting,lora,full,8.0,16.0,2.0,0.0003,5000,low,iso_epoch,44,0.8516352525573961,0.0,1610.2317,25.70879077911377,20185088,939,squad_prompting_ladder_isoepoch_full,squad_prompting,results/squad/prompting_ladder_isoepoch_full/metrics/result_1785791911476058909_3984565.json,ladder_isoepoch_full
squad,prompting,lora,full,4.0,8.0,2.0,0.0003,50000,high,iso_epoch,43,0.8599581231766846,0.0,16293.2307,29.86726999282837,10092544,9375,squad_prompting_ladder_isoepoch_full,squad_prompting,results/squad/prompting_ladder_isoepoch_full/metrics/result_1785795177540313689_3485662.json,ladder_isoepoch_full
squad,prompting,lora,full,4.0,8.0,2.0,0.0003,50000,high,iso_epoch,44,0.8677606217028216,0.0,16311.3239,29.829659461975098,10092544,9375,squad_prompting_ladder_isoepoch_full,squad_prompting,results/squad/prompting_ladder_isoepoch_full/metrics/result_1785795520419029369_502626.json,ladder_isoepoch_full
squad,prompting,lora,full,8.0,16.0,2.0,0.0001,20000,high,iso_epoch,42,0.860015143494277,0.0,6510.0405,29.937116146087646,20185088,3750,squad_prompting_ladder_isoepoch_full,squad_prompting,results/squad/prompting_ladder_isoepoch_full/metrics/result_1785798553541951072_2555004.json,ladder_isoepoch_full
squad,prompting,lora,full,8.0,16.0,2.0,0.0001,20000,high,iso_epoch,43,0.8563280648724159,0.0,6433.2343,29.93712615966797,20185088,3750,squad_prompting_ladder_isoepoch_full,squad_prompting,results/squad/prompting_ladder_isoepoch_full/metrics/result_1785798788497599694_4003820.json,ladder_isoepoch_full
squad,prompting,lora,full,8.0,16.0,2.0,0.0001,20000,high,iso_epoch,44,0.8582702159789634,0.0,6510.4382,29.93712615966797,20185088,3750,squad_prompting_ladder_isoepoch_full,squad_prompting,results/squad/prompting_ladder_isoepoch_full/metrics/result_1785802000547692768_7982.json,ladder_isoepoch_full
squad,prompting,lora,full,8.0,16.0,2.0,0.0003,20000,high,iso_epoch,42,0.8669116572101419,0.0,6495.8458,29.937116146087646,20185088,3750,squad_prompting_ladder_isoepoch_full,squad_prompting,results/squad/prompting_ladder_isoepoch_full/metrics/result_1785802297672661866_4027532.json,ladder_isoepoch_full
squad,prompting,lora,full,8.0,16.0,2.0,0.0003,20000,high,iso_epoch,43,0.8492082619852445,0.0,6479.7757,29.93712615966797,20185088,3750,squad_prompting_ladder_isoepoch_full,squad_prompting,results/squad/prompting_ladder_isoepoch_full/metrics/result_1785805341577395364_121969.json,ladder_isoepoch_full
squad,prompting,lora,full,8.0,16.0,2.0,0.0003,20000,high,iso_epoch,44,0.8654380924231242,0.0,6442.4111,29.93712615966797,20185088,3750,squad_prompting_ladder_isoepoch_full,squad_prompting,results/squad/prompting_ladder_isoepoch_full/metrics/result_1785805573535868274_268951.json,ladder_isoepoch_full
squad,prompting,lora,full,8.0,16.0,2.0,0.0001,50000,high,iso_epoch,42,0.8613559817014181,0.0,16132.3295,29.93736886978149,20185088,9375,squad_prompting_ladder_isoepoch_full,squad_prompting,results/squad/prompting_ladder_isoepoch_full/metrics/result_1785818518043682740_193979.json,ladder_isoepoch_full
squad,prompting,lora,full,8.0,16.0,2.0,0.0001,50000,high,iso_epoch,43,0.850162424537668,0.0,16051.923,29.93712472915649,20185088,9375,squad_prompting_ladder_isoepoch_full,squad_prompting,results/squad/prompting_ladder_isoepoch_full/metrics/result_1785818685877805287_4126395.json,ladder_isoepoch_full
squad,prompting,lora,full,8.0,16.0,2.0,0.0001,50000,high,iso_epoch,44,0.8682649042217268,0.0,16117.9202,29.861916542053223,20185088,9375,squad_prompting_ladder_isoepoch_full,squad_prompting,results/squad/prompting_ladder_isoepoch_full/metrics/result_1785821868498923314_230377.json,ladder_isoepoch_full
squad,prompting,lora,full,8.0,16.0,2.0,0.0003,50000,high,iso_epoch,42,0.8685408978678802,0.0,16101.8973,29.93736886978149,20185088,9375,squad_prompting_ladder_isoepoch_full,squad_prompting,results/squad/prompting_ladder_isoepoch_full/metrics/result_1785821969846079463_344999.json,ladder_isoepoch_full
squad,prompting,lora,full,16.0,32.0,2.0,0.0001,1000,low,iso_epoch,43,0.8356280246184277,0.0,337.8987,24.94482040405273,40370176,189,squad_prompting_ladder_isoepoch_full,squad_prompting,results/squad/prompting_ladder_isoepoch_full/metrics/result_1785822996458277631_621747.json,ladder_isoepoch_full
squad,prompting,lora,full,16.0,32.0,2.0,0.0001,1000,low,iso_epoch,42,0.8318445358054198,0.0,345.417,24.95252227783203,40370176,189,squad_prompting_ladder_isoepoch_full,squad_prompting,results/squad/prompting_ladder_isoepoch_full/metrics/result_1785823132284243416_613639.json,ladder_isoepoch_full
squad,prompting,lora,full,16.0,32.0,2.0,0.0001,1000,low,iso_epoch,44,0.8361357467896172,0.0,330.3243,24.941681385040283,40370176,189,squad_prompting_ladder_isoepoch_full,squad_prompting,results/squad/prompting_ladder_isoepoch_full/metrics/result_1785823629243197040_628824.json,ladder_isoepoch_full
squad,prompting,lora,full,16.0,32.0,2.0,0.0003,1000,low,iso_epoch,42,0.8372597959776927,0.0,327.5576,24.95252227783203,40370176,189,squad_prompting_ladder_isoepoch_full,squad_prompting,results/squad/prompting_ladder_isoepoch_full/metrics/result_1785824399780925278_623176.json,ladder_isoepoch_full
squad,prompting,lora,full,16.0,32.0,2.0,0.0003,1000,low,iso_epoch,43,0.8432511122035058,0.0,332.2108,24.94482040405273,40370176,189,squad_prompting_ladder_isoepoch_full,squad_prompting,results/squad/prompting_ladder_isoepoch_full/metrics/result_1785825026583904224_625296.json,ladder_isoepoch_full
squad,prompting,lora,full,16.0,32.0,2.0,0.0003,1000,low,iso_epoch,44,0.8422009795432173,0.0,330.7398,24.941681385040283,40370176,189,squad_prompting_ladder_isoepoch_full,squad_prompting,results/squad/prompting_ladder_isoepoch_full/metrics/result_1785825313575868657_626683.json,ladder_isoepoch_full
squad,prompting,lora,full,16.0,32.0,2.0,0.0001,5000,low,iso_epoch,42,0.8341465010881897,0.0,1616.2305,25.890531539916992,40370176,939,squad_prompting_ladder_isoepoch_full,squad_prompting,results/squad/prompting_ladder_isoepoch_full/metrics/result_1785826958430530280_628044.json,ladder_isoepoch_full
squad,prompting,lora,full,16.0,32.0,2.0,0.0001,5000,low,iso_epoch,43,0.8421226754809482,0.0,1613.9523,25.893614768981934,40370176,939,squad_prompting_ladder_isoepoch_full,squad_prompting,results/squad/prompting_ladder_isoepoch_full/metrics/result_1785827198800201795_629283.json,ladder_isoepoch_full
squad,prompting,lora,full,16.0,32.0,2.0,0.0001,5000,low,iso_epoch,44,0.8410670078287731,0.0,1617.4184,25.89012622833252,40370176,939,squad_prompting_ladder_isoepoch_full,squad_prompting,results/squad/prompting_ladder_isoepoch_full/metrics/result_1785828874094346163_633192.json,ladder_isoepoch_full
squad,prompting,lora,full,16.0,32.0,2.0,0.0003,5000,low,iso_epoch,42,0.8482145720579163,0.0,1612.6567,25.890531539916992,40370176,939,squad_prompting_ladder_isoepoch_full,squad_prompting,results/squad/prompting_ladder_isoepoch_full/metrics/result_1785829095547410185_634422.json,ladder_isoepoch_full
squad,prompting,lora,full,16.0,32.0,2.0,0.0003,5000,low,iso_epoch,43,0.0211434632034632,0.0,1619.7488,25.893614768981934,40370176,939,squad_prompting_ladder_isoepoch_full,squad_prompting,results/squad/prompting_ladder_isoepoch_full/metrics/result_1785830820425681745_638368.json,ladder_isoepoch_full
squad,prompting,lora,full,16.0,32.0,2.0,0.0003,5000,low,iso_epoch,44,0.8484631192053192,0.0,1618.6274,25.89012622833252,40370176,939,squad_prompting_ladder_isoepoch_full,squad_prompting,results/squad/prompting_ladder_isoepoch_full/metrics/result_1785831065151479726_639402.json,ladder_isoepoch_full
squad,prompting,lora,full,8.0,16.0,2.0,0.0003,50000,high,iso_epoch,43,0.0218291205810387,0.0,16153.3105,29.93712472915649,20185088,9375,squad_prompting_ladder_isoepoch_full,squad_prompting,results/squad/prompting_ladder_isoepoch_full/metrics/result_1785834983920758113_477571.json,ladder_isoepoch_full
squad,prompting,lora,full,8.0,16.0,2.0,0.0003,50000,high,iso_epoch,44,0.0020689069384721,0.0,16403.4813,29.861916542053223,20185088,9375,squad_prompting_ladder_isoepoch_full,squad_prompting,results/squad/prompting_ladder_isoepoch_full/metrics/result_1785835375250851665_1538792.json,ladder_isoepoch_full
squad,prompting,lora,full,16.0,32.0,2.0,0.0001,20000,high,iso_epoch,42,0.8516849635293143,0.0,6493.8107,30.11685800552368,40370176,3750,squad_prompting_ladder_isoepoch_full,squad_prompting,results/squad/prompting_ladder_isoepoch_full/metrics/result_1785837736013198609_644468.json,ladder_isoepoch_full
squad,prompting,lora,full,16.0,32.0,2.0,0.0001,20000,high,iso_epoch,43,0.8583573129342958,0.0,6445.9115,30.128490924835205,40370176,3750,squad_prompting_ladder_isoepoch_full,squad_prompting,results/squad/prompting_ladder_isoepoch_full/metrics/result_1785837815867872977_645372.json,ladder_isoepoch_full
squad,prompting,lora,full,16.0,32.0,2.0,0.0001,20000,high,iso_epoch,44,0.8588006162975989,0.0,6694.193,30.133400440216064,40370176,3750,squad_prompting_ladder_isoepoch_full,squad_prompting,results/squad/prompting_ladder_isoepoch_full/metrics/result_1785842530130052261_1683509.json,ladder_isoepoch_full
squad,prompting,lora,full,16.0,32.0,2.0,0.0003,20000,high,iso_epoch,42,0.866096001057766,0.0,6608.183,30.11685800552368,40370176,3750,squad_prompting_ladder_isoepoch_full,squad_prompting,results/squad/prompting_ladder_isoepoch_full/metrics/result_1785843796691771598_3219928.json,ladder_isoepoch_full
squad,prompting,lora,full,16.0,32.0,2.0,0.0003,20000,high,iso_epoch,44,0.8234389313159136,0.0,6538.5514,30.133400440216064,40370176,3750,squad_prompting_ladder_isoepoch_full,squad_prompting,results/squad/prompting_ladder_isoepoch_full/metrics/result_1785844672190548582_672340.json,ladder_isoepoch_full
squad,prompting,lora,full,16.0,32.0,2.0,0.0003,20000,high,iso_epoch,43,0.8556836279236539,0.0,6606.9481,30.128490924835205,40370176,3750,squad_prompting_ladder_isoepoch_full,squad_prompting,results/squad/prompting_ladder_isoepoch_full/metrics/result_1785844685503494290_669267.json,ladder_isoepoch_full
squad,prompting,lora,full,16.0,32.0,2.0,0.0001,50000,high,iso_epoch,42,0.8699160920778573,0.0,16056.5359,30.127561569213867,40370176,9375,squad_prompting_ladder_isoepoch_full,squad_prompting,results/squad/prompting_ladder_isoepoch_full/metrics/result_1785858894541747771_1704273.json,ladder_isoepoch_full
squad,prompting,lora,full,16.0,32.0,2.0,0.0001,50000,high,iso_epoch,43,0.8652803532273357,0.0,16029.814,30.12185907363892,40370176,9375,squad_prompting_ladder_isoepoch_full,squad_prompting,results/squad/prompting_ladder_isoepoch_full/metrics/result_1785860098341207220_3237457.json,ladder_isoepoch_full
squad,prompting,lora,full,16.0,32.0,2.0,0.0003,50000,high,iso_epoch,42,0.8572563071443604,0.0,16066.9328,30.127561569213867,40370176,9375,squad_prompting_ladder_isoepoch_full,squad_prompting,results/squad/prompting_ladder_isoepoch_full/metrics/result_1785861063012395192_3240006.json,ladder_isoepoch_full
squad,prompting,lora,full,16.0,32.0,2.0,0.0001,50000,high,iso_epoch,44,0.8560607716393333,0.0,16089.9591,29.995100498199463,40370176,9375,squad_prompting_ladder_isoepoch_full,squad_prompting,results/squad/prompting_ladder_isoepoch_full/metrics/result_1785861079753922628_3240008.json,ladder_isoepoch_full
squad,prompting,lora,full,32.0,64.0,2.0,0.0001,1000,low,iso_epoch,42,0.8371247666856507,0.0,329.7509,25.21821403503418,80740352,189,squad_prompting_ladder_isoepoch_full,squad_prompting,results/squad/prompting_ladder_isoepoch_full/metrics/result_1785861709943019938_393445.json,ladder_isoepoch_full
squad,prompting,lora,full,32.0,64.0,2.0,0.0001,1000,low,iso_epoch,43,0.8438181513131984,0.0,331.2808,25.210490226745605,80740352,189,squad_prompting_ladder_isoepoch_full,squad_prompting,results/squad/prompting_ladder_isoepoch_full/metrics/result_1785861716744868473_393448.json,ladder_isoepoch_full
squad,prompting,lora,full,32.0,64.0,2.0,0.0003,1000,low,iso_epoch,42,0.8359698267586952,0.0,327.3358,25.21821403503418,80740352,189,squad_prompting_ladder_isoepoch_full,squad_prompting,results/squad/prompting_ladder_isoepoch_full/metrics/result_1785862359182753621_3274317.json,ladder_isoepoch_full
squad,prompting,lora,full,32.0,64.0,2.0,0.0001,1000,low,iso_epoch,44,0.8300956049768449,0.0,330.8301,25.21277904510498,80740352,189,squad_prompting_ladder_isoepoch_full,squad_prompting,results/squad/prompting_ladder_isoepoch_full/metrics/result_1785862368353080920_3274316.json,ladder_isoepoch_full
squad,prompting,lora,full,32.0,64.0,2.0,0.0003,1000,low,iso_epoch,43,0.8418785916706842,0.0,331.1928,25.210490226745605,80740352,189,squad_prompting_ladder_isoepoch_full,squad_prompting,results/squad/prompting_ladder_isoepoch_full/metrics/result_1785863002716771005_397810.json,ladder_isoepoch_full
squad,prompting,lora,full,32.0,64.0,2.0,0.0003,1000,low,iso_epoch,44,0.8313657480510799,0.0,332.84,25.21277904510498,80740352,189,squad_prompting_ladder_isoepoch_full,squad_prompting,results/squad/prompting_ladder_isoepoch_full/metrics/result_1785863005819022837_397809.json,ladder_isoepoch_full
squad,prompting,lora,full,32.0,64.0,2.0,0.0001,5000,low,iso_epoch,42,0.8372017536787364,0.0,1615.9831,26.163789749145508,80740352,939,squad_prompting_ladder_isoepoch_full,squad_prompting,results/squad/prompting_ladder_isoepoch_full/metrics/result_1785864926696720655_3277874.json,ladder_isoepoch_full
squad,prompting,lora,full,32.0,64.0,2.0,0.0001,5000,low,iso_epoch,43,0.8465854689972342,0.0,1615.2579,26.16150999069214,80740352,939,squad_prompting_ladder_isoepoch_full,squad_prompting,results/squad/prompting_ladder_isoepoch_full/metrics/result_1785864932329133836_3277871.json,ladder_isoepoch_full
squad,prompting,lora,full,32.0,64.0,2.0,0.0001,5000,low,iso_epoch,44,0.8438527720645372,0.0,1618.9893,26.15952968597412,80740352,939,squad_prompting_ladder_isoepoch_full,squad_prompting,results/squad/prompting_ladder_isoepoch_full/metrics/result_1785866829204345855_404182.json,ladder_isoepoch_full
squad,prompting,lora,full,32.0,64.0,2.0,0.0003,5000,low,iso_epoch,42,0.8453990341760165,0.0,1619.7496,26.163789749145508,80740352,939,squad_prompting_ladder_isoepoch_full,squad_prompting,results/squad/prompting_ladder_isoepoch_full/metrics/result_1785866844946069955_404183.json,ladder_isoepoch_full
squad,prompting,lora,full,32.0,64.0,2.0,0.0003,5000,low,iso_epoch,44,0.8396722303839955,0.0,1615.5166,26.15952968597412,80740352,939,squad_prompting_ladder_isoepoch_full,squad_prompting,results/squad/prompting_ladder_isoepoch_full/metrics/result_1785868764640944977_3285910.json,ladder_isoepoch_full
squad,prompting,lora,full,32.0,64.0,2.0,0.0003,5000,low,iso_epoch,43,0.8405836527524768,0.0,1616.513,26.16150999069214,80740352,939,squad_prompting_ladder_isoepoch_full,squad_prompting,results/squad/prompting_ladder_isoepoch_full/metrics/result_1785868775789245607_3285911.json,ladder_isoepoch_full
squad,prompting,lora,full,32.0,64.0,2.0,0.0001,20000,high,iso_epoch,42,0.8615788947341382,0.0,6451.1522,30.38327932357788,80740352,3750,squad_prompting_ladder_isoepoch_full,squad_prompting,results/squad/prompting_ladder_isoepoch_full/metrics/result_1785875493163055986_195564.json,ladder_isoepoch_full
squad,prompting,lora,full,32.0,64.0,2.0,0.0001,20000,high,iso_epoch,43,0.8700833670603495,0.0,6450.391,30.39517974853516,80740352,3750,squad_prompting_ladder_isoepoch_full,squad_prompting,results/squad/prompting_ladder_isoepoch_full/metrics/result_1785875505505331074_412161.json,ladder_isoepoch_full
squad,prompting,lora,full,16.0,32.0,2.0,0.0003,50000,high,iso_epoch,43,0.0168183294398128,0.0,16044.6505,30.12185907363892,40370176,9375,squad_prompting_ladder_isoepoch_full,squad_prompting,results/squad/prompting_ladder_isoepoch_full/metrics/result_1785876125929558233_1759284.json,ladder_isoepoch_full
squad,prompting,lora,full,16.0,32.0,2.0,0.0003,50000,high,iso_epoch,44,0.8520988952904087,0.0,16571.4206,29.995100498199463,40370176,9375,squad_prompting_ladder_isoepoch_full,squad_prompting,results/squad/prompting_ladder_isoepoch_full/metrics/result_1785877110099829105_3269191.json,ladder_isoepoch_full
squad,prompting,lora,full,32.0,64.0,2.0,0.0001,20000,high,iso_epoch,44,0.8696975837745665,0.0,6452.7953,30.393497467041016,80740352,3750,squad_prompting_ladder_isoepoch_full,squad_prompting,results/squad/prompting_ladder_isoepoch_full/metrics/result_1785882288073758253_213841.json,ladder_isoepoch_full
squad,prompting,lora,full,32.0,64.0,2.0,0.0003,20000,high,iso_epoch,42,0.8393831416949068,0.0,6482.5364,30.38327932357788,80740352,3750,squad_prompting_ladder_isoepoch_full,squad_prompting,results/squad/prompting_ladder_isoepoch_full/metrics/result_1785882327471045815_425446.json,ladder_isoepoch_full
squad,prompting,lora,full,32.0,64.0,2.0,0.0003,20000,high,iso_epoch,43,0.0011333333333333,0.0,6561.567,30.39517974853516,80740352,3750,squad_prompting_ladder_isoepoch_full,squad_prompting,results/squad/prompting_ladder_isoepoch_full/metrics/result_1785883258539555355_1809085.json,ladder_isoepoch_full
squad,prompting,lora,full,32.0,64.0,2.0,0.0003,20000,high,iso_epoch,44,0.856380993842759,0.0,6444.5931,30.393497467041016,80740352,3750,squad_prompting_ladder_isoepoch_full,squad_prompting,results/squad/prompting_ladder_isoepoch_full/metrics/result_1785884136167557385_3157127.json,ladder_isoepoch_full
squad,prompting,lora,full,32.0,64.0,2.0,0.0001,50000,high,iso_epoch,43,0.8651650607420432,0.0,16093.5802,30.385511875152588,80740352,9375,squad_prompting_ladder_isoepoch_full,squad_prompting,results/squad/prompting_ladder_isoepoch_full/metrics/result_1785898719189697661_269027.json,ladder_isoepoch_full
squad,prompting,lora,full,32.0,64.0,2.0,0.0001,50000,high,iso_epoch,42,0.8688450220850482,0.0,16659.4794,30.392717361450195,80740352,9375,squad_prompting_ladder_isoepoch_full,squad_prompting,results/squad/prompting_ladder_isoepoch_full/metrics/result_1785899311764743558_501445.json,ladder_isoepoch_full
squad,prompting,lora,full,32.0,64.0,2.0,0.0001,50000,high,iso_epoch,44,0.8592951228368114,0.0,16352.3318,30.27652835845948,80740352,9375,squad_prompting_ladder_isoepoch_full,squad_prompting,results/squad/prompting_ladder_isoepoch_full/metrics/result_1785899885034860418_1830714.json,ladder_isoepoch_full
squad,prompting,lora,full,64.0,128.0,2.0,0.0001,1000,low,iso_epoch,42,0.8527932066089295,0.0,332.7438,25.81524896621704,161480704,189,squad_prompting_ladder_isoepoch_full,squad_prompting,results/squad/prompting_ladder_isoepoch_full/metrics/result_1785900512478254905_1885265.json,ladder_isoepoch_full
squad,prompting,lora,full,32.0,64.0,2.0,0.0003,50000,high,iso_epoch,42,0.8485261130230956,0.0,16534.0875,30.392717361450195,80740352,9375,squad_prompting_ladder_isoepoch_full,squad_prompting,results/squad/prompting_ladder_isoepoch_full/metrics/result_1785900934700211935_3169738.json,ladder_isoepoch_full
squad,prompting,lora,full,64.0,128.0,2.0,0.0001,1000,low,iso_epoch,43,0.8442634148589736,0.0,334.3417,25.813331127166748,161480704,189,squad_prompting_ladder_isoepoch_full,squad_prompting,results/squad/prompting_ladder_isoepoch_full/metrics/result_1785901175417988950_1887664.json,ladder_isoepoch_full
squad,prompting,lora,full,64.0,128.0,2.0,0.0001,1000,low,iso_epoch,44,0.8340973208057754,0.0,335.4071,25.81451749801636,161480704,189,squad_prompting_ladder_isoepoch_full,squad_prompting,results/squad/prompting_ladder_isoepoch_full/metrics/result_1785901558738651841_3298930.json,ladder_isoepoch_full
squad,prompting,lora,full,64.0,128.0,2.0,0.0003,1000,low,iso_epoch,42,0.8370642297505476,0.0,332.8365,25.81524896621704,161480704,189,squad_prompting_ladder_isoepoch_full,squad_prompting,results/squad/prompting_ladder_isoepoch_full/metrics/result_1785901819402378946_1890020.json,ladder_isoepoch_full
squad,prompting,lora,full,64.0,128.0,2.0,0.0003,1000,low,iso_epoch,43,0.8251690430342611,0.0,335.1185,25.813331127166748,161480704,189,squad_prompting_ladder_isoepoch_full,squad_prompting,results/squad/prompting_ladder_isoepoch_full/metrics/result_1785902197728357918_3300984.json,ladder_isoepoch_full
squad,prompting,lora,full,64.0,128.0,2.0,0.0003,1000,low,iso_epoch,44,0.8350519534254128,0.0,334.311,25.814795970916748,161480704,189,squad_prompting_ladder_isoepoch_full,squad_prompting,results/squad/prompting_ladder_isoepoch_full/metrics/result_1785902452462138092_2652775.json,ladder_isoepoch_full
squad,prompting,lora,full,64.0,128.0,2.0,0.0001,5000,low,iso_epoch,42,0.8535681579574167,0.0,1630.1042,26.76269054412841,161480704,939,squad_prompting_ladder_isoepoch_full,squad_prompting,results/squad/prompting_ladder_isoepoch_full/metrics/result_1785904096510881076_2653841.json,ladder_isoepoch_full
squad,prompting,lora,full,64.0,128.0,2.0,0.0001,5000,low,iso_epoch,43,0.8427633069402896,0.0,1631.7717,26.75623989105225,161480704,939,squad_prompting_ladder_isoepoch_full,squad_prompting,results/squad/prompting_ladder_isoepoch_full/metrics/result_1785904399484592674_2654852.json,ladder_isoepoch_full
squad,prompting,lora,full,64.0,128.0,2.0,0.0001,5000,low,iso_epoch,44,0.8536510266280093,0.0,1632.1752,26.75673007965088,161480704,939,squad_prompting_ladder_isoepoch_full,squad_prompting,results/squad/prompting_ladder_isoepoch_full/metrics/result_1785906039093594816_3482451.json,ladder_isoepoch_full
squad,prompting,lora,full,64.0,128.0,2.0,0.0003,5000,low,iso_epoch,42,0.8366222770065822,0.0,1630.1037,26.76269054412841,161480704,939,squad_prompting_ladder_isoepoch_full,squad_prompting,results/squad/prompting_ladder_isoepoch_full/metrics/result_1785906337465292185_2663103.json,ladder_isoepoch_full
squad,prompting,lora,full,64.0,128.0,2.0,0.0003,5000,low,iso_epoch,43,0.834839123063165,0.0,1635.6668,26.75623989105225,161480704,939,squad_prompting_ladder_isoepoch_full,squad_prompting,results/squad/prompting_ladder_isoepoch_full/metrics/result_1785907963696186110_1909295.json,ladder_isoepoch_full
squad,prompting,lora,full,64.0,128.0,2.0,0.0003,5000,low,iso_epoch,44,0.8423616653288385,0.0,1706.4538,26.75673007965088,161480704,939,squad_prompting_ladder_isoepoch_full,squad_prompting,results/squad/prompting_ladder_isoepoch_full/metrics/result_1785908512793018282_3493449.json,ladder_isoepoch_full
squad,prompting,lora,full,64.0,128.0,2.0,0.0001,20000,high,iso_epoch,42,0.8587934690487122,0.0,6665.1045,30.98581457138061,161480704,3750,squad_prompting_ladder_isoepoch_full,squad_prompting,results/squad/prompting_ladder_isoepoch_full/metrics/result_1785914922686577689_1918813.json,ladder_isoepoch_full
squad,prompting,lora,full,32.0,64.0,2.0,0.0003,50000,high,iso_epoch,43,0.0013333333333333,0.0,16431.4106,30.385511875152588,80740352,9375,squad_prompting_ladder_isoepoch_full,squad_prompting,results/squad/prompting_ladder_isoepoch_full/metrics/result_1785915437958314040_404800.json,ladder_isoepoch_full
squad,prompting,lora,full,64.0,128.0,2.0,0.0001,20000,high,iso_epoch,43,0.8692320505638156,0.0,6701.6689,30.991622924804688,161480704,3750,squad_prompting_ladder_isoepoch_full,squad_prompting,results/squad/prompting_ladder_isoepoch_full/metrics/result_1785915515830832399_3332921.json,ladder_isoepoch_full
squad,prompting,lora,full,32.0,64.0,2.0,0.0003,50000,high,iso_epoch,44,0.0036969696969696,0.0,16827.427,30.27652835845948,80740352,9375,squad_prompting_ladder_isoepoch_full,squad_prompting,results/squad/prompting_ladder_isoepoch_full/metrics/result_1785916473839762359_579737.json,ladder_isoepoch_full
squad,prompting,lora,full,64.0,128.0,2.0,0.0001,20000,high,iso_epoch,44,0.8741935322705143,0.0,6519.8111,30.995738983154297,161480704,3750,squad_prompting_ladder_isoepoch_full,squad_prompting,results/squad/prompting_ladder_isoepoch_full/metrics/result_1785921857856838159_705728.json,ladder_isoepoch_full
squad,prompting,lora,full,64.0,128.0,2.0,0.0003,20000,high,iso_epoch,42,0.8302441050282487,0.0,6531.9087,30.98581457138061,161480704,3750,squad_prompting_ladder_isoepoch_full,squad_prompting,results/squad/prompting_ladder_isoepoch_full/metrics/result_1785922236921399841_707201.json,ladder_isoepoch_full
squad,prompting,lora,full,64.0,128.0,2.0,0.0003,20000,high,iso_epoch,43,0.850819086073437,0.0,6510.0108,30.991622924804688,161480704,3750,squad_prompting_ladder_isoepoch_full,squad_prompting,results/squad/prompting_ladder_isoepoch_full/metrics/result_1785922295317401011_707815.json,ladder_isoepoch_full
squad,prompting,lora,full,64.0,128.0,2.0,0.0003,20000,high,iso_epoch,44,0.0,0.0,6535.4668,30.995738983154297,161480704,3750,squad_prompting_ladder_isoepoch_full,squad_prompting,results/squad/prompting_ladder_isoepoch_full/metrics/result_1785923416810587982_1194851.json,ladder_isoepoch_full
squad,prompting,lora,full,64.0,128.0,2.0,0.0001,50000,high,iso_epoch,42,0.8499416461449447,0.0,16365.8614,30.99566125869751,161480704,9375,squad_prompting_ladder_isoepoch_full,squad_prompting,results/squad/prompting_ladder_isoepoch_full/metrics/result_1785938627747942002_721600.json,ladder_isoepoch_full
squad,prompting,lora,full,64.0,128.0,2.0,0.0001,50000,high,iso_epoch,44,0.8630555369325197,0.0,16386.9854,30.870320320129395,161480704,9375,squad_prompting_ladder_isoepoch_full,squad_prompting,results/squad/prompting_ladder_isoepoch_full/metrics/result_1785939147632017688_723749.json,ladder_isoepoch_full
squad,prompting,lora,full,64.0,128.0,2.0,0.0001,50000,high,iso_epoch,43,0.8604577512882118,0.0,16440.8787,30.994696140289307,161480704,9375,squad_prompting_ladder_isoepoch_full,squad_prompting,results/squad/prompting_ladder_isoepoch_full/metrics/result_1785939222906186610_723747.json,ladder_isoepoch_full
squad,prompting,lora,full,64.0,128.0,2.0,0.0003,50000,high,iso_epoch,42,0.0,0.0,17147.9387,30.99566125869751,161480704,9375,squad_prompting_ladder_isoepoch_full,squad_prompting,results/squad/prompting_ladder_isoepoch_full/metrics/result_1785942079419222863_2352176.json,ladder_isoepoch_full
squad,prompting,lora,full,64.0,128.0,2.0,0.0003,50000,high,iso_epoch,43,0.002,0.0,16821.6918,30.994696140289307,161480704,9375,squad_prompting_ladder_isoepoch_full,squad_prompting,results/squad/prompting_ladder_isoepoch_full/metrics/result_1785956170121643451_882262.json,ladder_isoepoch_full
squad,prompting,lora,full,64.0,128.0,2.0,0.0003,50000,high,iso_epoch,44,0.0041333333333333,0.0,16820.7337,30.870320320129395,161480704,9375,squad_prompting_ladder_isoepoch_full,squad_prompting,results/squad/prompting_ladder_isoepoch_full/metrics/result_1785956545263922093_886632.json,ladder_isoepoch_full
squad,prompting,lora,full,64.0,128.0,2.0,0.0005,1000,low,iso_epoch,42,0.801390522796329,0.0,332.3545,25.81524896621704,161480704,189,squad_prompting_ladder_isoepoch_full_r64_lr5e4,squad_prompting,results/squad/prompting_ladder_isoepoch_full_r64_lr5e4/metrics/result_1786093631124445667_1014142.json,ladder_isoepoch_full_r64_lr5e4
squad,prompting,lora,full,64.0,128.0,2.0,0.0005,1000,low,iso_epoch,43,0.8282893198163023,0.0,334.4224,25.814700603485107,161480704,189,squad_prompting_ladder_isoepoch_full_r64_lr5e4,squad_prompting,results/squad/prompting_ladder_isoepoch_full_r64_lr5e4/metrics/result_1786093634983086623_1014139.json,ladder_isoepoch_full_r64_lr5e4
squad,prompting,lora,full,64.0,128.0,2.0,0.0005,1000,low,iso_epoch,44,0.8181997602719041,0.0,335.0193,25.81451749801636,161480704,189,squad_prompting_ladder_isoepoch_full_r64_lr5e4,squad_prompting,results/squad/prompting_ladder_isoepoch_full_r64_lr5e4/metrics/result_1786093646319425384_1014141.json,ladder_isoepoch_full_r64_lr5e4
squad,prompting,lora,full,64.0,128.0,2.0,0.0005,5000,low,iso_epoch,42,0.7970629063746715,0.0,1628.2956,26.76269054412841,161480704,939,squad_prompting_ladder_isoepoch_full_r64_lr5e4,squad_prompting,results/squad/prompting_ladder_isoepoch_full_r64_lr5e4/metrics/result_1786094932981303515_1014140.json,ladder_isoepoch_full_r64_lr5e4
squad,prompting,lora,full,64.0,128.0,2.0,0.0005,5000,low,iso_epoch,43,0.0,0.0,1637.9138,26.757746696472168,161480704,939,squad_prompting_ladder_isoepoch_full_r64_lr5e4,squad_prompting,results/squad/prompting_ladder_isoepoch_full_r64_lr5e4/metrics/result_1786095605257297020_1017690.json,ladder_isoepoch_full_r64_lr5e4
squad,prompting,lora,full,64.0,128.0,2.0,0.0005,5000,low,iso_epoch,44,0.0,0.0,1636.5055,26.75673007965088,161480704,939,squad_prompting_ladder_isoepoch_full_r64_lr5e4,squad_prompting,results/squad/prompting_ladder_isoepoch_full_r64_lr5e4/metrics/result_1786095821745017000_1017689.json,ladder_isoepoch_full_r64_lr5e4
squad,prompting,lora,full,64.0,128.0,2.0,0.0005,20000,high,iso_epoch,42,0.0,0.0,6563.3484,30.98581457138061,161480704,3750,squad_prompting_ladder_isoepoch_full_r64_lr5e4,squad_prompting,results/squad/prompting_ladder_isoepoch_full_r64_lr5e4/metrics/result_1786100546981672849_1017693.json,ladder_isoepoch_full_r64_lr5e4
squad,prompting,lora,full,64.0,128.0,2.0,0.0005,20000,high,iso_epoch,43,0.0,0.0,6493.0765,30.991622924804688,161480704,3750,squad_prompting_ladder_isoepoch_full_r64_lr5e4,squad_prompting,results/squad/prompting_ladder_isoepoch_full_r64_lr5e4/metrics/result_1786101832203308061_1020971.json,ladder_isoepoch_full_r64_lr5e4
squad,prompting,lora,full,64.0,128.0,2.0,0.0005,20000,high,iso_epoch,44,0.0013333333333333,0.0,6537.8768,30.995738983154297,161480704,3750,squad_prompting_ladder_isoepoch_full_r64_lr5e4,squad_prompting,results/squad/prompting_ladder_isoepoch_full_r64_lr5e4/metrics/result_1786102630598753766_1023175.json,ladder_isoepoch_full_r64_lr5e4
squad,prompting,lora,full,64.0,128.0,2.0,0.0005,50000,high,iso_epoch,42,0.0,0.0,16326.5628,30.99566125869751,161480704,9375,squad_prompting_ladder_isoepoch_full_r64_lr5e4,squad_prompting,results/squad/prompting_ladder_isoepoch_full_r64_lr5e4/metrics/result_1786112688711047313_1024239.json,ladder_isoepoch_full_r64_lr5e4
squad,prompting,lora,full,64.0,128.0,2.0,0.0005,50000,high,iso_epoch,43,0.0,0.0,16362.331,30.994696140289307,161480704,9375,squad_prompting_ladder_isoepoch_full_r64_lr5e4,squad_prompting,results/squad/prompting_ladder_isoepoch_full_r64_lr5e4/metrics/result_1786117247082021007_3277891.json,ladder_isoepoch_full_r64_lr5e4
squad,prompting,lora,full,64.0,128.0,2.0,0.0005,50000,high,iso_epoch,44,0.0,0.0,16285.5915,30.870320320129395,161480704,9375,squad_prompting_ladder_isoepoch_full_r64_lr5e4,squad_prompting,results/squad/prompting_ladder_isoepoch_full_r64_lr5e4/metrics/result_1786118555649607632_1391157.json,ladder_isoepoch_full_r64_lr5e4
squad,prompting,lora,attention,64.0,128.0,2.0,0.0005,1000,low,iso_epoch,42,0.8360709753152656,0.0,250.3945,24.9077091217041,40370176,189,squad_prompting_ladder_isoepoch_r64_lr5e4,squad_prompting,results/squad/prompting_ladder_isoepoch_r64_lr5e4/metrics/result_1786092069441756771_3238541.json,ladder_isoepoch_r64_lr5e4
squad,prompting,lora,attention,64.0,128.0,2.0,0.0005,1000,low,iso_epoch,43,0.8363181161077305,0.0,259.0544,24.906317710876465,40370176,189,squad_prompting_ladder_isoepoch_r64_lr5e4,squad_prompting,results/squad/prompting_ladder_isoepoch_r64_lr5e4/metrics/result_1786092271413671265_3241699.json,ladder_isoepoch_r64_lr5e4
squad,prompting,lora,attention,64.0,128.0,2.0,0.0005,1000,low,iso_epoch,44,0.0004444444444444,0.0,249.0021,24.905898571014404,40370176,189,squad_prompting_ladder_isoepoch_r64_lr5e4,squad_prompting,results/squad/prompting_ladder_isoepoch_r64_lr5e4/metrics/result_1786092361080031923_2511764.json,ladder_isoepoch_r64_lr5e4
squad,prompting,lora,attention,64.0,128.0,2.0,0.0005,5000,low,iso_epoch,42,0.8307895488270578,0.0,1221.915,25.84898614883423,40370176,939,squad_prompting_ladder_isoepoch_r64_lr5e4,squad_prompting,results/squad/prompting_ladder_isoepoch_r64_lr5e4/metrics/result_1786093551184474227_3246660.json,ladder_isoepoch_r64_lr5e4
squad,prompting,lora,attention,64.0,128.0,2.0,0.0005,5000,low,iso_epoch,43,0.7962427251716595,0.0,1227.8125,25.849188804626465,40370176,939,squad_prompting_ladder_isoepoch_r64_lr5e4,squad_prompting,results/squad/prompting_ladder_isoepoch_r64_lr5e4/metrics/result_1786093563440803555_3246661.json,ladder_isoepoch_r64_lr5e4
squad,prompting,lora,attention,64.0,128.0,2.0,0.0005,5000,low,iso_epoch,44,0.8228041046702516,0.0,1226.6672,25.849194526672363,40370176,939,squad_prompting_ladder_isoepoch_r64_lr5e4,squad_prompting,results/squad/prompting_ladder_isoepoch_r64_lr5e4/metrics/result_1786093782431890290_328089.json,ladder_isoepoch_r64_lr5e4
squad,prompting,lora,attention,64.0,128.0,2.0,0.0005,20000,high,iso_epoch,42,0.0,0.0,4953.7108,30.07751989364624,40370176,3750,squad_prompting_ladder_isoepoch_r64_lr5e4,squad_prompting,results/squad/prompting_ladder_isoepoch_r64_lr5e4/metrics/result_1786097620637302898_1329599.json,ladder_isoepoch_r64_lr5e4
squad,prompting,lora,attention,64.0,128.0,2.0,0.0005,20000,high,iso_epoch,43,0.0003333333333333,0.002,4977.6313,30.07752990722656,40370176,3750,squad_prompting_ladder_isoepoch_r64_lr5e4,squad_prompting,results/squad/prompting_ladder_isoepoch_r64_lr5e4/metrics/result_1786099030521766333_3252304.json,ladder_isoepoch_r64_lr5e4
squad,prompting,lora,attention,64.0,128.0,2.0,0.0005,20000,high,iso_epoch,44,0.0,0.0,4990.8826,30.07752990722656,40370176,3750,squad_prompting_ladder_isoepoch_r64_lr5e4,squad_prompting,results/squad/prompting_ladder_isoepoch_r64_lr5e4/metrics/result_1786099398160607632_3252305.json,ladder_isoepoch_r64_lr5e4
squad,prompting,lora,attention,64.0,128.0,2.0,0.0005,50000,high,iso_epoch,42,0.0,0.0,12335.1765,30.077772617340088,40370176,9375,squad_prompting_ladder_isoepoch_r64_lr5e4,squad_prompting,results/squad/prompting_ladder_isoepoch_r64_lr5e4/metrics/result_1786106755142542425_3253517.json,ladder_isoepoch_r64_lr5e4
squad,prompting,lora,attention,64.0,128.0,2.0,0.0005,50000,high,iso_epoch,43,0.0,0.002,12374.6744,30.077528476715088,40370176,9375,squad_prompting_ladder_isoepoch_r64_lr5e4,squad_prompting,results/squad/prompting_ladder_isoepoch_r64_lr5e4/metrics/result_1786110977720867675_2533244.json,ladder_isoepoch_r64_lr5e4
squad,prompting,lora,attention,64.0,128.0,2.0,0.0005,50000,high,iso_epoch,44,0.0003333333333333,0.012,12202.5235,29.955815315246586,40370176,9375,squad_prompting_ladder_isoepoch_r64_lr5e4,squad_prompting,results/squad/prompting_ladder_isoepoch_r64_lr5e4/metrics/result_1786111603282451170_3266449.json,ladder_isoepoch_r64_lr5e4
squad,prompting,lora,attention,4.0,8.0,2.0,0.0001,1000,low,iso_step,44,0.8027588030566227,0.0,1243.4082,24.624864101409912,2523136,938,squad_prompting_ladder_isostep,squad_prompting,results/squad/prompting_ladder_isostep/metrics/result_1784832115.json,ladder_isostep
squad,prompting,lora,attention,4.0,8.0,2.0,0.0001,1000,low,iso_step,42,0.8085539337855132,0.0,1234.3488,24.62667179107666,2523136,938,squad_prompting_ladder_isostep,squad_prompting,results/squad/prompting_ladder_isostep/metrics/result_1784832117.json,ladder_isostep
squad,prompting,lora,attention,4.0,8.0,2.0,0.0001,1000,low,iso_step,43,0.8120071446831588,0.0,1233.802,24.624864101409912,2523136,938,squad_prompting_ladder_isostep,squad_prompting,results/squad/prompting_ladder_isostep/metrics/result_1784832126.json,ladder_isostep
squad,prompting,lora,attention,4.0,8.0,2.0,0.0003,1000,low,iso_step,42,0.8293962408706999,0.0,1234.021,24.62667179107666,2523136,938,squad_prompting_ladder_isostep,squad_prompting,results/squad/prompting_ladder_isostep/metrics/result_1784832322.json,ladder_isostep
squad,prompting,lora,attention,4.0,8.0,2.0,0.0003,1000,low,iso_step,43,0.8213945380712424,0.0,1241.515,24.624864101409912,2523136,938,squad_prompting_ladder_isostep,squad_prompting,results/squad/prompting_ladder_isostep/metrics/result_1784833683.json,ladder_isostep
squad,prompting,lora,attention,4.0,8.0,2.0,0.0001,5000,low,iso_step,42,0.8508936379524621,0.0,1217.381,25.567911624908447,2523136,938,squad_prompting_ladder_isostep,squad_prompting,results/squad/prompting_ladder_isostep/metrics/result_1784833841.json,ladder_isostep
squad,prompting,lora,attention,4.0,8.0,2.0,0.0003,1000,low,iso_step,44,0.8198841697158277,0.0,1246.4009,24.624864101409912,2523136,938,squad_prompting_ladder_isostep,squad_prompting,results/squad/prompting_ladder_isostep/metrics/result_1784833890.json,ladder_isostep
squad,prompting,lora,attention,4.0,8.0,2.0,0.0001,5000,low,iso_step,43,0.8524521187174505,0.0,1241.0936,25.568114280700684,2523136,938,squad_prompting_ladder_isostep,squad_prompting,results/squad/prompting_ladder_isostep/metrics/result_1784833898.json,ladder_isostep
squad,prompting,lora,attention,4.0,8.0,2.0,0.0003,5000,low,iso_step,43,0.8426031444448332,0.0,1219.3874,25.568114280700684,2523136,938,squad_prompting_ladder_isostep,squad_prompting,results/squad/prompting_ladder_isostep/metrics/result_1784835398.json,ladder_isostep
squad,prompting,lora,attention,4.0,8.0,2.0,0.0001,5000,low,iso_step,44,0.848934341454456,0.0,1233.2316,25.568120002746586,2523136,938,squad_prompting_ladder_isostep,squad_prompting,results/squad/prompting_ladder_isostep/metrics/result_1784835424.json,ladder_isostep
squad,prompting,lora,attention,4.0,8.0,2.0,0.0003,5000,low,iso_step,42,0.8493933930850817,0.0,1231.553,25.567911624908447,2523136,938,squad_prompting_ladder_isostep,squad_prompting,results/squad/prompting_ladder_isostep/metrics/result_1784835530.json,ladder_isostep
squad,prompting,lora,attention,4.0,8.0,2.0,0.0003,5000,low,iso_step,44,0.8388395248056715,0.0,1250.0568,25.568120002746586,2523136,938,squad_prompting_ladder_isostep,squad_prompting,results/squad/prompting_ladder_isostep/metrics/result_1784835645.json,ladder_isostep
squad,prompting,lora,attention,4.0,8.0,2.0,0.0001,20000,high,iso_step,42,0.8562597531841042,0.0,1233.4846,29.796443939208984,2523136,938,squad_prompting_ladder_isostep,squad_prompting,results/squad/prompting_ladder_isostep/metrics/result_1784837185.json,ladder_isostep
squad,prompting,lora,attention,4.0,8.0,2.0,0.0001,20000,high,iso_step,44,0.8628347840214113,0.0,1224.5611,29.78704166412353,2523136,938,squad_prompting_ladder_isostep,squad_prompting,results/squad/prompting_ladder_isostep/metrics/result_1784837218.json,ladder_isostep
squad,prompting,lora,attention,4.0,8.0,2.0,0.0003,20000,high,iso_step,42,0.8610865655521299,0.0,1236.8726,29.796443939208984,2523136,938,squad_prompting_ladder_isostep,squad_prompting,results/squad/prompting_ladder_isostep/metrics/result_1784837451.json,ladder_isostep
squad,prompting,lora,attention,4.0,8.0,2.0,0.0003,20000,high,iso_step,43,0.868828446568015,0.0,1230.9731,29.79644536972046,2523136,938,squad_prompting_ladder_isostep,squad_prompting,results/squad/prompting_ladder_isostep/metrics/result_1784837766.json,ladder_isostep
squad,prompting,lora,attention,4.0,8.0,2.0,0.0003,20000,high,iso_step,44,0.8679129465022054,0.0,1247.2999,29.78704166412353,2523136,938,squad_prompting_ladder_isostep,squad_prompting,results/squad/prompting_ladder_isostep/metrics/result_1784838799.json,ladder_isostep
squad,prompting,lora,attention,4.0,8.0,2.0,0.0001,50000,high,iso_step,42,0.8556062035792591,0.0,1217.3751,26.33417177200317,2523136,938,squad_prompting_ladder_isostep,squad_prompting,results/squad/prompting_ladder_isostep/metrics/result_1784838835.json,ladder_isostep
squad,prompting,lora,attention,4.0,8.0,2.0,0.0001,50000,high,iso_step,43,0.8557585665826082,0.0,1228.7099,29.665329933166504,2523136,938,squad_prompting_ladder_isostep,squad_prompting,results/squad/prompting_ladder_isostep/metrics/result_1784838895.json,ladder_isostep
squad,prompting,lora,attention,4.0,8.0,2.0,0.0001,50000,high,iso_step,44,0.859924145448187,0.0,1224.1396,26.397292137146,2523136,938,squad_prompting_ladder_isostep,squad_prompting,results/squad/prompting_ladder_isostep/metrics/result_1784839368.json,ladder_isostep
squad,prompting,lora,attention,4.0,8.0,2.0,0.0003,50000,high,iso_step,42,0.8671949540371541,0.0,1230.2953,26.33417177200317,2523136,938,squad_prompting_ladder_isostep,squad_prompting,results/squad/prompting_ladder_isostep/metrics/result_1784840408.json,ladder_isostep
squad,prompting,lora,attention,4.0,8.0,2.0,0.0003,50000,high,iso_step,43,0.8621971289863878,0.0,1222.8121,29.665329933166504,2523136,938,squad_prompting_ladder_isostep,squad_prompting,results/squad/prompting_ladder_isostep/metrics/result_1784840468.json,ladder_isostep
squad,prompting,lora,attention,4.0,8.0,2.0,0.0003,50000,high,iso_step,44,0.8638879649620064,0.0,1225.2339,26.397292137146,2523136,938,squad_prompting_ladder_isostep,squad_prompting,results/squad/prompting_ladder_isostep/metrics/result_1784840567.json,ladder_isostep
squad,prompting,lora,attention,8.0,16.0,2.0,0.0001,1000,low,iso_step,42,0.824328704681916,0.0,1246.6731,24.649582862854004,5046272,938,squad_prompting_ladder_isostep,squad_prompting,results/squad/prompting_ladder_isostep/metrics/result_1784840977.json,ladder_isostep
squad,prompting,lora,attention,8.0,16.0,2.0,0.0003,1000,low,iso_step,42,0.8337520316332342,0.0,1270.5082,24.649582862854004,5046272,938,squad_prompting_ladder_isostep,squad_prompting,results/squad/prompting_ladder_isostep/metrics/result_1784842246.json,ladder_isostep
squad,prompting,lora,attention,8.0,16.0,2.0,0.0001,1000,low,iso_step,43,0.819987794895482,0.0,1276.4444,24.647775173187256,5046272,938,squad_prompting_ladder_isostep,squad_prompting,results/squad/prompting_ladder_isostep/metrics/result_1784842420.json,ladder_isostep
squad,prompting,lora,attention,8.0,16.0,2.0,0.0001,1000,low,iso_step,44,0.8205622062119726,0.0,1287.2785,24.647775173187256,5046272,938,squad_prompting_ladder_isostep,squad_prompting,results/squad/prompting_ladder_isostep/metrics/result_1784842438.json,ladder_isostep
squad,prompting,lora,attention,8.0,16.0,2.0,0.0003,1000,low,iso_step,43,0.8265500410915075,0.0,1258.8059,24.647775173187256,5046272,938,squad_prompting_ladder_isostep,squad_prompting,results/squad/prompting_ladder_isostep/metrics/result_1784842662.json,ladder_isostep
squad,prompting,lora,attention,8.0,16.0,2.0,0.0001,5000,low,iso_step,43,0.8583866464254705,0.0,1209.778,25.591025352478027,5046272,938,squad_prompting_ladder_isostep,squad_prompting,results/squad/prompting_ladder_isostep/metrics/result_1784844087.json,ladder_isostep
squad,prompting,lora,attention,8.0,16.0,2.0,0.0001,5000,low,iso_step,42,0.8566124357559656,0.0,1210.1371,25.59082269668579,5046272,938,squad_prompting_ladder_isostep,squad_prompting,results/squad/prompting_ladder_isostep/metrics/result_1784844089.json,ladder_isostep
squad,prompting,lora,attention,8.0,16.0,2.0,0.0003,1000,low,iso_step,44,0.8220180459719165,0.0,1285.6834,24.647775173187256,5046272,938,squad_prompting_ladder_isostep,squad_prompting,results/squad/prompting_ladder_isostep/metrics/result_1784844123.json,ladder_isostep
squad,prompting,lora,attention,8.0,16.0,2.0,0.0001,5000,low,iso_step,44,0.8483684085924502,0.0,1208.9682,25.59103107452393,5046272,938,squad_prompting_ladder_isostep,squad_prompting,results/squad/prompting_ladder_isostep/metrics/result_1784844385.json,ladder_isostep
squad,prompting,lora,attention,8.0,16.0,2.0,0.0003,5000,low,iso_step,42,0.843235440362423,0.0,1206.6185,25.59082269668579,5046272,938,squad_prompting_ladder_isostep,squad_prompting,results/squad/prompting_ladder_isostep/metrics/result_1784845561.json,ladder_isostep
squad,prompting,lora,attention,8.0,16.0,2.0,0.0003,5000,low,iso_step,43,0.8482759606312041,0.0,1208.4672,25.591025352478027,5046272,938,squad_prompting_ladder_isostep,squad_prompting,results/squad/prompting_ladder_isostep/metrics/result_1784845564.json,ladder_isostep
squad,prompting,lora,attention,8.0,16.0,2.0,0.0003,5000,low,iso_step,44,0.8414046900811613,0.0,1212.3746,25.59103107452393,5046272,938,squad_prompting_ladder_isostep,squad_prompting,results/squad/prompting_ladder_isostep/metrics/result_1784845573.json,ladder_isostep
squad,prompting,lora,attention,8.0,16.0,2.0,0.0001,20000,high,iso_step,42,0.8629227617441714,0.0,1214.1169,29.819355010986328,5046272,938,squad_prompting_ladder_isostep,squad_prompting,results/squad/prompting_ladder_isostep/metrics/result_1784845993.json,ladder_isostep
squad,prompting,lora,attention,8.0,16.0,2.0,0.0003,20000,high,iso_step,42,0.8588718170223664,0.0,1216.5312,29.819355010986328,5046272,938,squad_prompting_ladder_isostep,squad_prompting,results/squad/prompting_ladder_isostep/metrics/result_1784847138.json,ladder_isostep
squad,prompting,lora,attention,8.0,16.0,2.0,0.0001,20000,high,iso_step,43,0.8644273210097115,0.0,1222.581,29.819356441497803,5046272,938,squad_prompting_ladder_isostep,squad_prompting,results/squad/prompting_ladder_isostep/metrics/result_1784847193.json,ladder_isostep
squad,prompting,lora,attention,8.0,16.0,2.0,0.0001,20000,high,iso_step,44,0.8622746765403178,0.0,1217.7488,29.80055332183838,5046272,938,squad_prompting_ladder_isostep,squad_prompting,results/squad/prompting_ladder_isostep/metrics/result_1784847234.json,ladder_isostep
squad,prompting,lora,attention,8.0,16.0,2.0,0.0003,20000,high,iso_step,43,0.8744298025220024,0.0,1215.1286,29.819356441497803,5046272,938,squad_prompting_ladder_isostep,squad_prompting,results/squad/prompting_ladder_isostep/metrics/result_1784847657.json,ladder_isostep
squad,prompting,lora,attention,8.0,16.0,2.0,0.0001,50000,high,iso_step,42,0.863288419750185,0.0,1208.8736,26.347683429718018,5046272,938,squad_prompting_ladder_isostep,squad_prompting,results/squad/prompting_ladder_isostep/metrics/result_1784848905.json,ladder_isostep
squad,prompting,lora,attention,8.0,16.0,2.0,0.0001,50000,high,iso_step,43,0.8594809109049525,0.0,1214.5988,29.678841590881348,5046272,938,squad_prompting_ladder_isostep,squad_prompting,results/squad/prompting_ladder_isostep/metrics/result_1784848908.json,ladder_isostep
squad,prompting,lora,attention,8.0,16.0,2.0,0.0003,20000,high,iso_step,44,0.8637728362998188,0.0,1238.4398,29.80055332183838,5046272,938,squad_prompting_ladder_isostep,squad_prompting,results/squad/prompting_ladder_isostep/metrics/result_1784848926.json,ladder_isostep
squad,prompting,lora,attention,8.0,16.0,2.0,0.0001,50000,high,iso_step,44,0.8590342275882689,0.0,1224.7954,26.41080379486084,5046272,938,squad_prompting_ladder_isostep,squad_prompting,results/squad/prompting_ladder_isostep/metrics/result_1784849286.json,ladder_isostep
squad,prompting,lora,attention,8.0,16.0,2.0,0.0003,50000,high,iso_step,42,0.8632442833712658,0.0,1206.7428,26.347683429718018,5046272,938,squad_prompting_ladder_isostep,squad_prompting,results/squad/prompting_ladder_isostep/metrics/result_1784850466.json,ladder_isostep
squad,prompting,lora,attention,8.0,16.0,2.0,0.0003,50000,high,iso_step,43,0.8679619475012061,0.0,1213.2693,29.678841590881348,5046272,938,squad_prompting_ladder_isostep,squad_prompting,results/squad/prompting_ladder_isostep/metrics/result_1784850562.json,ladder_isostep
squad,prompting,lora,attention,8.0,16.0,2.0,0.0003,50000,high,iso_step,44,0.8652203128073978,0.0,1210.6361,26.41080379486084,5046272,938,squad_prompting_ladder_isostep,squad_prompting,results/squad/prompting_ladder_isostep/metrics/result_1784850564.json,ladder_isostep
squad,prompting,lora,attention,16.0,32.0,2.0,0.0001,1000,low,iso_step,42,0.8236914761815163,0.0,1233.1473,24.69674015045166,10092544,938,squad_prompting_ladder_isostep,squad_prompting,results/squad/prompting_ladder_isostep/metrics/result_1784850841.json,ladder_isostep
squad,prompting,lora,attention,16.0,32.0,2.0,0.0003,1000,low,iso_step,42,0.8359218548489149,0.0,1229.7252,24.69674015045166,10092544,938,squad_prompting_ladder_isostep,squad_prompting,results/squad/prompting_ladder_isostep/metrics/result_1784852110.json,ladder_isostep
squad,prompting,lora,attention,16.0,32.0,2.0,0.0001,1000,low,iso_step,44,0.8296053813044129,0.0,1230.042,24.694932460784912,10092544,938,squad_prompting_ladder_isostep,squad_prompting,results/squad/prompting_ladder_isostep/metrics/result_1784852127.json,ladder_isostep
squad,prompting,lora,attention,16.0,32.0,2.0,0.0001,1000,low,iso_step,43,0.8166743612475725,0.0,1232.6807,24.694932460784912,10092544,938,squad_prompting_ladder_isostep,squad_prompting,results/squad/prompting_ladder_isostep/metrics/result_1784852164.json,ladder_isostep
squad,prompting,lora,attention,16.0,32.0,2.0,0.0003,1000,low,iso_step,43,0.8385661507529731,0.0,1229.2053,24.694932460784912,10092544,938,squad_prompting_ladder_isostep,squad_prompting,results/squad/prompting_ladder_isostep/metrics/result_1784852392.json,ladder_isostep
squad,prompting,lora,attention,16.0,32.0,2.0,0.0001,5000,low,iso_step,42,0.8519529057945945,0.0,1213.6651,25.637979984283447,10092544,938,squad_prompting_ladder_isostep,squad_prompting,results/squad/prompting_ladder_isostep/metrics/result_1784853640.json,ladder_isostep
squad,prompting,lora,attention,16.0,32.0,2.0,0.0003,1000,low,iso_step,44,0.8267617254941162,0.0,1231.0964,24.694932460784912,10092544,938,squad_prompting_ladder_isostep,squad_prompting,results/squad/prompting_ladder_isostep/metrics/result_1784853657.json,ladder_isostep
squad,prompting,lora,attention,16.0,32.0,2.0,0.0001,5000,low,iso_step,43,0.8519736789354443,0.0,1214.492,25.638182640075684,10092544,938,squad_prompting_ladder_isostep,squad_prompting,results/squad/prompting_ladder_isostep/metrics/result_1784853658.json,ladder_isostep
squad,prompting,lora,attention,16.0,32.0,2.0,0.0001,5000,low,iso_step,44,0.8491219334989162,0.0,1214.4411,25.638188362121586,10092544,938,squad_prompting_ladder_isostep,squad_prompting,results/squad/prompting_ladder_isostep/metrics/result_1784853979.json,ladder_isostep
squad,prompting,lora,attention,16.0,32.0,2.0,0.0003,5000,low,iso_step,44,0.8438725540690251,0.0,1225.8215,25.638188362121586,10092544,938,squad_prompting_ladder_isostep,squad_prompting,results/squad/prompting_ladder_isostep/metrics/result_1784855139.json,ladder_isostep
squad,prompting,lora,attention,16.0,32.0,2.0,0.0003,5000,low,iso_step,42,0.8524135196905022,0.0,1239.6101,25.637979984283447,10092544,938,squad_prompting_ladder_isostep,squad_prompting,results/squad/prompting_ladder_isostep/metrics/result_1784855206.json,ladder_isostep
squad,prompting,lora,attention,16.0,32.0,2.0,0.0003,5000,low,iso_step,43,0.8454795598736781,0.0,1241.2132,25.638182640075684,10092544,938,squad_prompting_ladder_isostep,squad_prompting,results/squad/prompting_ladder_isostep/metrics/result_1784855212.json,ladder_isostep
squad,prompting,lora,attention,16.0,32.0,2.0,0.0001,20000,high,iso_step,42,0.866713726335136,0.0,1237.6885,29.866512298583984,10092544,938,squad_prompting_ladder_isostep,squad_prompting,results/squad/prompting_ladder_isostep/metrics/result_1784855462.json,ladder_isostep
squad,prompting,lora,attention,16.0,32.0,2.0,0.0001,20000,high,iso_step,43,0.8677399455265725,0.0,1206.8492,29.86651372909546,10092544,938,squad_prompting_ladder_isostep,squad_prompting,results/squad/prompting_ladder_isostep/metrics/result_1784856663.json,ladder_isostep
squad,prompting,lora,attention,16.0,32.0,2.0,0.0001,20000,high,iso_step,44,0.859973132985833,0.0,1212.9942,29.828911781311035,10092544,938,squad_prompting_ladder_isostep,squad_prompting,results/squad/prompting_ladder_isostep/metrics/result_1784856672.json,ladder_isostep
squad,prompting,lora,attention,16.0,32.0,2.0,0.0003,20000,high,iso_step,42,0.8711574015311804,0.0,1217.422,29.866512298583984,10092544,938,squad_prompting_ladder_isostep,squad_prompting,results/squad/prompting_ladder_isostep/metrics/result_1784856762.json,ladder_isostep
squad,prompting,lora,attention,16.0,32.0,2.0,0.0003,20000,high,iso_step,43,0.8754773096042924,0.0,1231.6556,29.86651372909546,10092544,938,squad_prompting_ladder_isostep,squad_prompting,results/squad/prompting_ladder_isostep/metrics/result_1784856973.json,ladder_isostep
squad,prompting,lora,attention,16.0,32.0,2.0,0.0003,20000,high,iso_step,44,0.8738998925768752,0.0,1230.3042,29.828911781311035,10092544,938,squad_prompting_ladder_isostep,squad_prompting,results/squad/prompting_ladder_isostep/metrics/result_1784871341.json,ladder_isostep
squad,prompting,lora,attention,16.0,32.0,2.0,0.0001,50000,high,iso_step,42,0.8652140398532987,0.0,1220.6097,26.37604188919068,10092544,938,squad_prompting_ladder_isostep,squad_prompting,results/squad/prompting_ladder_isostep/metrics/result_1784871793.json,ladder_isostep
squad,prompting,lora,attention,16.0,32.0,2.0,0.0001,50000,high,iso_step,43,0.8621034217274632,0.0,1222.6988,29.707200050354004,10092544,938,squad_prompting_ladder_isostep,squad_prompting,results/squad/prompting_ladder_isostep/metrics/result_1784871806.json,ladder_isostep
squad,prompting,lora,attention,16.0,32.0,2.0,0.0001,50000,high,iso_step,44,0.8619005762002467,0.0,1219.4788,26.439162254333496,10092544,938,squad_prompting_ladder_isostep,squad_prompting,results/squad/prompting_ladder_isostep/metrics/result_1784871990.json,ladder_isostep
squad,prompting,lora,attention,16.0,32.0,2.0,0.0003,50000,high,iso_step,42,0.8692666702436528,0.0,1218.6443,26.37604188919068,10092544,938,squad_prompting_ladder_isostep,squad_prompting,results/squad/prompting_ladder_isostep/metrics/result_1784872951.json,ladder_isostep
squad,prompting,lora,attention,16.0,32.0,2.0,0.0003,50000,high,iso_step,44,0.8704960232577883,0.0,1217.2962,26.439162254333496,10092544,938,squad_prompting_ladder_isostep,squad_prompting,results/squad/prompting_ladder_isostep/metrics/result_1784873307.json,ladder_isostep
squad,prompting,lora,attention,16.0,32.0,2.0,0.0003,50000,high,iso_step,43,0.8575460242230066,0.0,1230.1562,29.707200050354004,10092544,938,squad_prompting_ladder_isostep,squad_prompting,results/squad/prompting_ladder_isostep/metrics/result_1784873325.json,ladder_isostep
squad,prompting,lora,attention,32.0,64.0,2.0,0.0001,1000,low,iso_step,42,0.8269732052210861,0.0,1240.9961,24.755166053771973,20185088,938,squad_prompting_ladder_isostep,squad_prompting,results/squad/prompting_ladder_isostep/metrics/result_1784873521.json,ladder_isostep
squad,prompting,lora,attention,32.0,64.0,2.0,0.0001,1000,low,iso_step,43,0.8307425224741805,0.0,1243.7725,24.753358364105225,20185088,938,squad_prompting_ladder_isostep,squad_prompting,results/squad/prompting_ladder_isostep/metrics/result_1784874582.json,ladder_isostep
squad,prompting,lora,attention,32.0,64.0,2.0,0.0001,1000,low,iso_step,44,0.8177385667162865,0.0,1242.5568,24.753358364105225,20185088,938,squad_prompting_ladder_isostep,squad_prompting,results/squad/prompting_ladder_isostep/metrics/result_1784874902.json,ladder_isostep
squad,prompting,lora,attention,32.0,64.0,2.0,0.0003,1000,low,iso_step,42,0.8284198999115886,0.0,1246.3649,24.755166053771973,20185088,938,squad_prompting_ladder_isostep,squad_prompting,results/squad/prompting_ladder_isostep/metrics/result_1784874932.json,ladder_isostep
squad,prompting,lora,attention,32.0,64.0,2.0,0.0003,1000,low,iso_step,43,0.8371032584456376,0.0,1243.6629,24.753358364105225,20185088,938,squad_prompting_ladder_isostep,squad_prompting,results/squad/prompting_ladder_isostep/metrics/result_1784875161.json,ladder_isostep
squad,prompting,lora,attention,32.0,64.0,2.0,0.0003,1000,low,iso_step,44,0.8290250171302607,0.0,1245.602,24.753358364105225,20185088,938,squad_prompting_ladder_isostep,squad_prompting,results/squad/prompting_ladder_isostep/metrics/result_1784876237.json,ladder_isostep
squad,prompting,lora,attention,32.0,64.0,2.0,0.0001,5000,low,iso_step,42,0.8517137100372402,0.0,1222.5029,25.69640588760376,20185088,938,squad_prompting_ladder_isostep,squad_prompting,results/squad/prompting_ladder_isostep/metrics/result_1784876532.json,ladder_isostep
squad,prompting,lora,attention,32.0,64.0,2.0,0.0001,5000,low,iso_step,44,0.834964212570607,0.0,1228.3503,25.69661426544189,20185088,938,squad_prompting_ladder_isostep,squad_prompting,results/squad/prompting_ladder_isostep/metrics/result_1784876668.json,ladder_isostep
squad,prompting,lora,attention,32.0,64.0,2.0,0.0001,5000,low,iso_step,43,0.8469310114721884,0.0,1232.3995,25.696608543396,20185088,938,squad_prompting_ladder_isostep,squad_prompting,results/squad/prompting_ladder_isostep/metrics/result_1784876670.json,ladder_isostep
squad,prompting,lora,attention,32.0,64.0,2.0,0.0003,5000,low,iso_step,42,0.8414875937645765,0.0,1231.2182,25.69640588760376,20185088,938,squad_prompting_ladder_isostep,squad_prompting,results/squad/prompting_ladder_isostep/metrics/result_1784877964.json,ladder_isostep
squad,prompting,lora,attention,32.0,64.0,2.0,0.0003,5000,low,iso_step,43,0.8368609214031217,0.0,1220.4818,25.696608543396,20185088,938,squad_prompting_ladder_isostep,squad_prompting,results/squad/prompting_ladder_isostep/metrics/result_1784878205.json,ladder_isostep
squad,prompting,lora,attention,32.0,64.0,2.0,0.0003,5000,low,iso_step,44,0.8495191399961225,0.0,1228.795,25.69661426544189,20185088,938,squad_prompting_ladder_isostep,squad_prompting,results/squad/prompting_ladder_isostep/metrics/result_1784878410.json,ladder_isostep
squad,prompting,lora,attention,32.0,64.0,2.0,0.0001,20000,high,iso_step,42,0.8690802400072224,0.0,1235.7337,29.924938201904297,20185088,938,squad_prompting_ladder_isostep,squad_prompting,results/squad/prompting_ladder_isostep/metrics/result_1784878414.json,ladder_isostep
squad,prompting,lora,attention,32.0,64.0,2.0,0.0001,20000,high,iso_step,43,0.8687739899135581,0.0,1222.0259,29.92493963241577,20185088,938,squad_prompting_ladder_isostep,squad_prompting,results/squad/prompting_ladder_isostep/metrics/result_1784879533.json,ladder_isostep
squad,prompting,lora,attention,32.0,64.0,2.0,0.0001,20000,high,iso_step,44,0.8645563426485422,0.0,1222.1417,29.849740028381348,20185088,938,squad_prompting_ladder_isostep,squad_prompting,results/squad/prompting_ladder_isostep/metrics/result_1784879768.json,ladder_isostep
squad,prompting,lora,attention,32.0,64.0,2.0,0.0003,20000,high,iso_step,42,0.8697528499424183,0.0,1229.6208,29.924938201904297,20185088,938,squad_prompting_ladder_isostep,squad_prompting,results/squad/prompting_ladder_isostep/metrics/result_1784880859.json,ladder_isostep
squad,prompting,lora,attention,32.0,64.0,2.0,0.0003,20000,high,iso_step,43,0.8658653441046026,0.0,1224.4357,29.92493963241577,20185088,938,squad_prompting_ladder_isostep,squad_prompting,results/squad/prompting_ladder_isostep/metrics/result_1784880860.json,ladder_isostep
squad,prompting,lora,attention,32.0,64.0,2.0,0.0003,20000,high,iso_step,44,0.8663707540825193,0.0,1224.1035,29.849740028381348,20185088,938,squad_prompting_ladder_isostep,squad_prompting,results/squad/prompting_ladder_isostep/metrics/result_1784881093.json,ladder_isostep
squad,prompting,lora,attention,32.0,64.0,2.0,0.0001,50000,high,iso_step,42,0.8655109870379694,0.0,1211.3635,26.396870136260983,20185088,938,squad_prompting_ladder_isostep,squad_prompting,results/squad/prompting_ladder_isostep/metrics/result_1784881306.json,ladder_isostep
squad,prompting,lora,attention,32.0,64.0,2.0,0.0001,50000,high,iso_step,44,0.8577955589952297,0.0,1226.4879,26.47181272506714,20185088,938,squad_prompting_ladder_isostep,squad_prompting,results/squad/prompting_ladder_isostep/metrics/result_1784882616.json,ladder_isostep
squad,prompting,lora,attention,32.0,64.0,2.0,0.0001,50000,high,iso_step,43,0.8627155550048136,0.0,1227.3874,29.72802829742432,20185088,938,squad_prompting_ladder_isostep,squad_prompting,results/squad/prompting_ladder_isostep/metrics/result_1784882617.json,ladder_isostep
squad,prompting,lora,attention,32.0,64.0,2.0,0.0003,50000,high,iso_step,42,0.871342616519599,0.0,1223.6253,26.396870136260983,20185088,938,squad_prompting_ladder_isostep,squad_prompting,results/squad/prompting_ladder_isostep/metrics/result_1784882673.json,ladder_isostep
squad,prompting,lora,attention,32.0,64.0,2.0,0.0003,50000,high,iso_step,43,0.8681357181749768,0.0,1221.9497,29.72802829742432,20185088,938,squad_prompting_ladder_isostep,squad_prompting,results/squad/prompting_ladder_isostep/metrics/result_1784882907.json,ladder_isostep
squad,prompting,lora,attention,32.0,64.0,2.0,0.0003,50000,high,iso_step,44,0.8730328834564133,0.0,1290.1022,26.47181272506714,20185088,938,squad_prompting_ladder_isostep,squad_prompting,results/squad/prompting_ladder_isostep/metrics/result_1784884505.json,ladder_isostep
squad,prompting,lora,attention,64.0,128.0,2.0,0.0001,1000,low,iso_step,43,0.8391179627678684,0.0,1310.214,24.905938625335693,40370176,938,squad_prompting_ladder_isostep,squad_prompting,results/squad/prompting_ladder_isostep/metrics/result_1784884540.json,ladder_isostep
squad,prompting,lora,attention,64.0,128.0,2.0,0.0001,1000,low,iso_step,42,0.8298947958728525,0.0,1309.0423,24.90774631500244,40370176,938,squad_prompting_ladder_isostep,squad_prompting,results/squad/prompting_ladder_isostep/metrics/result_1784884552.json,ladder_isostep
squad,prompting,lora,attention,64.0,128.0,2.0,0.0001,1000,low,iso_step,44,0.8242589562372293,0.0,1245.9835,24.905938625335693,40370176,938,squad_prompting_ladder_isostep,squad_prompting,results/squad/prompting_ladder_isostep/metrics/result_1784884563.json,ladder_isostep
squad,prompting,lora,attention,64.0,128.0,2.0,0.0001,5000,low,iso_step,42,0.8438123444609517,0.0,1218.9364,25.84898614883423,40370176,938,squad_prompting_ladder_isostep,squad_prompting,results/squad/prompting_ladder_isostep/metrics/result_1784886129.json,ladder_isostep
squad,prompting,lora,attention,64.0,128.0,2.0,0.0003,1000,low,iso_step,43,0.8261890582959173,0.0,1237.3224,24.905938625335693,40370176,938,squad_prompting_ladder_isostep,squad_prompting,results/squad/prompting_ladder_isostep/metrics/result_1784886140.json,ladder_isostep
squad,prompting,lora,attention,64.0,128.0,2.0,0.0003,1000,low,iso_step,44,0.8478674827953944,0.0,1237.1001,24.905938625335693,40370176,938,squad_prompting_ladder_isostep,squad_prompting,results/squad/prompting_ladder_isostep/metrics/result_1784886145.json,ladder_isostep
squad,prompting,lora,attention,64.0,128.0,2.0,0.0003,1000,low,iso_step,42,0.8277280598202598,0.0,1237.7997,24.90774631500244,40370176,938,squad_prompting_ladder_isostep,squad_prompting,results/squad/prompting_ladder_isostep/metrics/result_1784886147.json,ladder_isostep
squad,prompting,lora,attention,64.0,128.0,2.0,0.0001,5000,low,iso_step,44,0.8336339064721792,0.0,1217.3479,25.849194526672363,40370176,938,squad_prompting_ladder_isostep,squad_prompting,results/squad/prompting_ladder_isostep/metrics/result_1784887695.json,ladder_isostep
squad,prompting,lora,attention,64.0,128.0,2.0,0.0001,5000,low,iso_step,43,0.8556947597065249,0.0,1221.494,25.849188804626465,40370176,938,squad_prompting_ladder_isostep,squad_prompting,results/squad/prompting_ladder_isostep/metrics/result_1784887696.json,ladder_isostep
squad,prompting,lora,attention,64.0,128.0,2.0,0.0003,5000,low,iso_step,43,0.8553733861668913,0.0,1218.9737,25.849188804626465,40370176,938,squad_prompting_ladder_isostep,squad_prompting,results/squad/prompting_ladder_isostep/metrics/result_1784887698.json,ladder_isostep
squad,prompting,lora,attention,64.0,128.0,2.0,0.0001,20000,high,iso_step,43,0.8726358003253688,0.0,1213.081,30.07751989364624,40370176,938,squad_prompting_ladder_isostep,squad_prompting,results/squad/prompting_ladder_isostep/metrics/result_1784889208.json,ladder_isostep
squad,prompting,lora,attention,64.0,128.0,2.0,0.0001,20000,high,iso_step,44,0.8633054481324307,0.0,1217.7452,29.927124977111816,40370176,938,squad_prompting_ladder_isostep,squad_prompting,results/squad/prompting_ladder_isostep/metrics/result_1784889215.json,ladder_isostep
squad,prompting,lora,attention,64.0,128.0,2.0,0.0001,20000,high,iso_step,42,0.8715892988869068,0.0,1224.8725,30.07751846313477,40370176,938,squad_prompting_ladder_isostep,squad_prompting,results/squad/prompting_ladder_isostep/metrics/result_1784889217.json,ladder_isostep
squad,prompting,lora,attention,64.0,128.0,2.0,0.0003,5000,low,iso_step,44,0.853006028148228,0.0,1221.96,25.849194526672363,40370176,938,squad_prompting_ladder_isostep,squad_prompting,results/squad/prompting_ladder_isostep/metrics/result_1784889221.json,ladder_isostep
squad,prompting,lora,attention,64.0,128.0,2.0,0.0003,20000,high,iso_step,42,0.8610053702291488,0.0,1285.0831,30.07751846313477,40370176,938,squad_prompting_ladder_isostep,squad_prompting,results/squad/prompting_ladder_isostep/metrics/result_1784890998.json,ladder_isostep
squad,prompting,lora,attention,64.0,128.0,2.0,0.0003,20000,high,iso_step,43,0.814798749588008,0.0,1281.2593,30.07751989364624,40370176,938,squad_prompting_ladder_isostep,squad_prompting,results/squad/prompting_ladder_isostep/metrics/result_1784891187.json,ladder_isostep
squad,prompting,lora,attention,64.0,128.0,2.0,0.0003,20000,high,iso_step,44,0.8497250275867926,0.0,1217.9167,29.927124977111816,40370176,938,squad_prompting_ladder_isostep,squad_prompting,results/squad/prompting_ladder_isostep/metrics/result_1784892607.json,ladder_isostep
squad,prompting,lora,attention,64.0,128.0,2.0,0.0001,50000,high,iso_step,44,0.8692113123165558,0.0,1222.1191,26.624392986297607,40370176,938,squad_prompting_ladder_isostep,squad_prompting,results/squad/prompting_ladder_isostep/metrics/result_1784892943.json,ladder_isostep
squad,prompting,lora,attention,64.0,128.0,2.0,0.0001,50000,high,iso_step,43,0.8738380436273024,0.0,1234.8593,29.805413246154785,40370176,938,squad_prompting_ladder_isostep,squad_prompting,results/squad/prompting_ladder_isostep/metrics/result_1784892955.json,ladder_isostep
squad,prompting,lora,attention,64.0,128.0,2.0,0.0001,50000,high,iso_step,42,0.8713042317159969,0.0,1273.4628,26.47425508499145,40370176,938,squad_prompting_ladder_isostep,squad_prompting,results/squad/prompting_ladder_isostep/metrics/result_1784893137.json,ladder_isostep
squad,prompting,lora,attention,64.0,128.0,2.0,0.0003,50000,high,iso_step,42,0.8638285750055575,0.0,1211.2486,26.47425508499145,40370176,938,squad_prompting_ladder_isostep,squad_prompting,results/squad/prompting_ladder_isostep/metrics/result_1784894227.json,ladder_isostep
squad,prompting,lora,attention,64.0,128.0,2.0,0.0003,50000,high,iso_step,44,0.868453159911984,0.0,1225.7723,26.624392986297607,40370176,938,squad_prompting_ladder_isostep,squad_prompting,results/squad/prompting_ladder_isostep/metrics/result_1784894465.json,ladder_isostep
squad,prompting,lora,attention,64.0,128.0,2.0,0.0003,50000,high,iso_step,43,0.8642970032439857,0.0,1233.2373,29.805413246154785,40370176,938,squad_prompting_ladder_isostep,squad_prompting,results/squad/prompting_ladder_isostep/metrics/result_1784894491.json,ladder_isostep
squad,prompting,lora,attention,4.0,8.0,2.0,0.0001,20000,high,iso_step,43,0.8616499588294081,0.0,1227.458,29.79644536972046,2523136,938,squad_prompting_ladder_isostep,squad_prompting,results/squad/prompting_ladder_isostep/metrics/result_1785099687685596745_2744434.json,ladder_isostep
squad,prompting,lora,attention,64.0,128.0,2.0,0.0003,5000,low,iso_step,42,0.8412436552554203,0.0,1236.2459,25.84898614883423,40370176,938,squad_prompting_ladder_isostep,squad_prompting,results/squad/prompting_ladder_isostep/metrics/result_1785099701057537574_2744435.json,ladder_isostep
squad,prompting,lora,full,4.0,8.0,2.0,0.0001,1000,low,iso_step,42,0.8298547773437736,0.0,1648.7252,24.698067665100098,10092544,938,squad_prompting_ladder_isostep_full,squad_prompting,results/squad/prompting_ladder_isostep_full/metrics/result_1785753301266694059_1492667.json,ladder_isostep_full
squad,prompting,lora,full,4.0,8.0,2.0,0.0001,1000,low,iso_step,43,0.8246819743723774,0.0,1660.8266,24.69568014144897,10092544,938,squad_prompting_ladder_isostep_full,squad_prompting,results/squad/prompting_ladder_isostep_full/metrics/result_1785753577788504643_2395485.json,ladder_isostep_full
squad,prompting,lora,full,4.0,8.0,2.0,0.0001,1000,low,iso_step,44,0.8228318404483302,0.0,1648.218,24.69568014144897,10092544,938,squad_prompting_ladder_isostep_full,squad_prompting,results/squad/prompting_ladder_isostep_full/metrics/result_1785754478438460878_440850.json,ladder_isostep_full
squad,prompting,lora,full,4.0,8.0,2.0,0.0003,1000,low,iso_step,42,0.8334134640011249,0.0,1651.1071,24.698067665100098,10092544,938,squad_prompting_ladder_isostep_full,squad_prompting,results/squad/prompting_ladder_isostep_full/metrics/result_1785755213168967919_1498924.json,ladder_isostep_full
squad,prompting,lora,full,4.0,8.0,2.0,0.0003,1000,low,iso_step,43,0.8392896135558752,0.0,1661.526,24.69568014144897,10092544,938,squad_prompting_ladder_isostep_full,squad_prompting,results/squad/prompting_ladder_isostep_full/metrics/result_1785755510883620583_2401014.json,ladder_isostep_full
squad,prompting,lora,full,4.0,8.0,2.0,0.0003,1000,low,iso_step,44,0.8352543072017505,0.0,1648.7356,24.69568014144897,10092544,938,squad_prompting_ladder_isostep_full,squad_prompting,results/squad/prompting_ladder_isostep_full/metrics/result_1785756426703202534_445829.json,ladder_isostep_full
squad,prompting,lora,full,4.0,8.0,2.0,0.0001,5000,low,iso_step,42,0.8437068923309338,0.0,1624.1417,25.63872766494751,10092544,938,squad_prompting_ladder_isostep_full,squad_prompting,results/squad/prompting_ladder_isostep_full/metrics/result_1785757105897533631_1505092.json,ladder_isostep_full
squad,prompting,lora,full,4.0,8.0,2.0,0.0001,5000,low,iso_step,43,0.8390511730099969,0.0,1646.9048,25.638930320739743,10092544,938,squad_prompting_ladder_isostep_full,squad_prompting,results/squad/prompting_ladder_isostep_full/metrics/result_1785757451731350986_2408546.json,ladder_isostep_full
squad,prompting,lora,full,4.0,8.0,2.0,0.0001,5000,low,iso_step,44,0.8343060274952866,0.0,1634.9942,25.638936042785645,10092544,938,squad_prompting_ladder_isostep_full,squad_prompting,results/squad/prompting_ladder_isostep_full/metrics/result_1785758472247370311_92404.json,ladder_isostep_full
squad,prompting,lora,full,4.0,8.0,2.0,0.0003,5000,low,iso_step,42,0.8480218555601287,0.0,1663.9942,25.63872766494751,10092544,938,squad_prompting_ladder_isostep_full,squad_prompting,results/squad/prompting_ladder_isostep_full/metrics/result_1785758884357809647_2413108.json,ladder_isostep_full
squad,prompting,lora,full,4.0,8.0,2.0,0.0003,5000,low,iso_step,43,0.8392432270202096,0.0,1624.094,25.638930320739743,10092544,938,squad_prompting_ladder_isostep_full,squad_prompting,results/squad/prompting_ladder_isostep_full/metrics/result_1785759031206022126_1509163.json,ladder_isostep_full
squad,prompting,lora,full,4.0,8.0,2.0,0.0003,5000,low,iso_step,44,0.8478005385196262,0.0,1641.5367,25.638936042785645,10092544,938,squad_prompting_ladder_isostep_full,squad_prompting,results/squad/prompting_ladder_isostep_full/metrics/result_1785759370160141908_3840868.json,ladder_isostep_full
squad,prompting,lora,full,4.0,8.0,2.0,0.0001,20000,high,iso_step,42,0.8640700144914242,0.0,1651.9811,29.867259979248047,10092544,938,squad_prompting_ladder_isostep_full,squad_prompting,results/squad/prompting_ladder_isostep_full/metrics/result_1785760528143975226_2420107.json,ladder_isostep_full
squad,prompting,lora,full,4.0,8.0,2.0,0.0001,20000,high,iso_step,43,0.867837126776695,0.0,1636.5193,29.86726140975952,10092544,938,squad_prompting_ladder_isostep_full,squad_prompting,results/squad/prompting_ladder_isostep_full/metrics/result_1785760790983125128_2422099.json,ladder_isostep_full
squad,prompting,lora,full,4.0,8.0,2.0,0.0001,20000,high,iso_step,44,0.8543146416186829,0.0,1637.2633,29.829659461975098,10092544,938,squad_prompting_ladder_isostep_full,squad_prompting,results/squad/prompting_ladder_isostep_full/metrics/result_1785761062668467219_2423964.json,ladder_isostep_full
squad,prompting,lora,full,4.0,8.0,2.0,0.0003,20000,high,iso_step,42,0.859144886471869,0.0,1633.5875,29.867259979248047,10092544,938,squad_prompting_ladder_isostep_full,squad_prompting,results/squad/prompting_ladder_isostep_full/metrics/result_1785761348481036339_101252.json,ladder_isostep_full
squad,prompting,lora,full,4.0,8.0,2.0,0.0003,20000,high,iso_step,43,0.8679708715978539,0.0,1626.536,29.86726140975952,10092544,938,squad_prompting_ladder_isostep_full,squad_prompting,results/squad/prompting_ladder_isostep_full/metrics/result_1785762437154001232_2426933.json,ladder_isostep_full
squad,prompting,lora,full,4.0,8.0,2.0,0.0003,20000,high,iso_step,44,0.8693155213925039,0.0,1630.7826,29.829659461975098,10092544,938,squad_prompting_ladder_isostep_full,squad_prompting,results/squad/prompting_ladder_isostep_full/metrics/result_1785762696336127198_2428126.json,ladder_isostep_full
squad,prompting,lora,full,4.0,8.0,2.0,0.0001,50000,high,iso_step,42,0.8706330306947958,0.0,1627.022,26.376789569854736,10092544,938,squad_prompting_ladder_isostep_full,squad_prompting,results/squad/prompting_ladder_isostep_full/metrics/result_1785762970473307210_2429221.json,ladder_isostep_full
squad,prompting,lora,full,4.0,8.0,2.0,0.0001,50000,high,iso_step,43,0.8670451466691881,0.0,1636.5455,29.707947731018063,10092544,938,squad_prompting_ladder_isostep_full,squad_prompting,results/squad/prompting_ladder_isostep_full/metrics/result_1785763269731907697_107223.json,ladder_isostep_full
squad,prompting,lora,full,4.0,8.0,2.0,0.0001,50000,high,iso_step,44,0.8639052199292614,0.0,1633.0901,26.442198753356934,10092544,938,squad_prompting_ladder_isostep_full,squad_prompting,results/squad/prompting_ladder_isostep_full/metrics/result_1785764341238138827_2432358.json,ladder_isostep_full
squad,prompting,lora,full,4.0,8.0,2.0,0.0003,50000,high,iso_step,42,0.8775899867821869,0.0,1625.2512,26.376789569854736,10092544,938,squad_prompting_ladder_isostep_full,squad_prompting,results/squad/prompting_ladder_isostep_full/metrics/result_1785764599048523281_2433468.json,ladder_isostep_full
squad,prompting,lora,full,4.0,8.0,2.0,0.0003,50000,high,iso_step,43,0.8718612315504901,0.0,1643.7647,29.707947731018063,10092544,938,squad_prompting_ladder_isostep_full,squad_prompting,results/squad/prompting_ladder_isostep_full/metrics/result_1785764878120263312_2434743.json,ladder_isostep_full
squad,prompting,lora,full,4.0,8.0,2.0,0.0003,50000,high,iso_step,44,0.8567465215517648,0.0,1630.7525,26.442198753356934,10092544,938,squad_prompting_ladder_isostep_full,squad_prompting,results/squad/prompting_ladder_isostep_full/metrics/result_1785765176492738367_114041.json,ladder_isostep_full
squad,prompting,lora,full,8.0,16.0,2.0,0.0001,1000,low,iso_step,42,0.8296894647084962,0.0,1634.7588,24.767922401428223,20185088,938,squad_prompting_ladder_isostep_full,squad_prompting,results/squad/prompting_ladder_isostep_full/metrics/result_1785766347651339196_2439321.json,ladder_isostep_full
squad,prompting,lora,full,8.0,16.0,2.0,0.0001,1000,low,iso_step,43,0.8283092547700178,0.0,1636.443,24.7655348777771,20185088,938,squad_prompting_ladder_isostep_full,squad_prompting,results/squad/prompting_ladder_isostep_full/metrics/result_1785766521726053349_2440377.json,ladder_isostep_full
squad,prompting,lora,full,8.0,16.0,2.0,0.0001,1000,low,iso_step,44,0.8333336769460078,0.0,1642.0756,24.7655348777771,20185088,938,squad_prompting_ladder_isostep_full,squad_prompting,results/squad/prompting_ladder_isostep_full/metrics/result_1785766795220202184_2441577.json,ladder_isostep_full
squad,prompting,lora,full,8.0,16.0,2.0,0.0003,1000,low,iso_step,42,0.8390216837486665,0.0,1629.9014,24.767922401428223,20185088,938,squad_prompting_ladder_isostep_full,squad_prompting,results/squad/prompting_ladder_isostep_full/metrics/result_1785767080798829443_121783.json,ladder_isostep_full
squad,prompting,lora,full,8.0,16.0,2.0,0.0003,1000,low,iso_step,43,0.8395048066457211,0.0,1644.4979,24.7655348777771,20185088,938,squad_prompting_ladder_isostep_full,squad_prompting,results/squad/prompting_ladder_isostep_full/metrics/result_1785768278030652711_2446212.json,ladder_isostep_full
squad,prompting,lora,full,8.0,16.0,2.0,0.0003,1000,low,iso_step,44,0.8424707866295029,0.0,1643.9381,24.7655348777771,20185088,938,squad_prompting_ladder_isostep_full,squad_prompting,results/squad/prompting_ladder_isostep_full/metrics/result_1785768465907287592_2447209.json,ladder_isostep_full
squad,prompting,lora,full,8.0,16.0,2.0,0.0001,5000,low,iso_step,42,0.842228140501408,0.0,1620.9204,25.708582401275635,20185088,938,squad_prompting_ladder_isostep_full,squad_prompting,results/squad/prompting_ladder_isostep_full/metrics/result_1785768690495180130_2448492.json,ladder_isostep_full
squad,prompting,lora,full,8.0,16.0,2.0,0.0001,5000,low,iso_step,43,0.8482191150544466,0.0,1613.7907,25.70878505706787,20185088,938,squad_prompting_ladder_isostep_full,squad_prompting,results/squad/prompting_ladder_isostep_full/metrics/result_1785769085413033072_2449719.json,ladder_isostep_full
squad,prompting,lora,full,8.0,16.0,2.0,0.0001,5000,low,iso_step,44,0.8375726743844395,0.0,1619.2982,25.70879077911377,20185088,938,squad_prompting_ladder_isostep_full,squad_prompting,results/squad/prompting_ladder_isostep_full/metrics/result_1785770159559571811_2452450.json,ladder_isostep_full
squad,prompting,lora,full,8.0,16.0,2.0,0.0003,5000,low,iso_step,42,0.8459621698707315,0.0,1611.7707,25.708582401275635,20185088,938,squad_prompting_ladder_isostep_full,squad_prompting,results/squad/prompting_ladder_isostep_full/metrics/result_1785770356095098108_2453468.json,ladder_isostep_full
squad,prompting,lora,full,8.0,16.0,2.0,0.0003,5000,low,iso_step,43,0.8522153789423612,0.0,1607.3857,25.70878505706787,20185088,938,squad_prompting_ladder_isostep_full,squad_prompting,results/squad/prompting_ladder_isostep_full/metrics/result_1785770580467245722_481945.json,ladder_isostep_full
squad,prompting,lora,full,8.0,16.0,2.0,0.0003,5000,low,iso_step,44,0.8504840639610467,0.0,1609.2486,25.70854663848877,20185088,938,squad_prompting_ladder_isostep_full,squad_prompting,results/squad/prompting_ladder_isostep_full/metrics/result_1785770954732398251_2456873.json,ladder_isostep_full
squad,prompting,lora,full,8.0,16.0,2.0,0.0001,20000,high,iso_step,42,0.8645865994574372,0.0,1619.5727,29.93711471557617,20185088,938,squad_prompting_ladder_isostep_full,squad_prompting,results/squad/prompting_ladder_isostep_full/metrics/result_1785772039238801280_2459487.json,ladder_isostep_full
squad,prompting,lora,full,8.0,16.0,2.0,0.0001,20000,high,iso_step,43,0.8708946376868373,0.0,1603.2964,29.937116146087646,20185088,938,squad_prompting_ladder_isostep_full,squad_prompting,results/squad/prompting_ladder_isostep_full/metrics/result_1785772227576141130_2460566.json,ladder_isostep_full
squad,prompting,lora,full,8.0,16.0,2.0,0.0001,20000,high,iso_step,44,0.8630978234042178,0.0,1608.2429,29.861916542053223,20185088,938,squad_prompting_ladder_isostep_full,squad_prompting,results/squad/prompting_ladder_isostep_full/metrics/result_1785772456987456639_486001.json,ladder_isostep_full
squad,prompting,lora,full,8.0,16.0,2.0,0.0003,20000,high,iso_step,42,0.8700761839183838,0.0,1617.3337,29.93711471557617,20185088,938,squad_prompting_ladder_isostep_full,squad_prompting,results/squad/prompting_ladder_isostep_full/metrics/result_1785772842114719135_2462261.json,ladder_isostep_full
squad,prompting,lora,full,8.0,16.0,2.0,0.0003,20000,high,iso_step,43,0.8751110415728067,0.0,1618.2363,29.937116146087646,20185088,938,squad_prompting_ladder_isostep_full,squad_prompting,results/squad/prompting_ladder_isostep_full/metrics/result_1785773915046296357_2464827.json,ladder_isostep_full
squad,prompting,lora,full,8.0,16.0,2.0,0.0003,20000,high,iso_step,44,0.8663437033554685,0.0,1610.7069,29.861916542053223,20185088,938,squad_prompting_ladder_isostep_full,squad_prompting,results/squad/prompting_ladder_isostep_full/metrics/result_1785774101183706926_147325.json,ladder_isostep_full
squad,prompting,lora,full,8.0,16.0,2.0,0.0001,50000,high,iso_step,42,0.8729191399961224,0.0,1636.4539,26.40904664993286,20185088,938,squad_prompting_ladder_isostep_full,squad_prompting,results/squad/prompting_ladder_isostep_full/metrics/result_1785774428088002901_875631.json,ladder_isostep_full
squad,prompting,lora,full,8.0,16.0,2.0,0.0001,50000,high,iso_step,43,0.8740474554714969,0.0,1667.9771,29.74020481109619,20185088,938,squad_prompting_ladder_isostep_full,squad_prompting,results/squad/prompting_ladder_isostep_full/metrics/result_1785775021134286532_2468380.json,ladder_isostep_full
squad,prompting,lora,full,8.0,16.0,2.0,0.0001,50000,high,iso_step,44,0.8665453387476412,0.0,1608.6243,26.483989238739014,20185088,938,squad_prompting_ladder_isostep_full,squad_prompting,results/squad/prompting_ladder_isostep_full/metrics/result_1785775783406116206_3473049.json,ladder_isostep_full
squad,prompting,lora,full,8.0,16.0,2.0,0.0003,50000,high,iso_step,42,0.8717711879481705,0.0,1596.2428,26.40904664993286,20185088,938,squad_prompting_ladder_isostep_full,squad_prompting,results/squad/prompting_ladder_isostep_full/metrics/result_1785775983671586966_153700.json,ladder_isostep_full
squad,prompting,lora,full,8.0,16.0,2.0,0.0003,50000,high,iso_step,43,0.874311037300296,0.0,1615.1313,29.74020481109619,20185088,938,squad_prompting_ladder_isostep_full,squad_prompting,results/squad/prompting_ladder_isostep_full/metrics/result_1785776366910727371_885252.json,ladder_isostep_full
squad,prompting,lora,full,8.0,16.0,2.0,0.0003,50000,high,iso_step,44,0.8664331021919262,0.0,1601.0617,26.483989238739014,20185088,938,squad_prompting_ladder_isostep_full,squad_prompting,results/squad/prompting_ladder_isostep_full/metrics/result_1785777015003235400_495401.json,ladder_isostep_full
squad,prompting,lora,full,16.0,32.0,2.0,0.0001,1000,low,iso_step,42,0.8314208588288016,0.0,1702.0075,24.9547119140625,40370176,938,squad_prompting_ladder_isostep_full,squad_prompting,results/squad/prompting_ladder_isostep_full/metrics/result_1785777968171782719_3478697.json,ladder_isostep_full
squad,prompting,lora,full,16.0,32.0,2.0,0.0001,1000,low,iso_step,43,0.8339926461246092,0.0,1645.7831,24.955368041992188,40370176,938,squad_prompting_ladder_isostep_full,squad_prompting,results/squad/prompting_ladder_isostep_full/metrics/result_1785778071410099172_159160.json,ladder_isostep_full
squad,prompting,lora,full,16.0,32.0,2.0,0.0001,1000,low,iso_step,44,0.824381525388508,0.0,1636.9571,24.95465850830078,40370176,938,squad_prompting_ladder_isostep_full,squad_prompting,results/squad/prompting_ladder_isostep_full/metrics/result_1785778281067141370_892108.json,ladder_isostep_full
squad,prompting,lora,full,16.0,32.0,2.0,0.0003,1000,low,iso_step,42,0.8209877546288239,0.0,1635.4928,24.9547119140625,40370176,938,squad_prompting_ladder_isostep_full,squad_prompting,results/squad/prompting_ladder_isostep_full/metrics/result_1785778947947747378_3914543.json,ladder_isostep_full
squad,prompting,lora,full,16.0,32.0,2.0,0.0003,1000,low,iso_step,43,0.83695446950621,0.0,1638.0435,24.955368041992188,40370176,938,squad_prompting_ladder_isostep_full,squad_prompting,results/squad/prompting_ladder_isostep_full/metrics/result_1785779917807993730_164745.json,ladder_isostep_full
squad,prompting,lora,full,16.0,32.0,2.0,0.0003,1000,low,iso_step,44,0.8271677642408197,0.0,1633.9959,24.95465850830078,40370176,938,squad_prompting_ladder_isostep_full,squad_prompting,results/squad/prompting_ladder_isostep_full/metrics/result_1785779992827694942_165663.json,ladder_isostep_full
squad,prompting,lora,full,16.0,32.0,2.0,0.0001,5000,low,iso_step,42,0.8483390403686545,0.0,1609.7495,25.890531539916992,40370176,938,squad_prompting_ladder_isostep_full,squad_prompting,results/squad/prompting_ladder_isostep_full/metrics/result_1785780382664237739_897565.json,ladder_isostep_full
squad,prompting,lora,full,16.0,32.0,2.0,0.0001,5000,low,iso_step,43,0.8374465866235692,0.0,1615.098,25.893614768981934,40370176,938,squad_prompting_ladder_isostep_full,squad_prompting,results/squad/prompting_ladder_isostep_full/metrics/result_1785780886434872854_3920692.json,ladder_isostep_full
squad,prompting,lora,full,16.0,32.0,2.0,0.0001,5000,low,iso_step,44,0.8463014789132441,0.0,1674.0322,25.89012622833252,40370176,938,squad_prompting_ladder_isostep_full,squad_prompting,results/squad/prompting_ladder_isostep_full/metrics/result_1785781965636715824_170808.json,ladder_isostep_full
squad,prompting,lora,full,16.0,32.0,2.0,0.0003,5000,low,iso_step,42,0.8484386649156475,0.0,1659.0977,25.890531539916992,40370176,938,squad_prompting_ladder_isostep_full,squad_prompting,results/squad/prompting_ladder_isostep_full/metrics/result_1785782223188449895_2482365.json,ladder_isostep_full
squad,prompting,lora,full,16.0,32.0,2.0,0.0003,5000,low,iso_step,43,0.8462951316373315,0.0,1616.2532,25.893614768981934,40370176,938,squad_prompting_ladder_isostep_full,squad_prompting,results/squad/prompting_ladder_isostep_full/metrics/result_1785782368860614248_903520.json,ladder_isostep_full
squad,prompting,lora,full,16.0,32.0,2.0,0.0003,5000,low,iso_step,44,0.8519830716200539,0.0,1614.0215,25.89012622833252,40370176,938,squad_prompting_ladder_isostep_full,squad_prompting,results/squad/prompting_ladder_isostep_full/metrics/result_1785782813993013585_3925730.json,ladder_isostep_full
squad,prompting,lora,full,16.0,32.0,2.0,0.0001,20000,high,iso_step,42,0.8668872406605078,0.0,1624.1447,30.112754821777344,40370176,938,squad_prompting_ladder_isostep_full,squad_prompting,results/squad/prompting_ladder_isostep_full/metrics/result_1785783900713705065_178601.json,ladder_isostep_full
squad,prompting,lora,full,16.0,32.0,2.0,0.0001,20000,high,iso_step,43,0.8732940636306908,0.0,1645.1349,30.11649942398072,40370176,938,squad_prompting_ladder_isostep_full,squad_prompting,results/squad/prompting_ladder_isostep_full/metrics/result_1785784307169456139_2488385.json,ladder_isostep_full
squad,prompting,lora,full,16.0,32.0,2.0,0.0001,20000,high,iso_step,44,0.8694381921999572,0.0,1615.821,29.953469276428223,40370176,938,squad_prompting_ladder_isostep_full,squad_prompting,results/squad/prompting_ladder_isostep_full/metrics/result_1785784440248220466_911268.json,ladder_isostep_full
squad,prompting,lora,full,16.0,32.0,2.0,0.0003,20000,high,iso_step,42,0.8684040883810711,0.0,1628.7562,30.112754821777344,40370176,938,squad_prompting_ladder_isostep_full,squad_prompting,results/squad/prompting_ladder_isostep_full/metrics/result_1785784719047508340_3930469.json,ladder_isostep_full
squad,prompting,lora,full,16.0,32.0,2.0,0.0003,20000,high,iso_step,43,0.8723058921328745,0.0,1621.5584,30.11649942398072,40370176,938,squad_prompting_ladder_isostep_full,squad_prompting,results/squad/prompting_ladder_isostep_full/metrics/result_1785785789517679464_4093642.json,ladder_isostep_full
squad,prompting,lora,full,16.0,32.0,2.0,0.0003,20000,high,iso_step,44,0.8692901033323032,0.0,1655.4835,29.953469276428223,40370176,938,squad_prompting_ladder_isostep_full,squad_prompting,results/squad/prompting_ladder_isostep_full/metrics/result_1785786410317520081_187875.json,ladder_isostep_full
squad,prompting,lora,full,16.0,32.0,2.0,0.0001,50000,high,iso_step,42,0.8751130229247882,0.0,1626.7404,26.50035524368286,40370176,938,squad_prompting_ladder_isostep_full,squad_prompting,results/squad/prompting_ladder_isostep_full/metrics/result_1785786442083441951_2495904.json,ladder_isostep_full
squad,prompting,lora,full,16.0,32.0,2.0,0.0001,50000,high,iso_step,43,0.8741042514935101,0.0,1654.8105,29.83175754547119,40370176,938,squad_prompting_ladder_isostep_full,squad_prompting,results/squad/prompting_ladder_isostep_full/metrics/result_1785786694471727686_4112044.json,ladder_isostep_full
squad,prompting,lora,full,16.0,32.0,2.0,0.0001,50000,high,iso_step,44,0.8654135188131896,0.0,1618.8233,26.661189079284668,40370176,938,squad_prompting_ladder_isostep_full,squad_prompting,results/squad/prompting_ladder_isostep_full/metrics/result_1785787794795888387_950999.json,ladder_isostep_full
squad,prompting,lora,full,16.0,32.0,2.0,0.0003,50000,high,iso_step,42,0.8724121691891517,0.0,1609.1397,26.50035524368286,40370176,938,squad_prompting_ladder_isostep_full,squad_prompting,results/squad/prompting_ladder_isostep_full/metrics/result_1785788361512830494_2528030.json,ladder_isostep_full
squad,prompting,lora,full,16.0,32.0,2.0,0.0003,50000,high,iso_step,43,0.8694256837649426,0.0,1631.0017,29.83175754547119,40370176,938,squad_prompting_ladder_isostep_full,squad_prompting,results/squad/prompting_ladder_isostep_full/metrics/result_1785788381768015106_3950278.json,ladder_isostep_full
squad,prompting,lora,full,16.0,32.0,2.0,0.0003,50000,high,iso_step,44,0.879979417641183,0.0,1675.6644,26.661189079284668,40370176,938,squad_prompting_ladder_isostep_full,squad_prompting,results/squad/prompting_ladder_isostep_full/metrics/result_1785788907469109528_4139334.json,ladder_isostep_full
squad,prompting,lora,full,32.0,64.0,2.0,0.0001,1000,low,iso_step,42,0.8374787091008531,0.0,1645.2773,25.22187614440918,80740352,938,squad_prompting_ladder_isostep_full,squad_prompting,results/squad/prompting_ladder_isostep_full/metrics/result_1785789783832773755_969136.json,ladder_isostep_full
squad,prompting,lora,full,32.0,64.0,2.0,0.0001,1000,low,iso_step,43,0.8421932350154093,0.0,1649.5054,25.22221851348877,80740352,938,squad_prompting_ladder_isostep_full,squad_prompting,results/squad/prompting_ladder_isostep_full/metrics/result_1785790369663439795_2538613.json,ladder_isostep_full
squad,prompting,lora,full,32.0,64.0,2.0,0.0001,1000,low,iso_step,44,0.8293456334855829,0.0,1676.3222,25.2238130569458,80740352,938,squad_prompting_ladder_isostep_full,squad_prompting,results/squad/prompting_ladder_isostep_full/metrics/result_1785790387278548409_3963223.json,ladder_isostep_full
squad,prompting,lora,full,32.0,64.0,2.0,0.0003,1000,low,iso_step,42,0.8243171419941245,0.0,1695.5222,25.22187614440918,80740352,938,squad_prompting_ladder_isostep_full,squad_prompting,results/squad/prompting_ladder_isostep_full/metrics/result_1785790956856971837_4156181.json,ladder_isostep_full
squad,prompting,lora,full,32.0,64.0,2.0,0.0003,1000,low,iso_step,43,0.8329232777973192,0.0,1644.0536,25.22221851348877,80740352,938,squad_prompting_ladder_isostep_full,squad_prompting,results/squad/prompting_ladder_isostep_full/metrics/result_1785791775274924844_987511.json,ladder_isostep_full
squad,prompting,lora,full,32.0,64.0,2.0,0.0001,5000,low,iso_step,42,0.8374779441549268,0.0,1625.2551,26.163789749145508,80740352,938,squad_prompting_ladder_isostep_full,squad_prompting,results/squad/prompting_ladder_isostep_full/metrics/result_1785792333053107044_2548667.json,ladder_isostep_full
squad,prompting,lora,full,32.0,64.0,2.0,0.0003,1000,low,iso_step,44,0.8100662303037194,0.0,1698.3445,25.2238130569458,80740352,938,squad_prompting_ladder_isostep_full,squad_prompting,results/squad/prompting_ladder_isostep_full/metrics/result_1785792525638890617_4163008.json,ladder_isostep_full
squad,prompting,lora,full,32.0,64.0,2.0,0.0001,5000,low,iso_step,43,0.847577556909322,0.0,1709.7245,26.16150999069214,80740352,938,squad_prompting_ladder_isostep_full,squad_prompting,results/squad/prompting_ladder_isostep_full/metrics/result_1785793176509160348_4167158.json,ladder_isostep_full
squad,prompting,lora,full,32.0,64.0,2.0,0.0001,5000,low,iso_step,44,0.8416808624926277,0.0,1628.7879,26.15952968597412,80740352,938,squad_prompting_ladder_isostep_full,squad_prompting,results/squad/prompting_ladder_isostep_full/metrics/result_1785793691920475235_1007928.json,ladder_isostep_full
squad,prompting,lora,full,32.0,64.0,2.0,0.0003,5000,low,iso_step,42,0.8346493237415235,0.0,1625.1321,26.163789749145508,80740352,938,squad_prompting_ladder_isostep_full,squad_prompting,results/squad/prompting_ladder_isostep_full/metrics/result_1785794252020345287_2558235.json,ladder_isostep_full
squad,prompting,lora,full,32.0,64.0,2.0,0.0003,5000,low,iso_step,43,0.8391510170874885,0.0,1630.41,26.16150999069214,80740352,938,squad_prompting_ladder_isostep_full,squad_prompting,results/squad/prompting_ladder_isostep_full/metrics/result_1785794451011392091_608769.json,ladder_isostep_full
squad,prompting,lora,full,32.0,64.0,2.0,0.0003,5000,low,iso_step,44,0.8370962739732565,0.0,1616.4917,26.15952968597412,80740352,938,squad_prompting_ladder_isostep_full,squad_prompting,results/squad/prompting_ladder_isostep_full/metrics/result_1785795089982675180_4175593.json,ladder_isostep_full
squad,prompting,lora,full,32.0,64.0,2.0,0.0001,20000,high,iso_step,42,0.8648475403397403,0.0,1686.5509,30.381881713867188,80740352,938,squad_prompting_ladder_isostep_full,squad_prompting,results/squad/prompting_ladder_isostep_full/metrics/result_1785795891000944182_1028357.json,ladder_isostep_full
squad,prompting,lora,full,32.0,64.0,2.0,0.0001,20000,high,iso_step,43,0.8714410628303215,0.0,1632.3312,30.383790493011475,80740352,938,squad_prompting_ladder_isostep_full,squad_prompting,results/squad/prompting_ladder_isostep_full/metrics/result_1785796195587077602_2585849.json,ladder_isostep_full
squad,prompting,lora,full,32.0,64.0,2.0,0.0001,20000,high,iso_step,44,0.8727102100371927,0.0,1657.7943,30.077656745910645,80740352,938,squad_prompting_ladder_isostep_full,squad_prompting,results/squad/prompting_ladder_isostep_full/metrics/result_1785796395263501910_633558.json,ladder_isostep_full
squad,prompting,lora,full,32.0,64.0,2.0,0.0003,20000,high,iso_step,42,0.8531012838756348,0.0,1622.4139,30.381881713867188,80740352,938,squad_prompting_ladder_isostep_full,squad_prompting,results/squad/prompting_ladder_isostep_full/metrics/result_1785797097423392454_241848.json,ladder_isostep_full
squad,prompting,lora,full,32.0,64.0,2.0,0.0003,20000,high,iso_step,43,0.8327885222267948,0.0,1611.3846,30.383790493011475,80740352,938,squad_prompting_ladder_isostep_full,squad_prompting,results/squad/prompting_ladder_isostep_full/metrics/result_1785797779096183209_1043684.json,ladder_isostep_full
squad,prompting,lora,full,32.0,64.0,2.0,0.0003,20000,high,iso_step,44,0.8601762221086127,0.0,1651.4532,30.077656745910645,80740352,938,squad_prompting_ladder_isostep_full,squad_prompting,results/squad/prompting_ladder_isostep_full/metrics/result_1785798137974785478_244492.json,ladder_isostep_full
squad,prompting,lora,full,32.0,64.0,2.0,0.0001,50000,high,iso_step,42,0.8793049375319203,0.0,1653.6812,26.624542713165283,80740352,938,squad_prompting_ladder_isostep_full,squad_prompting,results/squad/prompting_ladder_isostep_full/metrics/result_1785798287280594438_245354.json,ladder_isostep_full
squad,prompting,lora,full,32.0,64.0,2.0,0.0001,50000,high,iso_step,43,0.8692236475658472,0.0,1655.7688,29.955945014953613,80740352,938,squad_prompting_ladder_isostep_full,squad_prompting,results/squad/prompting_ladder_isostep_full/metrics/result_1785799223750992441_692564.json,ladder_isostep_full
squad,prompting,lora,full,32.0,64.0,2.0,0.0001,50000,high,iso_step,44,0.8673386444757292,0.0,1637.8089,26.93139600753784,80740352,938,squad_prompting_ladder_isostep_full,squad_prompting,results/squad/prompting_ladder_isostep_full/metrics/result_1785799748935257304_1056168.json,ladder_isostep_full
squad,prompting,lora,full,32.0,64.0,2.0,0.0003,50000,high,iso_step,42,0.8632099315716966,0.0,1677.6759,26.624542713165283,80740352,938,squad_prompting_ladder_isostep_full,squad_prompting,results/squad/prompting_ladder_isostep_full/metrics/result_1785800091520152153_709970.json,ladder_isostep_full
squad,prompting,lora,full,32.0,64.0,2.0,0.0003,50000,high,iso_step,43,0.8569148929217985,0.0,1649.535,29.955945014953613,80740352,938,squad_prompting_ladder_isostep_full,squad_prompting,results/squad/prompting_ladder_isostep_full/metrics/result_1785800237022996299_261916.json,ladder_isostep_full
squad,prompting,lora,full,32.0,64.0,2.0,0.0003,50000,high,iso_step,44,0.8668582130004129,0.0,1635.6486,26.93139600753784,80740352,938,squad_prompting_ladder_isostep_full,squad_prompting,results/squad/prompting_ladder_isostep_full/metrics/result_1785801233817806889_3733845.json,ladder_isostep_full
squad,prompting,lora,full,64.0,128.0,2.0,0.0001,1000,low,iso_step,42,0.8375769044938195,0.0,1677.6328,25.83235788345337,161480704,938,squad_prompting_ladder_isostep_full,squad_prompting,results/squad/prompting_ladder_isostep_full/metrics/result_1785801745385523203_1112073.json,ladder_isostep_full
squad,prompting,lora,full,64.0,128.0,2.0,0.0001,1000,low,iso_step,44,0.8313273126478437,0.0,1669.6652,25.827024459838867,161480704,938,squad_prompting_ladder_isostep_full,squad_prompting,results/squad/prompting_ladder_isostep_full/metrics/result_1785802246909826919_289861.json,ladder_isostep_full
squad,prompting,lora,full,64.0,128.0,2.0,0.0001,1000,low,iso_step,43,0.8379465089234914,0.0,1687.9446,25.825986862182617,161480704,938,squad_prompting_ladder_isostep_full,squad_prompting,results/squad/prompting_ladder_isostep_full/metrics/result_1785802284736038603_726146.json,ladder_isostep_full
squad,prompting,lora,full,64.0,128.0,2.0,0.0003,1000,low,iso_step,42,0.8094207981418984,0.0,1661.5987,25.83235788345337,161480704,938,squad_prompting_ladder_isostep_full,squad_prompting,results/squad/prompting_ladder_isostep_full/metrics/result_1785803175124216406_4120940.json,ladder_isostep_full
squad,prompting,lora,full,64.0,128.0,2.0,0.0003,1000,low,iso_step,43,0.8244537437835399,0.0,1677.9632,25.825986862182617,161480704,938,squad_prompting_ladder_isostep_full,squad_prompting,results/squad/prompting_ladder_isostep_full/metrics/result_1785803738214543803_1184634.json,ladder_isostep_full
squad,prompting,lora,full,64.0,128.0,2.0,0.0003,1000,low,iso_step,44,0.8113269345885721,0.0,1662.9433,25.827024459838867,161480704,938,squad_prompting_ladder_isostep_full,squad_prompting,results/squad/prompting_ladder_isostep_full/metrics/result_1785804195899186741_313505.json,ladder_isostep_full
squad,prompting,lora,full,64.0,128.0,2.0,0.0001,5000,low,iso_step,42,0.8516389063811063,0.0,1629.706,26.76269054412841,161480704,938,squad_prompting_ladder_isostep_full,squad_prompting,results/squad/prompting_ladder_isostep_full/metrics/result_1785804271698923256_761928.json,ladder_isostep_full
squad,prompting,lora,full,64.0,128.0,2.0,0.0001,5000,low,iso_step,43,0.845467213491255,0.0,1664.2419,26.75623989105225,161480704,938,squad_prompting_ladder_isostep_full,squad_prompting,results/squad/prompting_ladder_isostep_full/metrics/result_1785805227654939665_766168.json,ladder_isostep_full
squad,prompting,lora,full,64.0,128.0,2.0,0.0001,5000,low,iso_step,44,0.8527294694412346,0.0,1633.2715,26.75673007965088,161480704,938,squad_prompting_ladder_isostep_full,squad_prompting,results/squad/prompting_ladder_isostep_full/metrics/result_1785805652107496376_1228809.json,ladder_isostep_full
squad,prompting,lora,full,64.0,128.0,2.0,0.0003,5000,low,iso_step,42,0.8410805845988757,0.0,1638.8177,26.76269054412841,161480704,938,squad_prompting_ladder_isostep_full,squad_prompting,results/squad/prompting_ladder_isostep_full/metrics/result_1785806153944758043_329804.json,ladder_isostep_full
squad,prompting,lora,full,64.0,128.0,2.0,0.0003,5000,low,iso_step,43,0.830430939066617,0.0,1641.9662,26.75623989105225,161480704,938,squad_prompting_ladder_isostep_full,squad_prompting,results/squad/prompting_ladder_isostep_full/metrics/result_1785806317053358905_3851558.json,ladder_isostep_full
squad,prompting,lora,full,64.0,128.0,2.0,0.0003,5000,low,iso_step,44,0.8264092596661653,0.0,1682.3731,26.75673007965088,161480704,938,squad_prompting_ladder_isostep_full,squad_prompting,results/squad/prompting_ladder_isostep_full/metrics/result_1785807223187880466_777225.json,ladder_isostep_full
squad,prompting,lora,full,64.0,128.0,2.0,0.0001,20000,high,iso_step,42,0.8744191853613854,0.0,1669.4512,30.985286712646484,161480704,938,squad_prompting_ladder_isostep_full,squad_prompting,results/squad/prompting_ladder_isostep_full/metrics/result_1785807626529829422_779485.json,ladder_isostep_full
squad,prompting,lora,full,64.0,128.0,2.0,0.0001,20000,high,iso_step,43,0.8707695395965219,0.0,1655.0827,30.984296321868896,161480704,938,squad_prompting_ladder_isostep_full,squad_prompting,results/squad/prompting_ladder_isostep_full/metrics/result_1785808142420966192_781640.json,ladder_isostep_full
squad,prompting,lora,full,64.0,128.0,2.0,0.0001,20000,high,iso_step,44,0.8693245780363432,0.0,1653.1526,30.38182163238525,161480704,938,squad_prompting_ladder_isostep_full,squad_prompting,results/squad/prompting_ladder_isostep_full/metrics/result_1785808339365127476_1270127.json,ladder_isostep_full
squad,prompting,lora,full,64.0,128.0,2.0,0.0003,20000,high,iso_step,42,0.8644108025819024,0.0,1693.6401,30.985286712646484,161480704,938,squad_prompting_ladder_isostep_full,squad_prompting,results/squad/prompting_ladder_isostep_full/metrics/result_1785809411459457642_786123.json,ladder_isostep_full
squad,prompting,lora,full,64.0,128.0,2.0,0.0003,20000,high,iso_step,43,0.8572299951540364,0.0,1646.2183,30.984296321868896,161480704,938,squad_prompting_ladder_isostep_full,squad_prompting,results/squad/prompting_ladder_isostep_full/metrics/result_1785809847557143507_385387.json,ladder_isostep_full
squad,prompting,lora,full,64.0,128.0,2.0,0.0003,20000,high,iso_step,44,0.857636510860552,0.0,1634.066,30.38182163238525,161480704,938,squad_prompting_ladder_isostep_full,squad_prompting,results/squad/prompting_ladder_isostep_full/metrics/result_1785810049979360393_4184526.json,ladder_isostep_full
squad,prompting,lora,full,64.0,128.0,2.0,0.0001,50000,high,iso_step,42,0.8701191076613077,0.0,1650.3696,26.928707599639893,161480704,938,squad_prompting_ladder_isostep_full,squad_prompting,results/squad/prompting_ladder_isostep_full/metrics/result_1785810304870253346_1337962.json,ladder_isostep_full
squad,prompting,lora,full,64.0,128.0,2.0,0.0001,50000,high,iso_step,43,0.8708938273860272,0.0,1646.3412,30.260109901428223,161480704,938,squad_prompting_ladder_isostep_full,squad_prompting,results/squad/prompting_ladder_isostep_full/metrics/result_1785811479499809065_412327.json,ladder_isostep_full
squad,prompting,lora,full,64.0,128.0,2.0,0.0001,50000,high,iso_step,44,0.8679819289690139,0.0,1640.6174,27.53105497360229,161480704,938,squad_prompting_ladder_isostep_full,squad_prompting,results/squad/prompting_ladder_isostep_full/metrics/result_1785811868583281864_416148.json,ladder_isostep_full
squad,prompting,lora,full,64.0,128.0,2.0,0.0003,50000,high,iso_step,42,0.8545478348306996,0.0,1622.5514,26.928707599639893,161480704,938,squad_prompting_ladder_isostep_full,squad_prompting,results/squad/prompting_ladder_isostep_full/metrics/result_1785812047146875686_4189178.json,ladder_isostep_full
squad,prompting,lora,full,64.0,128.0,2.0,0.0003,50000,high,iso_step,43,0.8437966601672858,0.0,1666.9302,30.260109901428223,161480704,938,squad_prompting_ladder_isostep_full,squad_prompting,results/squad/prompting_ladder_isostep_full/metrics/result_1785812254739728055_1391051.json,ladder_isostep_full
squad,prompting,lora,full,64.0,128.0,2.0,0.0003,50000,high,iso_step,44,0.8428637667532811,0.0,1643.5041,27.53105497360229,161480704,938,squad_prompting_ladder_isostep_full,squad_prompting,results/squad/prompting_ladder_isostep_full/metrics/result_1785813405875553203_1412986.json,ladder_isostep_full
squad,prompting,lora,full,64.0,128.0,2.0,0.0005,1000,low,iso_step,43,0.0,0.0,1650.7841,25.825986862182617,161480704,938,squad_prompting_ladder_isostep_full_r64_lr5e4,squad_prompting,results/squad/prompting_ladder_isostep_full_r64_lr5e4/metrics/result_1786095595425848680_2522503.json,ladder_isostep_full_r64_lr5e4
squad,prompting,lora,full,64.0,128.0,2.0,0.0005,1000,low,iso_step,42,0.0,0.0,1659.8639,25.83235788345337,161480704,938,squad_prompting_ladder_isostep_full_r64_lr5e4,squad_prompting,results/squad/prompting_ladder_isostep_full_r64_lr5e4/metrics/result_1786095605909861975_1337826.json,ladder_isostep_full_r64_lr5e4
squad,prompting,lora,full,64.0,128.0,2.0,0.0005,5000,low,iso_step,42,0.0,1.0,1636.8487,26.76269054412841,161480704,938,squad_prompting_ladder_isostep_full_r64_lr5e4,squad_prompting,results/squad/prompting_ladder_isostep_full_r64_lr5e4/metrics/result_1786096129504919338_334436.json,ladder_isostep_full_r64_lr5e4
squad,prompting,lora,full,64.0,128.0,2.0,0.0005,1000,low,iso_step,44,0.0017019607843137,0.0,1659.5483,25.827024459838867,161480704,938,squad_prompting_ladder_isostep_full_r64_lr5e4,squad_prompting,results/squad/prompting_ladder_isostep_full_r64_lr5e4/metrics/result_1786096302813627796_2524488.json,ladder_isostep_full_r64_lr5e4
squad,prompting,lora,full,64.0,128.0,2.0,0.0005,5000,low,iso_step,44,0.0,1.0,1629.1773,26.75673007965088,161480704,938,squad_prompting_ladder_isostep_full_r64_lr5e4,squad_prompting,results/squad/prompting_ladder_isostep_full_r64_lr5e4/metrics/result_1786097450108891812_338259.json,ladder_isostep_full_r64_lr5e4
squad,prompting,lora,full,64.0,128.0,2.0,0.0005,5000,low,iso_step,43,0.0,0.0,1628.7635,26.75623989105225,161480704,938,squad_prompting_ladder_isostep_full_r64_lr5e4,squad_prompting,results/squad/prompting_ladder_isostep_full_r64_lr5e4/metrics/result_1786097757586738095_2527646.json,ladder_isostep_full_r64_lr5e4
squad,prompting,lora,full,64.0,128.0,2.0,0.0005,20000,high,iso_step,42,0.0050380952380952,0.0,1645.3098,30.985286712646484,161480704,938,squad_prompting_ladder_isostep_full_r64_lr5e4,squad_prompting,results/squad/prompting_ladder_isostep_full_r64_lr5e4/metrics/result_1786098044718969731_339927.json,ladder_isostep_full_r64_lr5e4
squad,prompting,lora,full,64.0,128.0,2.0,0.0005,20000,high,iso_step,43,0.0005714285714285,0.0,1626.0493,30.984296321868896,161480704,938,squad_prompting_ladder_isostep_full_r64_lr5e4,squad_prompting,results/squad/prompting_ladder_isostep_full_r64_lr5e4/metrics/result_1786098406464315849_2529597.json,ladder_isostep_full_r64_lr5e4
squad,prompting,lora,full,64.0,128.0,2.0,0.0005,50000,high,iso_step,42,0.0,0.0,1651.7074,26.928707599639893,161480704,938,squad_prompting_ladder_isostep_full_r64_lr5e4,squad_prompting,results/squad/prompting_ladder_isostep_full_r64_lr5e4/metrics/result_1786099724568729649_1364007.json,ladder_isostep_full_r64_lr5e4
squad,prompting,lora,full,64.0,128.0,2.0,0.0005,20000,high,iso_step,44,0.0029699134199134,0.0,1641.2878,30.38182163238525,161480704,938,squad_prompting_ladder_isostep_full_r64_lr5e4,squad_prompting,results/squad/prompting_ladder_isostep_full_r64_lr5e4/metrics/result_1786099747621820014_343316.json,ladder_isostep_full_r64_lr5e4
squad,prompting,lora,full,64.0,128.0,2.0,0.0005,50000,high,iso_step,43,0.0,0.0,1673.6034,30.260109901428223,161480704,938,squad_prompting_ladder_isostep_full_r64_lr5e4,squad_prompting,results/squad/prompting_ladder_isostep_full_r64_lr5e4/metrics/result_1786100077162464520_345098.json,ladder_isostep_full_r64_lr5e4
squad,prompting,lora,full,64.0,128.0,2.0,0.0005,50000,high,iso_step,44,0.0,0.0,1654.6903,27.53105497360229,161480704,938,squad_prompting_ladder_isostep_full_r64_lr5e4,squad_prompting,results/squad/prompting_ladder_isostep_full_r64_lr5e4/metrics/result_1786101010545023504_1372410.json,ladder_isostep_full_r64_lr5e4
squad,prompting,lora,attention,64.0,128.0,2.0,0.0005,1000,low,iso_step,43,0.0045829148629148,0.0,1237.8912,24.905938625335693,40370176,938,squad_prompting_ladder_isostep_r64_lr5e4,squad_prompting,results/squad/prompting_ladder_isostep_r64_lr5e4/metrics/result_1786086140441653620_1252762.json,ladder_isostep_r64_lr5e4
squad,prompting,lora,attention,64.0,128.0,2.0,0.0005,1000,low,iso_step,42,0.7820405904296476,0.0,1239.1948,24.90774631500244,40370176,938,squad_prompting_ladder_isostep_r64_lr5e4,squad_prompting,results/squad/prompting_ladder_isostep_r64_lr5e4/metrics/result_1786086161504039504_1252761.json,ladder_isostep_r64_lr5e4
squad,prompting,lora,attention,64.0,128.0,2.0,0.0005,1000,low,iso_step,44,0.787046859980032,0.0,1241.6654,24.905938625335693,40370176,938,squad_prompting_ladder_isostep_r64_lr5e4,squad_prompting,results/squad/prompting_ladder_isostep_r64_lr5e4/metrics/result_1786090506969762106_2493335.json,ladder_isostep_r64_lr5e4
squad,prompting,lora,attention,64.0,128.0,2.0,0.0005,5000,low,iso_step,42,0.003038961038961,0.0,1218.1485,25.84898614883423,40370176,938,squad_prompting_ladder_isostep_r64_lr5e4,squad_prompting,results/squad/prompting_ladder_isostep_r64_lr5e4/metrics/result_1786090674093776347_2494385.json,ladder_isostep_r64_lr5e4
squad,prompting,lora,attention,64.0,128.0,2.0,0.0005,5000,low,iso_step,43,0.0,0.002,1219.3037,25.849188804626465,40370176,938,squad_prompting_ladder_isostep_r64_lr5e4,squad_prompting,results/squad/prompting_ladder_isostep_r64_lr5e4/metrics/result_1786091002399377992_2495410.json,ladder_isostep_r64_lr5e4
squad,prompting,lora,attention,64.0,128.0,2.0,0.0005,5000,low,iso_step,44,0.001415873015873,0.0,1227.3708,25.849194526672363,40370176,938,squad_prompting_ladder_isostep_r64_lr5e4,squad_prompting,results/squad/prompting_ladder_isostep_r64_lr5e4/metrics/result_1786092756919868116_2503587.json,ladder_isostep_r64_lr5e4
squad,prompting,lora,attention,64.0,128.0,2.0,0.0005,20000,high,iso_step,42,0.0,0.0,1231.3794,30.07751846313477,40370176,938,squad_prompting_ladder_isostep_r64_lr5e4,squad_prompting,results/squad/prompting_ladder_isostep_r64_lr5e4/metrics/result_1786093799593512296_3246664.json,ladder_isostep_r64_lr5e4
squad,prompting,lora,attention,64.0,128.0,2.0,0.0005,20000,high,iso_step,43,0.0,0.0,1223.2884,30.07751989364624,40370176,938,squad_prompting_ladder_isostep_r64_lr5e4,squad_prompting,results/squad/prompting_ladder_isostep_r64_lr5e4/metrics/result_1786094092922999931_1329600.json,ladder_isostep_r64_lr5e4
squad,prompting,lora,attention,64.0,128.0,2.0,0.0005,50000,high,iso_step,42,0.0037477483301012,0.0,1227.1303,26.47425508499145,40370176,938,squad_prompting_ladder_isostep_r64_lr5e4,squad_prompting,results/squad/prompting_ladder_isostep_r64_lr5e4/metrics/result_1786094311107991468_329986.json,ladder_isostep_r64_lr5e4
squad,prompting,lora,attention,64.0,128.0,2.0,0.0005,20000,high,iso_step,44,0.0015714285714285,0.0,1229.5121,29.927124977111816,40370176,938,squad_prompting_ladder_isostep_r64_lr5e4,squad_prompting,results/squad/prompting_ladder_isostep_r64_lr5e4/metrics/result_1786094326658877315_2515731.json,ladder_isostep_r64_lr5e4
squad,prompting,lora,attention,64.0,128.0,2.0,0.0005,50000,high,iso_step,43,0.0,0.0,1224.2284,29.805413246154785,40370176,938,squad_prompting_ladder_isostep_r64_lr5e4,squad_prompting,results/squad/prompting_ladder_isostep_r64_lr5e4/metrics/result_1786095464977320017_332955.json,ladder_isostep_r64_lr5e4
squad,prompting,lora,attention,64.0,128.0,2.0,0.0005,50000,high,iso_step,44,0.8426995265887856,0.0,1217.1508,26.624392986297607,40370176,938,squad_prompting_ladder_isostep_r64_lr5e4,squad_prompting,results/squad/prompting_ladder_isostep_r64_lr5e4/metrics/result_1786095726758813006_1340108.json,ladder_isostep_r64_lr5e4
squad,prompting,lora,attention,4.0,8.0,2.0,0.0001,5000,low,iso_epoch,42,0.8488511471099713,0.0,1226.2049,25.567911624908447,2523136,939,squad_prompting_main_attention,squad_prompting,results/squad/prompting_main_attention/metrics/result_1784828031.json,main_attention
squad,prompting,lora,attention,4.0,8.0,2.0,0.0001,5000,low,iso_epoch,43,0.852291296206628,0.0,1225.5035,25.568114280700684,2523136,939,squad_prompting_main_attention,squad_prompting,results/squad/prompting_main_attention/metrics/result_1784828450.json,main_attention
squad,prompting,lora,attention,4.0,8.0,2.0,0.0001,5000,low,iso_epoch,44,0.848867086725911,0.0,1249.0331,25.568120002746586,2523136,939,squad_prompting_main_attention,squad_prompting,results/squad/prompting_main_attention/metrics/result_1784828496.json,main_attention
squad,prompting,lora,attention,4.0,8.0,2.0,0.0003,5000,low,iso_epoch,42,0.8514908289825175,0.0,1238.0453,25.567911624908447,2523136,939,squad_prompting_main_attention,squad_prompting,results/squad/prompting_main_attention/metrics/result_1784829194.json,main_attention
squad,prompting,lora,attention,4.0,8.0,2.0,0.0003,5000,low,iso_epoch,43,0.8400370660787547,0.0,1230.7763,25.568114280700684,2523136,939,squad_prompting_main_attention,squad_prompting,results/squad/prompting_main_attention/metrics/result_1784829569.json,main_attention
squad,prompting,lora,attention,4.0,8.0,2.0,0.0005,5000,low,iso_epoch,42,0.8412301110370168,0.0,1238.5066,25.567911624908447,2523136,939,squad_prompting_main_attention,squad_prompting,results/squad/prompting_main_attention/metrics/result_1784830042.json,main_attention
squad,prompting,lora,attention,4.0,8.0,2.0,0.0003,5000,low,iso_epoch,44,0.837121265940354,0.0,1242.1803,25.568120002746586,2523136,939,squad_prompting_main_attention,squad_prompting,results/squad/prompting_main_attention/metrics/result_1784830045.json,main_attention
squad,prompting,lora,attention,4.0,8.0,2.0,0.0005,5000,low,iso_epoch,43,0.8479105115874943,0.0,1245.129,25.568114280700684,2523136,939,squad_prompting_main_attention,squad_prompting,results/squad/prompting_main_attention/metrics/result_1784830758.json,main_attention
squad,prompting,lora,attention,8.0,8.0,1.0,0.0001,5000,low,iso_epoch,43,0.8496427680815923,0.0,1214.3067,25.591025352478027,5046272,939,squad_prompting_main_attention,squad_prompting,results/squad/prompting_main_attention/metrics/result_1784832125.json,main_attention
squad,prompting,lora,attention,8.0,8.0,1.0,0.0001,5000,low,iso_epoch,42,0.8483223606458906,0.0,1215.3039,25.59082269668579,5046272,939,squad_prompting_main_attention,squad_prompting,results/squad/prompting_main_attention/metrics/result_1784832127.json,main_attention
squad,prompting,lora,attention,4.0,8.0,2.0,0.0005,5000,low,iso_epoch,44,0.83551805737504,0.0,1221.7352,25.568120002746586,2523136,939,squad_prompting_main_attention,squad_prompting,results/squad/prompting_main_attention/metrics/result_1784832138.json,main_attention
squad,prompting,lora,attention,8.0,8.0,1.0,0.0001,5000,low,iso_epoch,44,0.8506950252151397,0.0,1218.187,25.59103107452393,5046272,939,squad_prompting_main_attention,squad_prompting,results/squad/prompting_main_attention/metrics/result_1784832338.json,main_attention
squad,prompting,lora,attention,8.0,8.0,1.0,0.0003,5000,low,iso_epoch,44,0.8410903909673736,0.0,1218.8381,25.59103107452393,5046272,939,squad_prompting_main_attention,squad_prompting,results/squad/prompting_main_attention/metrics/result_1784833673.json,main_attention
squad,prompting,lora,attention,8.0,8.0,1.0,0.0003,5000,low,iso_epoch,43,0.8500164043386957,0.0,1221.3025,25.591025352478027,5046272,939,squad_prompting_main_attention,squad_prompting,results/squad/prompting_main_attention/metrics/result_1784833678.json,main_attention
squad,prompting,lora,attention,8.0,8.0,1.0,0.0003,5000,low,iso_epoch,42,0.8529577780465252,0.0,1206.7798,25.59082269668579,5046272,939,squad_prompting_main_attention,squad_prompting,results/squad/prompting_main_attention/metrics/result_1784833773.json,main_attention
squad,prompting,lora,attention,8.0,8.0,1.0,0.0005,5000,low,iso_epoch,42,0.8492724422494249,0.0,1210.6304,25.59082269668579,5046272,939,squad_prompting_main_attention,squad_prompting,results/squad/prompting_main_attention/metrics/result_1784833926.json,main_attention
squad,prompting,lora,attention,8.0,8.0,1.0,0.0005,5000,low,iso_epoch,44,0.8383661808779462,0.0,1213.989,25.59103107452393,5046272,939,squad_prompting_main_attention,squad_prompting,results/squad/prompting_main_attention/metrics/result_1784835182.json,main_attention
squad,prompting,lora,attention,8.0,8.0,1.0,0.0005,5000,low,iso_epoch,43,0.8378635918405746,0.0,1213.4236,25.591025352478027,5046272,939,squad_prompting_main_attention,squad_prompting,results/squad/prompting_main_attention/metrics/result_1784835185.json,main_attention
squad,prompting,lora,attention,8.0,16.0,2.0,0.0001,5000,low,iso_epoch,42,0.8550941540376837,0.0,1208.5262,25.59082269668579,5046272,939,squad_prompting_main_attention,squad_prompting,results/squad/prompting_main_attention/metrics/result_1784835283.json,main_attention
squad,prompting,lora,attention,8.0,16.0,2.0,0.0001,5000,low,iso_epoch,43,0.8576882337270576,0.0,1238.7646,25.591025352478027,5046272,939,squad_prompting_main_attention,squad_prompting,results/squad/prompting_main_attention/metrics/result_1784835438.json,main_attention
squad,prompting,lora,attention,8.0,16.0,2.0,0.0001,5000,low,iso_epoch,44,0.850471113056445,0.0,1214.7394,25.59103107452393,5046272,939,squad_prompting_main_attention,squad_prompting,results/squad/prompting_main_attention/metrics/result_1784836750.json,main_attention
squad,prompting,lora,attention,8.0,16.0,2.0,0.0003,5000,low,iso_epoch,42,0.8372734051496138,0.0,1211.2021,25.59082269668579,5046272,939,squad_prompting_main_attention,squad_prompting,results/squad/prompting_main_attention/metrics/result_1784836902.json,main_attention
squad,prompting,lora,attention,8.0,16.0,2.0,0.0003,5000,low,iso_epoch,43,0.8471953411370295,0.0,1215.421,25.591025352478027,5046272,939,squad_prompting_main_attention,squad_prompting,results/squad/prompting_main_attention/metrics/result_1784836928.json,main_attention
squad,prompting,lora,attention,8.0,16.0,2.0,0.0003,5000,low,iso_epoch,44,0.8347411725529378,0.0,1227.0863,25.59103107452393,5046272,939,squad_prompting_main_attention,squad_prompting,results/squad/prompting_main_attention/metrics/result_1784837183.json,main_attention
squad,prompting,lora,attention,8.0,16.0,2.0,0.0005,5000,low,iso_epoch,42,0.8433305187698547,0.0,1209.7088,25.59082269668579,5046272,939,squad_prompting_main_attention,squad_prompting,results/squad/prompting_main_attention/metrics/result_1784838391.json,main_attention
squad,prompting,lora,attention,8.0,16.0,2.0,0.0005,5000,low,iso_epoch,43,0.8447000547818203,0.0,1213.8404,25.591025352478027,5046272,939,squad_prompting_main_attention,squad_prompting,results/squad/prompting_main_attention/metrics/result_1784838587.json,main_attention
squad,prompting,lora,attention,8.0,16.0,2.0,0.0005,5000,low,iso_epoch,44,0.8380283666224849,0.0,1232.5975,25.59103107452393,5046272,939,squad_prompting_main_attention,squad_prompting,results/squad/prompting_main_attention/metrics/result_1784838596.json,main_attention
squad,prompting,lora,attention,16.0,16.0,1.0,0.0001,5000,low,iso_epoch,42,0.8526570000805301,0.0,1223.7534,25.637979984283447,10092544,939,squad_prompting_main_attention,squad_prompting,results/squad/prompting_main_attention/metrics/result_1784838835.json,main_attention
squad,prompting,lora,attention,16.0,16.0,1.0,0.0001,5000,low,iso_epoch,43,0.8473954376342616,0.0,1217.115,25.638182640075684,10092544,939,squad_prompting_main_attention,squad_prompting,results/squad/prompting_main_attention/metrics/result_1784839920.json,main_attention
squad,prompting,lora,attention,16.0,16.0,1.0,0.0003,5000,low,iso_epoch,42,0.8511943173242414,0.0,1224.0958,25.637979984283447,10092544,939,squad_prompting_main_attention,squad_prompting,results/squad/prompting_main_attention/metrics/result_1784840154.json,main_attention
squad,prompting,lora,attention,16.0,16.0,1.0,0.0001,5000,low,iso_epoch,44,0.8475218251105726,0.0,1242.5358,25.638188362121586,10092544,939,squad_prompting_main_attention,squad_prompting,results/squad/prompting_main_attention/metrics/result_1784840327.json,main_attention
squad,prompting,lora,attention,16.0,16.0,1.0,0.0003,5000,low,iso_epoch,43,0.8426232835649718,0.0,1238.2732,25.638182640075684,10092544,939,squad_prompting_main_attention,squad_prompting,results/squad/prompting_main_attention/metrics/result_1784840609.json,main_attention
squad,prompting,lora,attention,16.0,16.0,1.0,0.0003,5000,low,iso_epoch,44,0.8488747732517559,0.0,1221.5014,25.638188362121586,10092544,939,squad_prompting_main_attention,squad_prompting,results/squad/prompting_main_attention/metrics/result_1784841707.json,main_attention
squad,prompting,lora,attention,16.0,16.0,1.0,0.0005,5000,low,iso_epoch,42,0.8340455432225258,0.0,1243.3873,25.637979984283447,10092544,939,squad_prompting_main_attention,squad_prompting,results/squad/prompting_main_attention/metrics/result_1784841813.json,main_attention
squad,prompting,lora,attention,16.0,16.0,1.0,0.0005,5000,low,iso_epoch,43,0.8324124268929902,0.0,1275.0756,25.638182640075684,10092544,939,squad_prompting_main_attention,squad_prompting,results/squad/prompting_main_attention/metrics/result_1784842109.json,main_attention
squad,prompting,lora,attention,16.0,16.0,1.0,0.0005,5000,low,iso_epoch,44,0.8518124916193974,0.0,1233.0654,25.638188362121586,10092544,939,squad_prompting_main_attention,squad_prompting,results/squad/prompting_main_attention/metrics/result_1784842290.json,main_attention
squad,prompting,lora,attention,16.0,32.0,2.0,0.0001,5000,low,iso_epoch,42,0.8552671915088801,0.0,1259.7671,25.637979984283447,10092544,939,squad_prompting_main_attention,squad_prompting,results/squad/prompting_main_attention/metrics/result_1784843399.json,main_attention
squad,prompting,lora,attention,16.0,32.0,2.0,0.0001,5000,low,iso_epoch,43,0.8497641551259203,0.0,1249.2606,25.638182640075684,10092544,939,squad_prompting_main_attention,squad_prompting,results/squad/prompting_main_attention/metrics/result_1784843507.json,main_attention
squad,prompting,lora,attention,16.0,32.0,2.0,0.0001,5000,low,iso_epoch,44,0.8410466924001457,0.0,1260.8331,25.638188362121586,10092544,939,squad_prompting_main_attention,squad_prompting,results/squad/prompting_main_attention/metrics/result_1784843720.json,main_attention
squad,prompting,lora,attention,16.0,32.0,2.0,0.0003,5000,low,iso_epoch,42,0.851290720267703,0.0,1220.4929,25.637979984283447,10092544,939,squad_prompting_main_attention,squad_prompting,results/squad/prompting_main_attention/metrics/result_1784844091.json,main_attention
squad,prompting,lora,attention,16.0,32.0,2.0,0.0003,5000,low,iso_epoch,43,0.8420264777564018,0.0,1215.9873,25.638182640075684,10092544,939,squad_prompting_main_attention,squad_prompting,results/squad/prompting_main_attention/metrics/result_1784844920.json,main_attention
squad,prompting,lora,attention,16.0,32.0,2.0,0.0003,5000,low,iso_epoch,44,0.8488109504874214,0.0,1215.3528,25.638188362121586,10092544,939,squad_prompting_main_attention,squad_prompting,results/squad/prompting_main_attention/metrics/result_1784845018.json,main_attention
squad,prompting,lora,attention,16.0,32.0,2.0,0.0005,5000,low,iso_epoch,42,0.8474353058753318,0.0,1216.4569,25.637979984283447,10092544,939,squad_prompting_main_attention,squad_prompting,results/squad/prompting_main_attention/metrics/result_1784845279.json,main_attention
squad,prompting,lora,attention,16.0,32.0,2.0,0.0005,5000,low,iso_epoch,43,0.8397809937944982,0.0,1215.9046,25.638182640075684,10092544,939,squad_prompting_main_attention,squad_prompting,results/squad/prompting_main_attention/metrics/result_1784845678.json,main_attention
squad,prompting,lora,attention,16.0,32.0,2.0,0.0005,5000,low,iso_epoch,44,0.8420454914224739,0.0,1229.3553,25.638188362121586,10092544,939,squad_prompting_main_attention,squad_prompting,results/squad/prompting_main_attention/metrics/result_1784846428.json,main_attention
squad,prompting,lora,attention,32.0,32.0,1.0,0.0001,5000,low,iso_epoch,42,0.8531929983817456,0.0,1226.0567,25.69640588760376,20185088,939,squad_prompting_main_attention,squad_prompting,results/squad/prompting_main_attention/metrics/result_1784846663.json,main_attention
squad,prompting,lora,attention,32.0,32.0,1.0,0.0001,5000,low,iso_epoch,43,0.8444314226537142,0.0,1226.2678,25.696608543396,20185088,939,squad_prompting_main_attention,squad_prompting,results/squad/prompting_main_attention/metrics/result_1784846908.json,main_attention
squad,prompting,lora,attention,32.0,32.0,1.0,0.0001,5000,low,iso_epoch,44,0.8387641498881915,0.0,1217.9023,25.69661426544189,20185088,939,squad_prompting_main_attention,squad_prompting,results/squad/prompting_main_attention/metrics/result_1784847140.json,main_attention
squad,prompting,lora,attention,32.0,32.0,1.0,0.0003,5000,low,iso_epoch,42,0.8452462101884102,0.0,1247.7498,25.69640588760376,20185088,939,squad_prompting_main_attention,squad_prompting,results/squad/prompting_main_attention/metrics/result_1784848007.json,main_attention
squad,prompting,lora,attention,32.0,32.0,1.0,0.0003,5000,low,iso_epoch,43,0.8364031427471842,0.0,1250.1222,25.696608543396,20185088,939,squad_prompting_main_attention,squad_prompting,results/squad/prompting_main_attention/metrics/result_1784848265.json,main_attention
squad,prompting,lora,attention,32.0,32.0,1.0,0.0003,5000,low,iso_epoch,44,0.8442375961293612,0.0,1244.8497,25.69661426544189,20185088,939,squad_prompting_main_attention,squad_prompting,results/squad/prompting_main_attention/metrics/result_1784848599.json,main_attention
squad,prompting,lora,attention,32.0,32.0,1.0,0.0005,5000,low,iso_epoch,42,0.8478470178530328,0.0,1218.7983,25.69640588760376,20185088,939,squad_prompting_main_attention,squad_prompting,results/squad/prompting_main_attention/metrics/result_1784848905.json,main_attention
squad,prompting,lora,attention,32.0,32.0,1.0,0.0005,5000,low,iso_epoch,43,0.8416164437381323,0.0,1222.1306,25.696608543396,20185088,939,squad_prompting_main_attention,squad_prompting,results/squad/prompting_main_attention/metrics/result_1784849646.json,main_attention
squad,prompting,lora,attention,32.0,32.0,1.0,0.0005,5000,low,iso_epoch,44,0.8462817727739729,0.0,1253.3856,25.69661426544189,20185088,939,squad_prompting_main_attention,squad_prompting,results/squad/prompting_main_attention/metrics/result_1784850241.json,main_attention
squad,prompting,lora,attention,32.0,64.0,2.0,0.0001,5000,low,iso_epoch,42,0.8512199270086743,0.0,1226.0199,25.69640588760376,20185088,939,squad_prompting_main_attention,squad_prompting,results/squad/prompting_main_attention/metrics/result_1784850285.json,main_attention
squad,prompting,lora,attention,32.0,64.0,2.0,0.0001,5000,low,iso_epoch,43,0.8430083308848022,0.0,1221.9149,25.696608543396,20185088,939,squad_prompting_main_attention,squad_prompting,results/squad/prompting_main_attention/metrics/result_1784850570.json,main_attention
squad,prompting,lora,attention,32.0,64.0,2.0,0.0001,5000,low,iso_epoch,44,0.8493251387559915,0.0,1214.4438,25.69661426544189,20185088,939,squad_prompting_main_attention,squad_prompting,results/squad/prompting_main_attention/metrics/result_1784851285.json,main_attention
squad,prompting,lora,attention,32.0,64.0,2.0,0.0003,5000,low,iso_epoch,43,0.8452808357078182,0.0,1217.7548,25.696608543396,20185088,939,squad_prompting_main_attention,squad_prompting,results/squad/prompting_main_attention/metrics/result_1784851913.json,main_attention
squad,prompting,lora,attention,32.0,64.0,2.0,0.0003,5000,low,iso_epoch,42,0.8476545157314981,0.0,1214.3289,25.69640588760376,20185088,939,squad_prompting_main_attention,squad_prompting,results/squad/prompting_main_attention/metrics/result_1784851968.json,main_attention
squad,prompting,lora,attention,32.0,64.0,2.0,0.0003,5000,low,iso_epoch,44,0.8572742432664433,0.0,1217.2099,25.69661426544189,20185088,939,squad_prompting_main_attention,squad_prompting,results/squad/prompting_main_attention/metrics/result_1784852148.json,main_attention
squad,prompting,lora,attention,32.0,64.0,2.0,0.0005,5000,low,iso_epoch,42,0.8465318736534856,0.0,1216.8477,25.69640588760376,20185088,939,squad_prompting_main_attention,squad_prompting,results/squad/prompting_main_attention/metrics/result_1784852867.json,main_attention
squad,prompting,lora,attention,32.0,64.0,2.0,0.0005,5000,low,iso_epoch,44,0.8349322805498003,0.0,1223.5002,25.69661426544189,20185088,939,squad_prompting_main_attention,squad_prompting,results/squad/prompting_main_attention/metrics/result_1784853515.json,main_attention
squad,prompting,lora,attention,32.0,64.0,2.0,0.0005,5000,low,iso_epoch,43,0.8317253745912587,0.0,1225.6999,25.696608543396,20185088,939,squad_prompting_main_attention,squad_prompting,results/squad/prompting_main_attention/metrics/result_1784853522.json,main_attention
squad,prompting,lora,attention,64.0,128.0,2.0,0.0001,5000,low,iso_epoch,42,0.8492425031911104,0.0,1218.1604,25.84898614883423,40370176,939,squad_prompting_main_attention,squad_prompting,results/squad/prompting_main_attention/metrics/result_1784853729.json,main_attention
squad,prompting,lora,attention,64.0,128.0,2.0,0.0001,5000,low,iso_epoch,43,0.8555824275941928,0.0,1223.174,25.849188804626465,40370176,939,squad_prompting_main_attention,squad_prompting,results/squad/prompting_main_attention/metrics/result_1784854335.json,main_attention
squad,prompting,lora,attention,64.0,128.0,2.0,0.0003,5000,low,iso_epoch,42,0.849726578635914,0.0,1218.5437,25.84898614883423,40370176,939,squad_prompting_main_attention,squad_prompting,results/squad/prompting_main_attention/metrics/result_1784855131.json,main_attention
squad,prompting,lora,attention,64.0,128.0,2.0,0.0001,5000,low,iso_epoch,44,0.8382798977568803,0.0,1226.9125,25.849194526672363,40370176,939,squad_prompting_main_attention,squad_prompting,results/squad/prompting_main_attention/metrics/result_1784855137.json,main_attention
squad,prompting,lora,attention,64.0,128.0,2.0,0.0003,5000,low,iso_epoch,43,0.8449231849414206,0.0,1229.1885,25.849188804626465,40370176,939,squad_prompting_main_attention,squad_prompting,results/squad/prompting_main_attention/metrics/result_1784855288.json,main_attention
squad,prompting,lora,attention,64.0,128.0,2.0,0.0003,5000,low,iso_epoch,44,0.0597653160848813,0.0,1233.3456,25.849194526672363,40370176,939,squad_prompting_main_attention,squad_prompting,results/squad/prompting_main_attention/metrics/result_1784855814.json,main_attention
squad,prompting,lora,attention,64.0,128.0,2.0,0.0005,5000,low,iso_epoch,43,0.8532134218722456,0.0,1219.8061,25.849188804626465,40370176,939,squad_prompting_main_attention,squad_prompting,results/squad/prompting_main_attention/metrics/result_1784856679.json,main_attention
squad,prompting,lora,attention,64.0,128.0,2.0,0.0005,5000,low,iso_epoch,42,0.8228925495586961,0.0,1278.8231,25.84898614883423,40370176,939,squad_prompting_main_attention,squad_prompting,results/squad/prompting_main_attention/metrics/result_1784856903.json,main_attention
squad,prompting,lora,attention,64.0,128.0,2.0,0.0005,5000,low,iso_epoch,44,0.82026353168476,0.0,1235.7163,25.849194526672363,40370176,939,squad_prompting_main_attention,squad_prompting,results/squad/prompting_main_attention/metrics/result_1784857022.json,main_attention
squad,prompting,lora,attention,64.0,128.0,2.0,0.0003,5000,low,iso_epoch,45,0.8423014918736358,0.0,1231.7681,25.849194526672363,40370176,939,squad_prompting_main_attention_riskyseeds_lr3e4,squad_prompting,results/squad/prompting_main_attention_riskyseeds_lr3e4/metrics/result_1785749720151945478_1478050.json,main_attention_riskyseeds_lr3e4
squad,prompting,lora,attention,64.0,128.0,2.0,0.0003,5000,low,iso_epoch,46,0.8235717574270006,0.0,1219.5523,25.849194526672363,40370176,939,squad_prompting_main_attention_riskyseeds_lr3e4,squad_prompting,results/squad/prompting_main_attention_riskyseeds_lr3e4/metrics/result_1785749848400121363_2844871.json,main_attention_riskyseeds_lr3e4
squad,prompting,lora,attention,64.0,128.0,2.0,0.0003,5000,low,iso_epoch,47,0.8481581974603972,0.0,1227.663,25.69883108139038,40370176,939,squad_prompting_main_attention_riskyseeds_lr3e4,squad_prompting,results/squad/prompting_main_attention_riskyseeds_lr3e4/metrics/result_1785750078379401269_1479638.json,main_attention_riskyseeds_lr3e4
squad,prompting,lora,attention,64.0,128.0,2.0,0.0003,5000,low,iso_epoch,48,0.8572589723859548,0.0,1220.7078,25.84919309616089,40370176,939,squad_prompting_main_attention_riskyseeds_lr3e4,squad_prompting,results/squad/prompting_main_attention_riskyseeds_lr3e4/metrics/result_1785750210816799060_1480832.json,main_attention_riskyseeds_lr3e4
squad,prompting,lora,attention,64.0,128.0,2.0,0.0003,5000,low,iso_epoch,49,0.8386008260809402,0.0,1227.6654,25.84919309616089,40370176,939,squad_prompting_main_attention_riskyseeds_lr3e4,squad_prompting,results/squad/prompting_main_attention_riskyseeds_lr3e4/metrics/result_1785751251483688616_59572.json,main_attention_riskyseeds_lr3e4
squad,prompting,lora,attention,64.0,128.0,2.0,0.0003,5000,low,iso_epoch,50,0.8470845678880583,0.0,1227.8884,25.84894895553589,40370176,939,squad_prompting_main_attention_riskyseeds_lr3e4,squad_prompting,results/squad/prompting_main_attention_riskyseeds_lr3e4/metrics/result_1785751337532820778_2847932.json,main_attention_riskyseeds_lr3e4
squad,prompting,lora,attention,64.0,128.0,2.0,0.0003,5000,low,iso_epoch,51,0.8472098504838919,0.0,1235.5411,25.69858407974243,40370176,939,squad_prompting_main_attention_riskyseeds_lr3e4,squad_prompting,results/squad/prompting_main_attention_riskyseeds_lr3e4/metrics/result_1785751645868008713_61371.json,main_attention_riskyseeds_lr3e4
squad,prompting,lora,full,4.0,8.0,2.0,0.0001,5000,low,iso_epoch,42,0.8450687970928386,0.0,1654.1744,25.63872766494751,10092544,939,squad_prompting_main_full,squad_prompting,results/squad/prompting_main_full/metrics/result_1784831066.json,main_full
squad,prompting,lora,full,4.0,8.0,2.0,0.0003,5000,low,iso_epoch,42,0.8480421648804378,0.0,1634.2202,25.63872766494751,10092544,939,squad_prompting_main_full,squad_prompting,results/squad/prompting_main_full/metrics/result_1784832546.json,main_full
squad,prompting,lora,full,4.0,8.0,2.0,0.0001,5000,low,iso_epoch,43,0.8394180809034124,0.0,1633.8013,25.638930320739743,10092544,939,squad_prompting_main_full,squad_prompting,results/squad/prompting_main_full/metrics/result_1784832548.json,main_full
squad,prompting,lora,full,4.0,8.0,2.0,0.0001,5000,low,iso_epoch,44,0.8307467682360274,0.0,1633.0364,25.638936042785645,10092544,939,squad_prompting_main_full,squad_prompting,results/squad/prompting_main_full/metrics/result_1784832552.json,main_full
squad,prompting,lora,full,4.0,8.0,2.0,0.0003,5000,low,iso_epoch,43,0.8337182607584014,0.0,1639.7115,25.638930320739743,10092544,939,squad_prompting_main_full,squad_prompting,results/squad/prompting_main_full/metrics/result_1784833032.json,main_full
squad,prompting,lora,full,4.0,8.0,2.0,0.0005,5000,low,iso_epoch,43,0.8397220100686723,0.0,1636.5226,25.638930320739743,10092544,939,squad_prompting_main_full,squad_prompting,results/squad/prompting_main_full/metrics/result_1784834484.json,main_full
squad,prompting,lora,full,4.0,8.0,2.0,0.0005,5000,low,iso_epoch,42,0.8521146097115924,0.0,1622.3627,25.63872766494751,10092544,939,squad_prompting_main_full,squad_prompting,results/squad/prompting_main_full/metrics/result_1784834487.json,main_full
squad,prompting,lora,full,4.0,8.0,2.0,0.0003,5000,low,iso_epoch,44,0.8463393709432414,0.0,1627.2069,25.638936042785645,10092544,939,squad_prompting_main_full,squad_prompting,results/squad/prompting_main_full/metrics/result_1784834491.json,main_full
squad,prompting,lora,full,4.0,8.0,2.0,0.0005,5000,low,iso_epoch,44,0.849608308235291,0.0,1638.3169,25.638936042785645,10092544,939,squad_prompting_main_full,squad_prompting,results/squad/prompting_main_full/metrics/result_1784835635.json,main_full
squad,prompting,lora,full,8.0,8.0,1.0,0.0001,5000,low,iso_epoch,44,0.8357983185375776,0.0,1609.0187,25.70879077911377,20185088,939,squad_prompting_main_full,squad_prompting,results/squad/prompting_main_full/metrics/result_1784836443.json,main_full
squad,prompting,lora,full,8.0,8.0,1.0,0.0001,5000,low,iso_epoch,42,0.8446042100458984,0.0,1605.1514,25.708582401275635,20185088,939,squad_prompting_main_full,squad_prompting,results/squad/prompting_main_full/metrics/result_1784836450.json,main_full
squad,prompting,lora,full,8.0,8.0,1.0,0.0001,5000,low,iso_epoch,43,0.8465455564043803,0.0,1604.0788,25.70878505706787,20185088,939,squad_prompting_main_full,squad_prompting,results/squad/prompting_main_full/metrics/result_1784836456.json,main_full
squad,prompting,lora,full,8.0,8.0,1.0,0.0003,5000,low,iso_epoch,42,0.8537814885552674,0.0,1616.2735,25.708582401275635,20185088,939,squad_prompting_main_full,squad_prompting,results/squad/prompting_main_full/metrics/result_1784837598.json,main_full
squad,prompting,lora,full,8.0,8.0,1.0,0.0003,5000,low,iso_epoch,43,0.8488529157117399,0.0,1601.8222,25.70878505706787,20185088,939,squad_prompting_main_full,squad_prompting,results/squad/prompting_main_full/metrics/result_1784838424.json,main_full
squad,prompting,lora,full,8.0,8.0,1.0,0.0005,5000,low,iso_epoch,42,0.8464096494866319,0.0,1615.107,25.708582401275635,20185088,939,squad_prompting_main_full,squad_prompting,results/squad/prompting_main_full/metrics/result_1784838623.json,main_full
squad,prompting,lora,full,8.0,8.0,1.0,0.0003,5000,low,iso_epoch,44,0.8437371072140899,0.0,1613.0007,25.70879077911377,20185088,939,squad_prompting_main_full,squad_prompting,results/squad/prompting_main_full/metrics/result_1784838632.json,main_full
squad,prompting,lora,full,8.0,8.0,1.0,0.0005,5000,low,iso_epoch,43,0.8443065953654192,0.0,1606.2579,25.70878505706787,20185088,939,squad_prompting_main_full,squad_prompting,results/squad/prompting_main_full/metrics/result_1784839474.json,main_full
squad,prompting,lora,full,8.0,8.0,1.0,0.0005,5000,low,iso_epoch,44,0.8456515187285011,0.0,1612.0029,25.70879077911377,20185088,939,squad_prompting_main_full,squad_prompting,results/squad/prompting_main_full/metrics/result_1784840352.json,main_full
squad,prompting,lora,full,8.0,16.0,2.0,0.0001,5000,low,iso_epoch,42,0.844302975811026,0.0,1610.156,25.708582401275635,20185088,939,squad_prompting_main_full,squad_prompting,results/squad/prompting_main_full/metrics/result_1784840499.json,main_full
squad,prompting,lora,full,8.0,16.0,2.0,0.0001,5000,low,iso_epoch,43,0.8509627417980734,0.0,1614.1468,25.70878505706787,20185088,939,squad_prompting_main_full,squad_prompting,results/squad/prompting_main_full/metrics/result_1784840519.json,main_full
squad,prompting,lora,full,8.0,16.0,2.0,0.0001,5000,low,iso_epoch,44,0.8355022813787526,0.0,1653.6404,25.70879077911377,20185088,939,squad_prompting_main_full,squad_prompting,results/squad/prompting_main_full/metrics/result_1784841595.json,main_full
squad,prompting,lora,full,8.0,16.0,2.0,0.0003,5000,low,iso_epoch,42,0.848141924618907,0.0,1680.2344,25.708582401275635,20185088,939,squad_prompting_main_full,squad_prompting,results/squad/prompting_main_full/metrics/result_1784842566.json,main_full
squad,prompting,lora,full,8.0,16.0,2.0,0.0003,5000,low,iso_epoch,43,0.8490585050170665,0.0,1652.4624,25.70878505706787,20185088,939,squad_prompting_main_full,squad_prompting,results/squad/prompting_main_full/metrics/result_1784842594.json,main_full
squad,prompting,lora,full,8.0,16.0,2.0,0.0003,5000,low,iso_epoch,44,0.8509574905344732,0.0,1651.535,25.70879077911377,20185088,939,squad_prompting_main_full,squad_prompting,results/squad/prompting_main_full/metrics/result_1784842595.json,main_full
squad,prompting,lora,full,8.0,16.0,2.0,0.0005,5000,low,iso_epoch,42,0.8545531474566375,0.0,1678.0752,25.708582401275635,20185088,939,squad_prompting_main_full,squad_prompting,results/squad/prompting_main_full/metrics/result_1784843898.json,main_full
squad,prompting,lora,full,8.0,16.0,2.0,0.0005,5000,low,iso_epoch,44,0.8379777934199935,0.0,1607.4045,25.70879077911377,20185088,939,squad_prompting_main_full,squad_prompting,results/squad/prompting_main_full/metrics/result_1784844610.json,main_full
squad,prompting,lora,full,8.0,16.0,2.0,0.0005,5000,low,iso_epoch,43,0.8367955645377645,0.0,1614.6534,25.70878505706787,20185088,939,squad_prompting_main_full,squad_prompting,results/squad/prompting_main_full/metrics/result_1784844621.json,main_full
squad,prompting,lora,full,16.0,16.0,1.0,0.0001,5000,low,iso_epoch,42,0.8450220844801345,0.0,1629.459,25.890531539916992,40370176,939,squad_prompting_main_full,squad_prompting,results/squad/prompting_main_full/metrics/result_1784844710.json,main_full
squad,prompting,lora,full,16.0,16.0,1.0,0.0001,5000,low,iso_epoch,43,0.8417425737308465,0.0,1619.3404,25.893614768981934,40370176,939,squad_prompting_main_full,squad_prompting,results/squad/prompting_main_full/metrics/result_1784845958.json,main_full
squad,prompting,lora,full,16.0,16.0,1.0,0.0003,5000,low,iso_epoch,42,0.8475793686563514,0.0,1610.3951,25.890531539916992,40370176,939,squad_prompting_main_full,squad_prompting,results/squad/prompting_main_full/metrics/result_1784846583.json,main_full
squad,prompting,lora,full,16.0,16.0,1.0,0.0001,5000,low,iso_epoch,44,0.838461607673373,0.0,1615.2799,25.89012622833252,40370176,939,squad_prompting_main_full,squad_prompting,results/squad/prompting_main_full/metrics/result_1784846590.json,main_full
squad,prompting,lora,full,16.0,16.0,1.0,0.0003,5000,low,iso_epoch,43,0.8465910125679951,0.0,1610.4636,25.893614768981934,40370176,939,squad_prompting_main_full,squad_prompting,results/squad/prompting_main_full/metrics/result_1784846602.json,main_full
squad,prompting,lora,full,16.0,16.0,1.0,0.0003,5000,low,iso_epoch,44,0.8456622635392461,0.0,1628.8467,25.89012622833252,40370176,939,squad_prompting_main_full,squad_prompting,results/squad/prompting_main_full/metrics/result_1784848030.json,main_full
squad,prompting,lora,full,16.0,16.0,1.0,0.0005,5000,low,iso_epoch,44,0.8402609777879603,0.0,1610.6178,25.89012622833252,40370176,939,squad_prompting_main_full,squad_prompting,results/squad/prompting_main_full/metrics/result_1784848690.json,main_full
squad,prompting,lora,full,16.0,16.0,1.0,0.0005,5000,low,iso_epoch,43,0.8479790359682947,0.0,1614.968,25.893614768981934,40370176,939,squad_prompting_main_full,squad_prompting,results/squad/prompting_main_full/metrics/result_1784848697.json,main_full
squad,prompting,lora,full,16.0,16.0,1.0,0.0005,5000,low,iso_epoch,42,0.8348882787147498,0.0,1653.9988,25.889344692230225,40370176,939,squad_prompting_main_full,squad_prompting,results/squad/prompting_main_full/metrics/result_1784848704.json,main_full
squad,prompting,lora,full,16.0,32.0,2.0,0.0001,5000,low,iso_epoch,42,0.8458478719395606,0.0,1639.0799,25.890531539916992,40370176,939,squad_prompting_main_full,squad_prompting,results/squad/prompting_main_full/metrics/result_1784850013.json,main_full
squad,prompting,lora,full,16.0,32.0,2.0,0.0001,5000,low,iso_epoch,43,0.849830310068583,0.0,1621.3909,25.893614768981934,40370176,939,squad_prompting_main_full,squad_prompting,results/squad/prompting_main_full/metrics/result_1784850734.json,main_full
squad,prompting,lora,full,16.0,32.0,2.0,0.0003,5000,low,iso_epoch,42,0.840907500466062,0.0,1611.1885,25.890531539916992,40370176,939,squad_prompting_main_full,squad_prompting,results/squad/prompting_main_full/metrics/result_1784850754.json,main_full
squad,prompting,lora,full,16.0,32.0,2.0,0.0001,5000,low,iso_epoch,44,0.8399045513310224,0.0,1671.6752,25.89012622833252,40370176,939,squad_prompting_main_full,squad_prompting,results/squad/prompting_main_full/metrics/result_1784850801.json,main_full
squad,prompting,lora,full,16.0,32.0,2.0,0.0003,5000,low,iso_epoch,43,0.8478156656926481,0.0,1622.1554,25.893614768981934,40370176,939,squad_prompting_main_full,squad_prompting,results/squad/prompting_main_full/metrics/result_1784851936.json,main_full
squad,prompting,lora,full,16.0,32.0,2.0,0.0003,5000,low,iso_epoch,44,0.846046990889191,0.0,1625.9867,25.89012622833252,40370176,939,squad_prompting_main_full,squad_prompting,results/squad/prompting_main_full/metrics/result_1784852669.json,main_full
squad,prompting,lora,full,16.0,32.0,2.0,0.0005,5000,low,iso_epoch,42,0.8395014586436583,0.0,1609.8825,25.890531539916992,40370176,939,squad_prompting_main_full,squad_prompting,results/squad/prompting_main_full/metrics/result_1784852706.json,main_full
squad,prompting,lora,full,16.0,32.0,2.0,0.0005,5000,low,iso_epoch,43,0.8499880673650498,0.0,1627.757,25.893614768981934,40370176,939,squad_prompting_main_full,squad_prompting,results/squad/prompting_main_full/metrics/result_1784852782.json,main_full
squad,prompting,lora,full,16.0,32.0,2.0,0.0005,5000,low,iso_epoch,44,0.8559655644866646,0.0,1620.2031,25.89012622833252,40370176,939,squad_prompting_main_full,squad_prompting,results/squad/prompting_main_full/metrics/result_1784853941.json,main_full
squad,prompting,lora,full,32.0,32.0,1.0,0.0001,5000,low,iso_epoch,42,0.8514663767749385,0.0,1619.7371,26.163789749145508,80740352,939,squad_prompting_main_full,squad_prompting,results/squad/prompting_main_full/metrics/result_1784854532.json,main_full
squad,prompting,lora,full,32.0,32.0,1.0,0.0001,5000,low,iso_epoch,43,0.8452028858798681,0.0,1662.2312,26.16150999069214,80740352,939,squad_prompting_main_full,squad_prompting,results/squad/prompting_main_full/metrics/result_1784854795.json,main_full
squad,prompting,lora,full,32.0,32.0,1.0,0.0001,5000,low,iso_epoch,44,0.8424350560115274,0.0,1666.0615,26.15952968597412,80740352,939,squad_prompting_main_full,squad_prompting,results/squad/prompting_main_full/metrics/result_1784854923.json,main_full
squad,prompting,lora,full,32.0,32.0,1.0,0.0003,5000,low,iso_epoch,42,0.8538333998103824,0.0,1654.3624,26.163789749145508,80740352,939,squad_prompting_main_full,squad_prompting,results/squad/prompting_main_full/metrics/result_1784856111.json,main_full
squad,prompting,lora,full,32.0,32.0,1.0,0.0003,5000,low,iso_epoch,43,0.8596115142884969,0.0,1612.8688,26.16150999069214,80740352,939,squad_prompting_main_full,squad_prompting,results/squad/prompting_main_full/metrics/result_1784856415.json,main_full
squad,prompting,lora,full,32.0,32.0,1.0,0.0003,5000,low,iso_epoch,44,0.8363828328250332,0.0,1685.1779,26.15952968597412,80740352,939,squad_prompting_main_full,squad_prompting,results/squad/prompting_main_full/metrics/result_1784856968.json,main_full
squad,prompting,lora,full,32.0,32.0,1.0,0.0005,5000,low,iso_epoch,42,0.8541683796453621,0.0,1622.7022,26.163789749145508,80740352,939,squad_prompting_main_full,squad_prompting,results/squad/prompting_main_full/metrics/result_1784857088.json,main_full
squad,prompting,lora,full,32.0,32.0,1.0,0.0005,5000,low,iso_epoch,43,0.8398434539174953,0.0,1677.2482,26.16150999069214,80740352,939,squad_prompting_main_full,squad_prompting,results/squad/prompting_main_full/metrics/result_1784858272.json,main_full
squad,prompting,lora,full,32.0,32.0,1.0,0.0005,5000,low,iso_epoch,44,0.8476149464119291,0.0,1685.6391,26.15952968597412,80740352,939,squad_prompting_main_full,squad_prompting,results/squad/prompting_main_full/metrics/result_1784858564.json,main_full
squad,prompting,lora,full,32.0,64.0,2.0,0.0001,5000,low,iso_epoch,42,0.8395168292464436,0.0,1614.8653,26.163789749145508,80740352,939,squad_prompting_main_full,squad_prompting,results/squad/prompting_main_full/metrics/result_1784859154.json,main_full
squad,prompting,lora,full,32.0,64.0,2.0,0.0001,5000,low,iso_epoch,43,0.8510759451877105,0.0,1638.2929,26.16150999069214,80740352,939,squad_prompting_main_full,squad_prompting,results/squad/prompting_main_full/metrics/result_1784859251.json,main_full
squad,prompting,lora,full,32.0,64.0,2.0,0.0001,5000,low,iso_epoch,44,0.8431167932285585,0.0,1618.5437,26.15952968597412,80740352,939,squad_prompting_main_full,squad_prompting,results/squad/prompting_main_full/metrics/result_1784861098.json,main_full
squad,prompting,lora,full,32.0,64.0,2.0,0.0003,5000,low,iso_epoch,42,0.8422473118242945,0.0,1635.6872,26.163789749145508,80740352,939,squad_prompting_main_full,squad_prompting,results/squad/prompting_main_full/metrics/result_1784861313.json,main_full
squad,prompting,lora,full,32.0,64.0,2.0,0.0003,5000,low,iso_epoch,43,0.8476039329809155,0.0,1617.9838,26.16150999069214,80740352,939,squad_prompting_main_full,squad_prompting,results/squad/prompting_main_full/metrics/result_1784862999.json,main_full
squad,prompting,lora,full,32.0,64.0,2.0,0.0003,5000,low,iso_epoch,44,0.8563631526398254,0.0,1635.8407,26.15952968597412,80740352,939,squad_prompting_main_full,squad_prompting,results/squad/prompting_main_full/metrics/result_1784863395.json,main_full
squad,prompting,lora,full,32.0,64.0,2.0,0.0005,5000,low,iso_epoch,42,0.0,0.0,1622.9419,26.163789749145508,80740352,939,squad_prompting_main_full,squad_prompting,results/squad/prompting_main_full/metrics/result_1784863833.json,main_full
squad,prompting,lora,full,32.0,64.0,2.0,0.0005,5000,low,iso_epoch,43,0.8379553968623028,0.0,1619.6165,26.16150999069214,80740352,939,squad_prompting_main_full,squad_prompting,results/squad/prompting_main_full/metrics/result_1784864929.json,main_full
squad,prompting,lora,full,32.0,64.0,2.0,0.0005,5000,low,iso_epoch,44,0.0,0.0,1635.8216,26.15952968597412,80740352,939,squad_prompting_main_full,squad_prompting,results/squad/prompting_main_full/metrics/result_1784865487.json,main_full
squad,prompting,lora,full,64.0,128.0,2.0,0.0001,5000,low,iso_epoch,42,0.84631439015659,0.0,1642.685,26.76269054412841,161480704,939,squad_prompting_main_full,squad_prompting,results/squad/prompting_main_full/metrics/result_1784866009.json,main_full
squad,prompting,lora,full,64.0,128.0,2.0,0.0001,5000,low,iso_epoch,43,0.8421738586979003,0.0,1634.6748,26.75623989105225,161480704,939,squad_prompting_main_full,squad_prompting,results/squad/prompting_main_full/metrics/result_1784866856.json,main_full
squad,prompting,lora,full,64.0,128.0,2.0,0.0001,5000,low,iso_epoch,44,0.8488770006539832,0.0,1652.9044,26.75673007965088,161480704,939,squad_prompting_main_full,squad_prompting,results/squad/prompting_main_full/metrics/result_1784867658.json,main_full
squad,prompting,lora,full,64.0,128.0,2.0,0.0003,5000,low,iso_epoch,42,0.838378878935785,0.0,1638.7663,26.76269054412841,161480704,939,squad_prompting_main_full,squad_prompting,results/squad/prompting_main_full/metrics/result_1784868103.json,main_full
squad,prompting,lora,full,64.0,128.0,2.0,0.0003,5000,low,iso_epoch,43,0.8306064244962202,0.0,1633.6733,26.75623989105225,161480704,939,squad_prompting_main_full,squad_prompting,results/squad/prompting_main_full/metrics/result_1784868766.json,main_full
squad,prompting,lora,full,64.0,128.0,2.0,0.0003,5000,low,iso_epoch,44,0.0,1.0,1652.2884,26.75673007965088,161480704,939,squad_prompting_main_full,squad_prompting,results/squad/prompting_main_full/metrics/result_1784869699.json,main_full
squad,prompting,lora,full,64.0,128.0,2.0,0.0005,5000,low,iso_epoch,42,0.0,0.0,1648.1031,26.76269054412841,161480704,939,squad_prompting_main_full,squad_prompting,results/squad/prompting_main_full/metrics/result_1784870266.json,main_full
squad,prompting,lora,full,64.0,128.0,2.0,0.0005,5000,low,iso_epoch,43,0.0,0.0,1645.2121,26.75623989105225,161480704,939,squad_prompting_main_full,squad_prompting,results/squad/prompting_main_full/metrics/result_1784870486.json,main_full
squad,prompting,lora,full,64.0,128.0,2.0,0.0005,5000,low,iso_epoch,44,0.0,0.0,1634.1214,26.75673007965088,161480704,939,squad_prompting_main_full,squad_prompting,results/squad/prompting_main_full/metrics/result_1784870695.json,main_full
squad,prompting,lora,full,64.0,128.0,2.0,0.0003,5000,low,iso_epoch,45,0.8433877111994764,0.0,1637.9226,26.75627994537353,161480704,939,squad_prompting_main_full_riskyseeds_lr3e4,squad_prompting,results/squad/prompting_main_full_riskyseeds_lr3e4/metrics/result_1785744191284745943_1447338.json,main_full_riskyseeds_lr3e4
squad,prompting,lora,full,64.0,128.0,2.0,0.0003,5000,low,iso_epoch,46,0.8280084868006868,0.0,1645.0426,26.75845432281494,161480704,939,squad_prompting_main_full_riskyseeds_lr3e4,squad_prompting,results/squad/prompting_main_full_riskyseeds_lr3e4/metrics/result_1785746575378396189_1453631.json,main_full_riskyseeds_lr3e4
squad,prompting,lora,full,64.0,128.0,2.0,0.0003,5000,low,iso_epoch,49,0.8394385261655085,0.0,1636.8346,26.75831937789917,161480704,939,squad_prompting_main_full_riskyseeds_lr3e4,squad_prompting,results/squad/prompting_main_full_riskyseeds_lr3e4/metrics/result_1785747094904853136_2360535.json,main_full_riskyseeds_lr3e4
squad,prompting,lora,full,64.0,128.0,2.0,0.0003,5000,low,iso_epoch,48,0.8292366204073414,0.0,1634.3812,26.757449626922607,161480704,939,squad_prompting_main_full_riskyseeds_lr3e4,squad_prompting,results/squad/prompting_main_full_riskyseeds_lr3e4/metrics/result_1785747102683326487_2360658.json,main_full_riskyseeds_lr3e4
squad,prompting,lora,full,64.0,128.0,2.0,0.0003,5000,low,iso_epoch,47,0.8378936948319676,0.0,1634.494,26.15510320663452,161480704,939,squad_prompting_main_full_riskyseeds_lr3e4,squad_prompting,results/squad/prompting_main_full_riskyseeds_lr3e4/metrics/result_1785747103002430917_2360536.json,main_full_riskyseeds_lr3e4
squad,prompting,lora,full,64.0,128.0,2.0,0.0003,5000,low,iso_epoch,50,0.8273136872406698,0.0,1659.6497,26.757636547088623,161480704,939,squad_prompting_main_full_riskyseeds_lr3e4,squad_prompting,results/squad/prompting_main_full_riskyseeds_lr3e4/metrics/result_1785748537919530274_1463087.json,main_full_riskyseeds_lr3e4
squad,prompting,lora,full,64.0,128.0,2.0,0.0003,5000,low,iso_epoch,51,0.8412503151012104,0.0,1656.6199,26.153650760650635,161480704,939,squad_prompting_main_full_riskyseeds_lr3e4,squad_prompting,results/squad/prompting_main_full_riskyseeds_lr3e4/metrics/result_1785749097142591872_2367546.json,main_full_riskyseeds_lr3e4
squad,prompting,lora,full,32.0,64.0,2.0,0.0005,5000,low,iso_epoch,45,0.0,0.996,1644.7552,26.154419898986816,80740352,939,squad_prompting_main_full_riskyseeds_lr5e4,squad_prompting,results/squad/prompting_main_full_riskyseeds_lr5e4/metrics/result_1785740150441641454_406253.json,main_full_riskyseeds_lr5e4
squad,prompting,lora,full,32.0,64.0,2.0,0.0005,5000,low,iso_epoch,46,0.8437570399449941,0.0,1638.09,26.156258583068848,80740352,939,squad_prompting_main_full_riskyseeds_lr5e4,squad_prompting,results/squad/prompting_main_full_riskyseeds_lr5e4/metrics/result_1785743899812061044_414039.json,main_full_riskyseeds_lr5e4
squad,prompting,lora,full,32.0,64.0,2.0,0.0005,5000,low,iso_epoch,48,0.8231379589767062,0.0,1608.6248,26.15165662765503,80740352,939,squad_prompting_main_full_riskyseeds_lr5e4,squad_prompting,results/squad/prompting_main_full_riskyseeds_lr5e4/metrics/result_1785744157620658182_1447339.json,main_full_riskyseeds_lr5e4
squad,prompting,lora,full,32.0,64.0,2.0,0.0005,5000,low,iso_epoch,49,0.8374246631477228,0.0,1617.3455,26.15429639816284,80740352,939,squad_prompting_main_full_riskyseeds_lr5e4,squad_prompting,results/squad/prompting_main_full_riskyseeds_lr5e4/metrics/result_1785744172341950396_1447341.json,main_full_riskyseeds_lr5e4
squad,prompting,lora,full,32.0,64.0,2.0,0.0005,5000,low,iso_epoch,47,0.0,0.0,1612.553,25.850568294525143,80740352,939,squad_prompting_main_full_riskyseeds_lr5e4,squad_prompting,results/squad/prompting_main_full_riskyseeds_lr5e4/metrics/result_1785744218421471207_1447340.json,main_full_riskyseeds_lr5e4
squad,prompting,lora,full,32.0,64.0,2.0,0.0005,5000,low,iso_epoch,51,0.0,1.0,1639.4411,25.84911584854126,80740352,939,squad_prompting_main_full_riskyseeds_lr5e4,squad_prompting,results/squad/prompting_main_full_riskyseeds_lr5e4/metrics/result_1785746433497779021_1453630.json,main_full_riskyseeds_lr5e4
squad,prompting,lora,full,32.0,64.0,2.0,0.0005,5000,low,iso_epoch,50,0.0,0.892,1645.3396,26.15483045578003,80740352,939,squad_prompting_main_full_riskyseeds_lr5e4,squad_prompting,results/squad/prompting_main_full_riskyseeds_lr5e4/metrics/result_1785746438806870979_420054.json,main_full_riskyseeds_lr5e4
squad,prompting,lora,qv,4.0,8.0,2.0,0.0001,5000,low,iso_epoch,42,0.8450279345280489,0.0,1128.2261,25.55576181411743,1261568,939,squad_prompting_main_qv,squad_prompting,results/squad/prompting_main_qv/metrics/result_1784827879.json,main_qv
squad,prompting,lora,qv,4.0,8.0,2.0,0.0001,5000,low,iso_epoch,43,0.8404218650419794,0.0,1137.0902,25.555964469909668,1261568,939,squad_prompting_main_qv,squad_prompting,results/squad/prompting_main_qv/metrics/result_1784827892.json,main_qv
squad,prompting,lora,qv,4.0,8.0,2.0,0.0003,5000,low,iso_epoch,42,0.843035044911516,0.0,1133.3067,25.55576181411743,1261568,939,squad_prompting_main_qv,squad_prompting,results/squad/prompting_main_qv/metrics/result_1784827895.json,main_qv
squad,prompting,lora,qv,4.0,8.0,2.0,0.0001,5000,low,iso_epoch,44,0.844849570669685,0.0,1138.8093,25.555970191955566,1261568,939,squad_prompting_main_qv,squad_prompting,results/squad/prompting_main_qv/metrics/result_1784827897.json,main_qv
squad,prompting,lora,qv,4.0,8.0,2.0,0.0005,5000,low,iso_epoch,42,0.8439985132079255,0.0,1135.6658,25.55576181411743,1261568,939,squad_prompting_main_qv,squad_prompting,results/squad/prompting_main_qv/metrics/result_1784829289.json,main_qv
squad,prompting,lora,qv,4.0,8.0,2.0,0.0003,5000,low,iso_epoch,43,0.844925169666935,0.0,1137.1565,25.555964469909668,1261568,939,squad_prompting_main_qv,squad_prompting,results/squad/prompting_main_qv/metrics/result_1784829291.json,main_qv
squad,prompting,lora,qv,4.0,8.0,2.0,0.0003,5000,low,iso_epoch,44,0.8480291708488303,0.0,1137.2875,25.555970191955566,1261568,939,squad_prompting_main_qv,squad_prompting,results/squad/prompting_main_qv/metrics/result_1784829293.json,main_qv
squad,prompting,lora,qv,4.0,8.0,2.0,0.0005,5000,low,iso_epoch,43,0.8432327173752102,0.0,1135.6862,25.555964469909668,1261568,939,squad_prompting_main_qv,squad_prompting,results/squad/prompting_main_qv/metrics/result_1784829334.json,main_qv
squad,prompting,lora,qv,8.0,8.0,1.0,0.0001,5000,low,iso_epoch,42,0.8493612678613822,0.0,1140.6757,25.567217350006104,2523136,939,squad_prompting_main_qv,squad_prompting,results/squad/prompting_main_qv/metrics/result_1784830747.json,main_qv
squad,prompting,lora,qv,8.0,8.0,1.0,0.0001,5000,low,iso_epoch,43,0.8431721680722822,0.0,1143.0741,25.56742000579834,2523136,939,squad_prompting_main_qv,squad_prompting,results/squad/prompting_main_qv/metrics/result_1784830748.json,main_qv
squad,prompting,lora,qv,4.0,8.0,2.0,0.0005,5000,low,iso_epoch,44,0.8605738684491312,0.0,1147.4701,25.555970191955566,1261568,939,squad_prompting_main_qv,squad_prompting,results/squad/prompting_main_qv/metrics/result_1784830752.json,main_qv
squad,prompting,lora,qv,8.0,8.0,1.0,0.0001,5000,low,iso_epoch,44,0.8469834900836044,0.0,1138.9779,25.56742572784424,2523136,939,squad_prompting_main_qv,squad_prompting,results/squad/prompting_main_qv/metrics/result_1784832000.json,main_qv
squad,prompting,lora,qv,8.0,8.0,1.0,0.0003,5000,low,iso_epoch,44,0.8543705553270269,0.0,1133.1986,25.56742572784424,2523136,939,squad_prompting_main_qv,squad_prompting,results/squad/prompting_main_qv/metrics/result_1784832151.json,main_qv
squad,prompting,lora,qv,8.0,8.0,1.0,0.0003,5000,low,iso_epoch,43,0.845480741872507,0.0,1130.4034,25.56742000579834,2523136,939,squad_prompting_main_qv,squad_prompting,results/squad/prompting_main_qv/metrics/result_1784832251.json,main_qv
squad,prompting,lora,qv,8.0,8.0,1.0,0.0003,5000,low,iso_epoch,42,0.8559016871581585,0.0,1135.9361,25.567217350006104,2523136,939,squad_prompting_main_qv,squad_prompting,results/squad/prompting_main_qv/metrics/result_1784832254.json,main_qv
squad,prompting,lora,qv,8.0,8.0,1.0,0.0005,5000,low,iso_epoch,42,0.8506997407175018,0.0,1126.0661,25.567217350006104,2523136,939,squad_prompting_main_qv,squad_prompting,results/squad/prompting_main_qv/metrics/result_1784833620.json,main_qv
squad,prompting,lora,qv,8.0,8.0,1.0,0.0005,5000,low,iso_epoch,43,0.8457368586315647,0.0,1127.2218,25.56742000579834,2523136,939,squad_prompting_main_qv,squad_prompting,results/squad/prompting_main_qv/metrics/result_1784833621.json,main_qv
squad,prompting,lora,qv,8.0,8.0,1.0,0.0005,5000,low,iso_epoch,44,0.8525668853586507,0.0,1134.136,25.56742572784424,2523136,939,squad_prompting_main_qv,squad_prompting,results/squad/prompting_main_qv/metrics/result_1784833641.json,main_qv
squad,prompting,lora,qv,8.0,16.0,2.0,0.0001,5000,low,iso_epoch,42,0.8460318678706922,0.0,1134.2727,25.567217350006104,2523136,939,squad_prompting_main_qv,squad_prompting,results/squad/prompting_main_qv/metrics/result_1784833741.json,main_qv
squad,prompting,lora,qv,8.0,16.0,2.0,0.0003,5000,low,iso_epoch,42,0.8482915639480347,0.0,1130.5837,25.567217350006104,2523136,939,squad_prompting_main_qv,squad_prompting,results/squad/prompting_main_qv/metrics/result_1784835066.json,main_qv
squad,prompting,lora,qv,8.0,16.0,2.0,0.0001,5000,low,iso_epoch,43,0.8368543965192168,0.0,1128.4162,25.56742000579834,2523136,939,squad_prompting_main_qv,squad_prompting,results/squad/prompting_main_qv/metrics/result_1784835135.json,main_qv
squad,prompting,lora,qv,8.0,16.0,2.0,0.0003,5000,low,iso_epoch,43,0.8484164130926983,0.0,1135.7774,25.56742000579834,2523136,939,squad_prompting_main_qv,squad_prompting,results/squad/prompting_main_qv/metrics/result_1784835140.json,main_qv
squad,prompting,lora,qv,8.0,16.0,2.0,0.0003,5000,low,iso_epoch,44,0.8461603338491578,0.0,1130.0292,25.56742572784424,2523136,939,squad_prompting_main_qv,squad_prompting,results/squad/prompting_main_qv/metrics/result_1784836457.json,main_qv
squad,prompting,lora,qv,8.0,16.0,2.0,0.0005,5000,low,iso_epoch,44,0.8552603284373109,0.0,1127.9462,25.56742572784424,2523136,939,squad_prompting_main_qv,squad_prompting,results/squad/prompting_main_qv/metrics/result_1784836643.json,main_qv
squad,prompting,lora,qv,8.0,16.0,2.0,0.0005,5000,low,iso_epoch,42,0.8474764580082229,0.0,1130.0642,25.567217350006104,2523136,939,squad_prompting_main_qv,squad_prompting,results/squad/prompting_main_qv/metrics/result_1784836653.json,main_qv
squad,prompting,lora,qv,8.0,16.0,2.0,0.0005,5000,low,iso_epoch,43,0.8500569043301718,0.0,1130.0112,25.56742000579834,2523136,939,squad_prompting_main_qv,squad_prompting,results/squad/prompting_main_qv/metrics/result_1784836656.json,main_qv
squad,prompting,lora,qv,16.0,16.0,1.0,0.0001,5000,low,iso_epoch,42,0.8469720664955964,0.0,1130.7609,25.59079599380493,5046272,939,squad_prompting_main_qv,squad_prompting,results/squad/prompting_main_qv/metrics/result_1784837894.json,main_qv
squad,prompting,lora,qv,16.0,16.0,1.0,0.0003,5000,low,iso_epoch,42,0.8462881617946327,0.0,1125.7764,25.59079599380493,5046272,939,squad_prompting_main_qv,squad_prompting,results/squad/prompting_main_qv/metrics/result_1784838181.json,main_qv
squad,prompting,lora,qv,16.0,16.0,1.0,0.0001,5000,low,iso_epoch,43,0.8407543965192166,0.0,1149.8745,25.590998649597168,5046272,939,squad_prompting_main_qv,squad_prompting,results/squad/prompting_main_qv/metrics/result_1784838261.json,main_qv
squad,prompting,lora,qv,16.0,16.0,1.0,0.0001,5000,low,iso_epoch,44,0.844503536942361,0.0,1150.2397,25.591004371643063,5046272,939,squad_prompting_main_qv,squad_prompting,results/squad/prompting_main_qv/metrics/result_1784838262.json,main_qv
squad,prompting,lora,qv,16.0,16.0,1.0,0.0003,5000,low,iso_epoch,43,0.8514178347795999,0.0,1132.4407,25.590998649597168,5046272,939,squad_prompting_main_qv,squad_prompting,results/squad/prompting_main_qv/metrics/result_1784839263.json,main_qv
squad,prompting,lora,qv,16.0,16.0,1.0,0.0003,5000,low,iso_epoch,44,0.8512555875061764,0.0,1138.8161,25.591004371643063,5046272,939,squad_prompting_main_qv,squad_prompting,results/squad/prompting_main_qv/metrics/result_1784839648.json,main_qv
squad,prompting,lora,qv,16.0,16.0,1.0,0.0005,5000,low,iso_epoch,42,0.8435235065304123,0.0,1128.3448,25.59079599380493,5046272,939,squad_prompting_main_qv,squad_prompting,results/squad/prompting_main_qv/metrics/result_1784839734.json,main_qv
squad,prompting,lora,qv,16.0,16.0,1.0,0.0005,5000,low,iso_epoch,43,0.8342105580483193,0.0,1128.2511,25.590998649597168,5046272,939,squad_prompting_main_qv,squad_prompting,results/squad/prompting_main_qv/metrics/result_1784839741.json,main_qv
squad,prompting,lora,qv,16.0,16.0,1.0,0.0005,5000,low,iso_epoch,44,0.8549259131793663,0.0,1134.1127,25.591004371643063,5046272,939,squad_prompting_main_qv,squad_prompting,results/squad/prompting_main_qv/metrics/result_1784840836.json,main_qv
squad,prompting,lora,qv,16.0,32.0,2.0,0.0001,5000,low,iso_epoch,42,0.8435129758694472,0.0,1128.2121,25.59079599380493,5046272,939,squad_prompting_main_qv,squad_prompting,results/squad/prompting_main_qv/metrics/result_1784841225.json,main_qv
squad,prompting,lora,qv,16.0,32.0,2.0,0.0001,5000,low,iso_epoch,43,0.8487925035313276,0.0,1130.3458,25.590998649597168,5046272,939,squad_prompting_main_qv,squad_prompting,results/squad/prompting_main_qv/metrics/result_1784841227.json,main_qv
squad,prompting,lora,qv,16.0,32.0,2.0,0.0001,5000,low,iso_epoch,44,0.8457563762599066,0.0,1152.575,25.591004371643063,5046272,939,squad_prompting_main_qv,squad_prompting,results/squad/prompting_main_qv/metrics/result_1784841432.json,main_qv
squad,prompting,lora,qv,16.0,32.0,2.0,0.0003,5000,low,iso_epoch,42,0.8396205381622264,0.0,1138.906,25.59079599380493,5046272,939,squad_prompting_main_qv,squad_prompting,results/squad/prompting_main_qv/metrics/result_1784842435.json,main_qv
squad,prompting,lora,qv,16.0,32.0,2.0,0.0003,5000,low,iso_epoch,43,0.8442868406103705,0.0,1152.539,25.590998649597168,5046272,939,squad_prompting_main_qv,squad_prompting,results/squad/prompting_main_qv/metrics/result_1784842655.json,main_qv
squad,prompting,lora,qv,16.0,32.0,2.0,0.0003,5000,low,iso_epoch,44,0.8452433049814642,0.0,1147.2384,25.591004371643063,5046272,939,squad_prompting_main_qv,squad_prompting,results/squad/prompting_main_qv/metrics/result_1784842706.json,main_qv
squad,prompting,lora,qv,16.0,32.0,2.0,0.0005,5000,low,iso_epoch,42,0.8477079389165005,0.0,1140.1753,25.59079599380493,5046272,939,squad_prompting_main_qv,squad_prompting,results/squad/prompting_main_qv/metrics/result_1784842911.json,main_qv
squad,prompting,lora,qv,16.0,32.0,2.0,0.0005,5000,low,iso_epoch,43,0.8493342460882876,0.0,1142.938,25.590998649597168,5046272,939,squad_prompting_main_qv,squad_prompting,results/squad/prompting_main_qv/metrics/result_1784843921.json,main_qv
squad,prompting,lora,qv,32.0,32.0,1.0,0.0001,5000,low,iso_epoch,42,0.8460651785687087,0.0,1131.6875,25.620008945465088,10092544,939,squad_prompting_main_qv,squad_prompting,results/squad/prompting_main_qv/metrics/result_1784844240.json,main_qv
squad,prompting,lora,qv,16.0,32.0,2.0,0.0005,5000,low,iso_epoch,44,0.8338992238143845,0.0,1136.5472,25.591004371643063,5046272,939,squad_prompting_main_qv,squad_prompting,results/squad/prompting_main_qv/metrics/result_1784844251.json,main_qv
squad,prompting,lora,qv,32.0,32.0,1.0,0.0001,5000,low,iso_epoch,43,0.8454937689325929,0.0,1147.7613,25.620211601257324,10092544,939,squad_prompting_main_qv,squad_prompting,results/squad/prompting_main_qv/metrics/result_1784844276.json,main_qv
squad,prompting,lora,qv,32.0,32.0,1.0,0.0001,5000,low,iso_epoch,44,0.8465143849179152,0.0,1137.9073,25.620217323303223,10092544,939,squad_prompting_main_qv,squad_prompting,results/squad/prompting_main_qv/metrics/result_1784845406.json,main_qv
squad,prompting,lora,qv,32.0,32.0,1.0,0.0003,5000,low,iso_epoch,44,0.8415959171054342,0.0,1143.8014,25.620217323303223,10092544,939,squad_prompting_main_qv,squad_prompting,results/squad/prompting_main_qv/metrics/result_1784845660.json,main_qv
squad,prompting,lora,qv,32.0,32.0,1.0,0.0003,5000,low,iso_epoch,43,0.8487555026672676,0.0,1135.4264,25.620211601257324,10092544,939,squad_prompting_main_qv,squad_prompting,results/squad/prompting_main_qv/metrics/result_1784845763.json,main_qv
squad,prompting,lora,qv,32.0,32.0,1.0,0.0003,5000,low,iso_epoch,42,0.8444013733401204,0.0,1139.9362,25.620008945465088,10092544,939,squad_prompting_main_qv,squad_prompting,results/squad/prompting_main_qv/metrics/result_1784845767.json,main_qv
squad,prompting,lora,qv,32.0,32.0,1.0,0.0005,5000,low,iso_epoch,42,0.8402145314884638,0.0,1134.2862,25.620008945465088,10092544,939,squad_prompting_main_qv,squad_prompting,results/squad/prompting_main_qv/metrics/result_1784846780.json,main_qv
squad,prompting,lora,qv,32.0,32.0,1.0,0.0005,5000,low,iso_epoch,43,0.8291311190845722,0.0,1141.6119,25.620211601257324,10092544,939,squad_prompting_main_qv,squad_prompting,results/squad/prompting_main_qv/metrics/result_1784847025.json,main_qv
squad,prompting,lora,qv,32.0,64.0,2.0,0.0001,5000,low,iso_epoch,42,0.8506379531144244,0.0,1131.0573,25.620008945465088,10092544,939,squad_prompting_main_qv,squad_prompting,results/squad/prompting_main_qv/metrics/result_1784847324.json,main_qv
squad,prompting,lora,qv,32.0,32.0,1.0,0.0005,5000,low,iso_epoch,44,0.8384496712227267,0.0,1138.3058,25.620217323303223,10092544,939,squad_prompting_main_qv,squad_prompting,results/squad/prompting_main_qv/metrics/result_1784847334.json,main_qv
squad,prompting,lora,qv,32.0,64.0,2.0,0.0001,5000,low,iso_epoch,43,0.8507831809825314,0.0,1151.1356,25.620211601257324,10092544,939,squad_prompting_main_qv,squad_prompting,results/squad/prompting_main_qv/metrics/result_1784848195.json,main_qv
squad,prompting,lora,qv,32.0,64.0,2.0,0.0001,5000,low,iso_epoch,44,0.853408712812243,0.0,1140.9525,25.620217323303223,10092544,939,squad_prompting_main_qv,squad_prompting,results/squad/prompting_main_qv/metrics/result_1784848436.json,main_qv
squad,prompting,lora,qv,32.0,64.0,2.0,0.0003,5000,low,iso_epoch,43,0.8365641945058829,0.0,1138.009,25.620211601257324,10092544,939,squad_prompting_main_qv,squad_prompting,results/squad/prompting_main_qv/metrics/result_1784848854.json,main_qv
squad,prompting,lora,qv,32.0,64.0,2.0,0.0003,5000,low,iso_epoch,42,0.8421773813190697,0.0,1141.2923,25.620008945465088,10092544,939,squad_prompting_main_qv,squad_prompting,results/squad/prompting_main_qv/metrics/result_1784848862.json,main_qv
squad,prompting,lora,qv,32.0,64.0,2.0,0.0003,5000,low,iso_epoch,44,0.8362769310804212,0.0,1143.2491,25.620217323303223,10092544,939,squad_prompting_main_qv,squad_prompting,results/squad/prompting_main_qv/metrics/result_1784849847.json,main_qv
squad,prompting,lora,qv,32.0,64.0,2.0,0.0005,5000,low,iso_epoch,42,0.8424637983007808,0.0,1150.0043,25.620008945465088,10092544,939,squad_prompting_main_qv,squad_prompting,results/squad/prompting_main_qv/metrics/result_1784850089.json,main_qv
squad,prompting,lora,qv,32.0,64.0,2.0,0.0005,5000,low,iso_epoch,44,0.8401852504005821,0.0,1129.1407,25.620217323303223,10092544,939,squad_prompting_main_qv,squad_prompting,results/squad/prompting_main_qv/metrics/result_1784850352.json,main_qv
squad,prompting,lora,qv,32.0,64.0,2.0,0.0005,5000,low,iso_epoch,43,0.8373092309840395,0.0,1135.2633,25.620211601257324,10092544,939,squad_prompting_main_qv,squad_prompting,results/squad/prompting_main_qv/metrics/result_1784850371.json,main_qv
squad,prompting,lora,qv,64.0,128.0,2.0,0.0001,5000,low,iso_epoch,42,0.8495067963484846,0.0,1139.7283,25.69629907608032,20185088,939,squad_prompting_main_qv,squad_prompting,results/squad/prompting_main_qv/metrics/result_1784851235.json,main_qv
squad,prompting,lora,qv,64.0,128.0,2.0,0.0001,5000,low,iso_epoch,43,0.8504918806683515,0.0,1151.2884,25.69650173187256,20185088,939,squad_prompting_main_qv,squad_prompting,results/squad/prompting_main_qv/metrics/result_1784851614.json,main_qv
squad,prompting,lora,qv,64.0,128.0,2.0,0.0001,5000,low,iso_epoch,44,0.8426817018802784,0.0,1138.708,25.696507453918457,20185088,939,squad_prompting_main_qv,squad_prompting,results/squad/prompting_main_qv/metrics/result_1784851790.json,main_qv
squad,prompting,lora,qv,64.0,128.0,2.0,0.0003,5000,low,iso_epoch,42,0.8338841802275242,0.0,1135.8452,25.69629907608032,20185088,939,squad_prompting_main_qv,squad_prompting,results/squad/prompting_main_qv/metrics/result_1784851794.json,main_qv
squad,prompting,lora,qv,64.0,128.0,2.0,0.0003,5000,low,iso_epoch,43,0.8403520698868646,0.0,1142.0502,25.69650173187256,20185088,939,squad_prompting_main_qv,squad_prompting,results/squad/prompting_main_qv/metrics/result_1784852617.json,main_qv
squad,prompting,lora,qv,64.0,128.0,2.0,0.0003,5000,low,iso_epoch,44,0.838346998289198,0.0,1146.9008,25.696507453918457,20185088,939,squad_prompting_main_qv,squad_prompting,results/squad/prompting_main_qv/metrics/result_1784853088.json,main_qv
squad,prompting,lora,qv,64.0,128.0,2.0,0.0005,5000,low,iso_epoch,43,0.8262658656718807,0.0,1133.8406,25.69650173187256,20185088,939,squad_prompting_main_qv,squad_prompting,results/squad/prompting_main_qv/metrics/result_1784853262.json,main_qv
squad,prompting,lora,qv,64.0,128.0,2.0,0.0005,5000,low,iso_epoch,42,0.8332413745731397,0.0,1135.9815,25.69629907608032,20185088,939,squad_prompting_main_qv,squad_prompting,results/squad/prompting_main_qv/metrics/result_1784853267.json,main_qv
squad,prompting,lora,qv,64.0,128.0,2.0,0.0005,5000,low,iso_epoch,44,0.8248653278027223,0.0,1134.2131,25.696507453918457,20185088,939,squad_prompting_main_qv,squad_prompting,results/squad/prompting_main_qv/metrics/result_1784853970.json,main_qv
squad,prompting,lora,qv,8.0,16.0,2.0,0.0001,5000,low,iso_epoch,44,0.8457121493825525,0.0,1151.6151,25.56742572784424,2523136,939,squad_prompting_main_qv,squad_prompting,results/squad/prompting_main_qv/metrics/result_1785099596877508639_830821.json,main_qv
squad,prompting,none,,,,,5e-05,1,low,iso_epoch,42,0.3780537664930338,0.0,,14.3208646774292,0,0,squad_prompting_zeroshot,squad_prompting,results/squad/prompting_zeroshot/metrics/result_1784918599.json,zeroshot
squad,prompting,none,,,,,5e-05,1,low,iso_epoch,43,0.3780537664930338,0.0,,14.3208646774292,0,0,squad_prompting_zeroshot,squad_prompting,results/squad/prompting_zeroshot/metrics/result_1784918783.json,zeroshot
squad,prompting,none,,,,,5e-05,1,low,iso_epoch,44,0.3780537664930338,0.0,,14.3208646774292,0,0,squad_prompting_zeroshot,squad_prompting,results/squad/prompting_zeroshot/metrics/result_1784919147.json,zeroshot
conll2003,prompting,lora,attention,4.0,4.0,1.0,0.0001,5000,low,iso_epoch,42,0.9480225988700564,0.0,499.2192,18.314765453338623,2523136,939,conll2003_prompting_main_attention_ratio1_extend,conll2003_prompting,results/conll2003/prompting_main_attention_ratio1_extend/metrics/result_1790157082732639524_1221192.json,main_attention
conll2003,prompting,lora,attention,4.0,4.0,1.0,0.0001,5000,low,iso_epoch,43,0.9489795918367346,0.0,497.3888,18.3053994178772,2523136,939,conll2003_prompting_main_attention_ratio1_extend,conll2003_prompting,results/conll2003/prompting_main_attention_ratio1_extend/metrics/result_1790157177178405277_173006.json,main_attention
conll2003,prompting,lora,attention,4.0,4.0,1.0,0.0001,5000,low,iso_epoch,44,0.945166760881854,0.0,513.6472,18.304913997650143,2523136,939,conll2003_prompting_main_attention_ratio1_extend,conll2003_prompting,results/conll2003/prompting_main_attention_ratio1_extend/metrics/result_1790157378196403603_2852324.json,main_attention
conll2003,prompting,lora,attention,4.0,4.0,1.0,0.0003,5000,low,iso_epoch,43,0.9549041713641488,0.0,496.1456,18.3053994178772,2523136,939,conll2003_prompting_main_attention_ratio1_extend,conll2003_prompting,results/conll2003/prompting_main_attention_ratio1_extend/metrics/result_1790158070087496128_1242604.json,main_attention
conll2003,prompting,lora,attention,4.0,4.0,1.0,0.0003,5000,low,iso_epoch,44,0.9593679458239278,0.0,499.8394,18.304913997650143,2523136,939,conll2003_prompting_main_attention_ratio1_extend,conll2003_prompting,results/conll2003/prompting_main_attention_ratio1_extend/metrics/result_1790158075706955138_1242603.json,main_attention
conll2003,prompting,lora,attention,4.0,4.0,1.0,0.0003,5000,low,iso_epoch,42,0.9565707839819516,0.0,921.8993,18.314765453338623,2523136,939,conll2003_prompting_main_attention_ratio1_extend,conll2003_prompting,results/conll2003/prompting_main_attention_ratio1_extend/metrics/result_1790158134919969198_1784330.json,main_attention
conll2003,prompting,lora,attention,4.0,4.0,1.0,0.0005,5000,low,iso_epoch,42,0.9561797752808988,0.0,501.1978,18.314765453338623,2523136,939,conll2003_prompting_main_attention_ratio1_extend,conll2003_prompting,results/conll2003/prompting_main_attention_ratio1_extend/metrics/result_1790158288910977582_2866037.json,main_attention
conll2003,prompting,lora,attention,4.0,4.0,1.0,0.0005,5000,low,iso_epoch,43,0.9622535211267604,0.0,497.7261,18.3053994178772,2523136,939,conll2003_prompting_main_attention_ratio1_extend,conll2003_prompting,results/conll2003/prompting_main_attention_ratio1_extend/metrics/result_1790159002994248828_1258887.json,main_attention
conll2003,prompting,lora,attention,4.0,4.0,1.0,0.0005,5000,low,iso_epoch,44,0.9616685456595264,0.0,501.1862,18.304913997650143,2523136,939,conll2003_prompting_main_attention_ratio1_extend,conll2003_prompting,results/conll2003/prompting_main_attention_ratio1_extend/metrics/result_1790159008096941767_1258888.json,main_attention
conll2003,prompting,lora,attention,64.0,64.0,1.0,0.0001,5000,low,iso_epoch,43,0.956031567080045,0.0,528.3974,18.44499444961548,40370176,939,conll2003_prompting_main_attention_ratio1_extend,conll2003_prompting,results/conll2003/prompting_main_attention_ratio1_extend/metrics/result_1790159194040435098_2878715.json,main_attention
conll2003,prompting,lora,attention,64.0,64.0,1.0,0.0001,5000,low,iso_epoch,42,0.9572553430821148,0.0,502.7672,18.59538221359253,40370176,939,conll2003_prompting_main_attention_ratio1_extend,conll2003_prompting,results/conll2003/prompting_main_attention_ratio1_extend/metrics/result_1790159284551022026_1788984.json,main_attention
conll2003,prompting,lora,attention,64.0,64.0,1.0,0.0001,5000,low,iso_epoch,44,0.9616685456595264,0.0,503.4213,18.444997310638428,40370176,939,conll2003_prompting_main_attention_ratio1_extend,conll2003_prompting,results/conll2003/prompting_main_attention_ratio1_extend/metrics/result_1790159907764504354_1279395.json,main_attention
conll2003,prompting,lora,attention,64.0,64.0,1.0,0.0003,5000,low,iso_epoch,42,0.9595959595959596,0.0,504.8602,18.59538221359253,40370176,939,conll2003_prompting_main_attention_ratio1_extend,conll2003_prompting,results/conll2003/prompting_main_attention_ratio1_extend/metrics/result_1790159913495213923_1279396.json,main_attention
conll2003,prompting,lora,attention,64.0,64.0,1.0,0.0003,5000,low,iso_epoch,43,0.9588732394366198,0.0,503.5176,18.44499444961548,40370176,939,conll2003_prompting_main_attention_ratio1_extend,conll2003_prompting,results/conll2003/prompting_main_attention_ratio1_extend/metrics/result_1790160160361090954_2893961.json,main_attention
conll2003,prompting,lora,attention,64.0,64.0,1.0,0.0003,5000,low,iso_epoch,44,0.959413754227734,0.0,505.5821,18.444997310638428,40370176,939,conll2003_prompting_main_attention_ratio1_extend,conll2003_prompting,results/conll2003/prompting_main_attention_ratio1_extend/metrics/result_1790160177958647639_1792952.json,main_attention
conll2003,prompting,lora,attention,64.0,64.0,1.0,0.0005,5000,low,iso_epoch,43,0.963882618510158,0.0,503.1631,18.44499444961548,40370176,939,conll2003_prompting_main_attention_ratio1_extend,conll2003_prompting,results/conll2003/prompting_main_attention_ratio1_extend/metrics/result_1790160812380648293_1300967.json,main_attention
conll2003,prompting,lora,attention,64.0,64.0,1.0,0.0005,5000,low,iso_epoch,42,0.956031567080045,0.0,502.8931,18.59538221359253,40370176,939,conll2003_prompting_main_attention_ratio1_extend,conll2003_prompting,results/conll2003/prompting_main_attention_ratio1_extend/metrics/result_1790160815807902757_1300966.json,main_attention
conll2003,prompting,lora,attention,64.0,64.0,1.0,0.0005,5000,low,iso_epoch,44,0.9594594594594594,0.0,504.8487,18.444997310638428,40370176,939,conll2003_prompting_main_attention_ratio1_extend,conll2003_prompting,results/conll2003/prompting_main_attention_ratio1_extend/metrics/result_1790161042142842980_2906140.json,main_attention
conll2003,prompting,lora,full,4.0,4.0,1.0,0.0001,5000,low,iso_epoch,42,0.9571106094808126,0.0,671.8557,18.38512372970581,10092544,939,conll2003_prompting_main_full_ratio1_extend,conll2003_prompting,results/conll2003/prompting_main_full_ratio1_extend/metrics/result_1790158305450131489_186310.json,main_full
conll2003,prompting,lora,full,4.0,4.0,1.0,0.0001,5000,low,iso_epoch,43,0.9565217391304348,0.0,670.7253,18.34752893447876,10092544,939,conll2003_prompting_main_full_ratio1_extend,conll2003_prompting,results/conll2003/prompting_main_full_ratio1_extend/metrics/result_1790158410839130044_3099280.json,main_full
conll2003,prompting,lora,full,4.0,4.0,1.0,0.0001,5000,low,iso_epoch,44,0.95819209039548,0.0,680.316,18.34753179550171,10092544,939,conll2003_prompting_main_full_ratio1_extend,conll2003_prompting,results/conll2003/prompting_main_full_ratio1_extend/metrics/result_1790158566856259029_2866155.json,main_full
conll2003,prompting,lora,full,4.0,4.0,1.0,0.0003,5000,low,iso_epoch,43,0.9621682665160928,0.0,674.3882,18.34752893447876,10092544,939,conll2003_prompting_main_full_ratio1_extend,conll2003_prompting,results/conll2003/prompting_main_full_ratio1_extend/metrics/result_1790159444443607309_204104.json,main_full
conll2003,prompting,lora,full,4.0,4.0,1.0,0.0003,5000,low,iso_epoch,42,0.9606299212598426,0.0,691.1965,18.38512372970581,10092544,939,conll2003_prompting_main_full_ratio1_extend,conll2003_prompting,results/conll2003/prompting_main_full_ratio1_extend/metrics/result_1790159449700882645_3104402.json,main_full
conll2003,prompting,lora,full,4.0,4.0,1.0,0.0003,5000,low,iso_epoch,44,0.9605411499436304,0.0,673.267,18.34753179550171,10092544,939,conll2003_prompting_main_full_ratio1_extend,conll2003_prompting,results/conll2003/prompting_main_full_ratio1_extend/metrics/result_1790159554107657908_3105534.json,main_full
conll2003,prompting,lora,full,4.0,4.0,1.0,0.0005,5000,low,iso_epoch,42,0.9589195272931909,0.0,677.5236,18.38512372970581,10092544,939,conll2003_prompting_main_full_ratio1_extend,conll2003_prompting,results/conll2003/prompting_main_full_ratio1_extend/metrics/result_1790159713111548333_1649576.json,main_full
conll2003,prompting,lora,full,4.0,4.0,1.0,0.0005,5000,low,iso_epoch,43,0.9612141652613828,0.0,672.4132,18.34752893447876,10092544,939,conll2003_prompting_main_full_ratio1_extend,conll2003_prompting,results/conll2003/prompting_main_full_ratio1_extend/metrics/result_1790160595049403699_221831.json,main_full
conll2003,prompting,lora,full,4.0,4.0,1.0,0.0005,5000,low,iso_epoch,44,0.9611705120990434,0.0,682.3174,18.34753179550171,10092544,939,conll2003_prompting_main_full_ratio1_extend,conll2003_prompting,results/conll2003/prompting_main_full_ratio1_extend/metrics/result_1790160611932183471_3110690.json,main_full
conll2003,prompting,lora,full,64.0,64.0,1.0,0.0001,5000,low,iso_epoch,42,0.96008993816751,0.0,684.6736,19.537822246551517,161480704,939,conll2003_prompting_main_full_ratio1_extend,conll2003_prompting,results/conll2003/prompting_main_full_ratio1_extend/metrics/result_1790160698810513261_3111721.json,main_full
conll2003,prompting,lora,full,64.0,64.0,1.0,0.0001,5000,low,iso_epoch,43,0.962837837837838,0.0,683.6697,18.90020990371704,161480704,939,conll2003_prompting_main_full_ratio1_extend,conll2003_prompting,results/conll2003/prompting_main_full_ratio1_extend/metrics/result_1790160857712532709_1653194.json,main_full
conll2003,prompting,lora,full,64.0,64.0,1.0,0.0001,5000,low,iso_epoch,44,0.9588268471517204,0.0,681.2389,18.899693965911865,161480704,939,conll2003_prompting_main_full_ratio1_extend,conll2003_prompting,results/conll2003/prompting_main_full_ratio1_extend/metrics/result_1790161758716541960_239426.json,main_full
conll2003,prompting,lora,full,64.0,64.0,1.0,0.0003,5000,low,iso_epoch,42,0.9505617977528092,0.0,692.8639,19.537822246551517,161480704,939,conll2003_prompting_main_full_ratio1_extend,conll2003_prompting,results/conll2003/prompting_main_full_ratio1_extend/metrics/result_1790161783360771199_3117176.json,main_full
conll2003,prompting,lora,full,64.0,64.0,1.0,0.0003,5000,low,iso_epoch,43,0.9577464788732394,0.0,687.173,18.90020990371704,161480704,939,conll2003_prompting_main_full_ratio1_extend,conll2003_prompting,results/conll2003/prompting_main_full_ratio1_extend/metrics/result_1790161787033773778_3118068.json,main_full
conll2003,prompting,lora,full,64.0,64.0,1.0,0.0003,5000,low,iso_epoch,44,0.9611705120990434,0.0,689.3675,18.899693965911865,161480704,939,conll2003_prompting_main_full_ratio1_extend,conll2003_prompting,results/conll2003/prompting_main_full_ratio1_extend/metrics/result_1790162010468021067_1656678.json,main_full
conll2003,prompting,lora,full,64.0,64.0,1.0,0.0005,5000,low,iso_epoch,42,0.0,0.0,682.901,19.537822246551517,161480704,939,conll2003_prompting_main_full_ratio1_extend,conll2003_prompting,results/conll2003/prompting_main_full_ratio1_extend/metrics/result_1790162644522458732_257227.json,main_full
conll2003,prompting,lora,full,64.0,64.0,1.0,0.0005,5000,low,iso_epoch,44,0.96,0.0,686.0119,18.899693965911865,161480704,939,conll2003_prompting_main_full_ratio1_extend,conll2003_prompting,results/conll2003/prompting_main_full_ratio1_extend/metrics/result_1790162906857612524_3124165.json,main_full
conll2003,prompting,lora,full,64.0,64.0,1.0,0.0005,5000,low,iso_epoch,43,0.9588732394366198,0.0,691.869,18.90020990371704,161480704,939,conll2003_prompting_main_full_ratio1_extend,conll2003_prompting,results/conll2003/prompting_main_full_ratio1_extend/metrics/result_1790162926444833967_3124166.json,main_full
conll2003,prompting,lora,qv,4.0,4.0,1.0,0.0001,5000,low,iso_epoch,42,0.9370391378332388,0.0,454.1777,18.302615642547607,1261568,939,conll2003_prompting_main_qv_ratio1_extend,conll2003_prompting,results/conll2003/prompting_main_qv_ratio1_extend/metrics/result_1790152352934378468_2777443.json,main_qv
conll2003,prompting,lora,qv,4.0,4.0,1.0,0.0001,5000,low,iso_epoch,43,0.9297848244620612,0.0,455.3902,18.29794931411743,1261568,939,conll2003_prompting_main_qv_ratio1_extend,conll2003_prompting,results/conll2003/prompting_main_qv_ratio1_extend/metrics/result_1790153409266554614_3074089.json,main_qv
conll2003,prompting,lora,qv,4.0,4.0,1.0,0.0001,5000,low,iso_epoch,44,0.9335604770017036,0.0,466.0732,18.29746389389038,1261568,939,conll2003_prompting_main_qv_ratio1_extend,conll2003_prompting,results/conll2003/prompting_main_qv_ratio1_extend/metrics/result_1790154055896409930_2806643.json,main_qv
conll2003,prompting,lora,qv,4.0,4.0,1.0,0.0003,5000,low,iso_epoch,42,0.9469525959367948,0.0,456.5444,18.302615642547607,1261568,939,conll2003_prompting_main_qv_ratio1_extend,conll2003_prompting,results/conll2003/prompting_main_qv_ratio1_extend/metrics/result_1790154199737659084_3078315.json,main_qv
conll2003,prompting,lora,qv,4.0,4.0,1.0,0.0003,5000,low,iso_epoch,43,0.9474872953133822,0.0,450.5018,18.29794931411743,1261568,939,conll2003_prompting_main_qv_ratio1_extend,conll2003_prompting,results/conll2003/prompting_main_qv_ratio1_extend/metrics/result_1790154537809785248_1157522.json,main_qv
conll2003,prompting,lora,qv,4.0,4.0,1.0,0.0003,5000,low,iso_epoch,44,0.9523809523809524,0.0,453.3724,18.29746389389038,1261568,939,conll2003_prompting_main_qv_ratio1_extend,conll2003_prompting,results/conll2003/prompting_main_qv_ratio1_extend/metrics/result_1790154670099547772_131471.json,main_qv
conll2003,prompting,lora,qv,4.0,4.0,1.0,0.0005,5000,low,iso_epoch,42,0.9576031656302996,0.0,454.4568,18.302615642547607,1261568,939,conll2003_prompting_main_qv_ratio1_extend,conll2003_prompting,results/conll2003/prompting_main_qv_ratio1_extend/metrics/result_1790154868079276750_2818376.json,main_qv
conll2003,prompting,lora,qv,4.0,4.0,1.0,0.0005,5000,low,iso_epoch,43,0.9548022598870056,0.0,454.5621,18.29794931411743,1261568,939,conll2003_prompting_main_qv_ratio1_extend,conll2003_prompting,results/conll2003/prompting_main_qv_ratio1_extend/metrics/result_1790154999767619994_3082780.json,main_qv
conll2003,prompting,lora,qv,4.0,4.0,1.0,0.0005,5000,low,iso_epoch,44,0.9553420011305822,0.0,452.9172,18.29746389389038,1261568,939,conll2003_prompting_main_qv_ratio1_extend,conll2003_prompting,results/conll2003/prompting_main_qv_ratio1_extend/metrics/result_1790155363796356537_1170797.json,main_qv
conll2003,prompting,lora,qv,64.0,64.0,1.0,0.0001,5000,low,iso_epoch,42,0.9553420011305822,0.0,455.5097,18.443152904510494,20185088,939,conll2003_prompting_main_qv_ratio1_extend,conll2003_prompting,results/conll2003/prompting_main_qv_ratio1_extend/metrics/result_1790155493012038741_144875.json,main_qv
conll2003,prompting,lora,qv,64.0,64.0,1.0,0.0001,5000,low,iso_epoch,43,0.9524348810872026,0.0,471.6545,18.36799097061157,20185088,939,conll2003_prompting_main_qv_ratio1_extend,conll2003_prompting,results/conll2003/prompting_main_qv_ratio1_extend/metrics/result_1790155661460712426_2831462.json,main_qv
conll2003,prompting,lora,qv,64.0,64.0,1.0,0.0001,5000,low,iso_epoch,44,0.9541076487252124,0.0,469.156,18.36750555038452,20185088,939,conll2003_prompting_main_qv_ratio1_extend,conll2003_prompting,results/conll2003/prompting_main_qv_ratio1_extend/metrics/result_1790155798343773406_3086968.json,main_qv
conll2003,prompting,lora,qv,64.0,64.0,1.0,0.0003,5000,low,iso_epoch,42,0.9577940348902644,0.0,465.392,18.443152904510494,20185088,939,conll2003_prompting_main_qv_ratio1_extend,conll2003_prompting,results/conll2003/prompting_main_qv_ratio1_extend/metrics/result_1790156172815257494_1190276.json,main_qv
conll2003,prompting,lora,qv,64.0,64.0,1.0,0.0003,5000,low,iso_epoch,43,0.9623383923552558,0.0,452.6689,18.36799097061157,20185088,939,conll2003_prompting_main_qv_ratio1_extend,conll2003_prompting,results/conll2003/prompting_main_qv_ratio1_extend/metrics/result_1790156285811426845_159380.json,main_qv
conll2003,prompting,lora,qv,64.0,64.0,1.0,0.0003,5000,low,iso_epoch,44,0.9582863585118376,0.0,455.8588,18.36750555038452,20185088,939,conll2003_prompting_main_qv_ratio1_extend,conll2003_prompting,results/conll2003/prompting_main_qv_ratio1_extend/metrics/result_1790156451643741721_2842299.json,main_qv
conll2003,prompting,lora,qv,64.0,64.0,1.0,0.0005,5000,low,iso_epoch,42,0.9550056242969628,0.0,456.7841,18.443152904510494,20185088,939,conll2003_prompting_main_qv_ratio1_extend,conll2003_prompting,results/conll2003/prompting_main_qv_ratio1_extend/metrics/result_1790156601636303379_3091734.json,main_qv
conll2003,prompting,lora,qv,64.0,64.0,1.0,0.0005,5000,low,iso_epoch,44,0.959413754227734,0.0,455.7997,18.36750555038452,20185088,939,conll2003_prompting_main_qv_ratio1_extend,conll2003_prompting,results/conll2003/prompting_main_qv_ratio1_extend/metrics/result_1790207034663770959_3475090.json,main_qv
conll2003,prompting,lora,qv,64.0,64.0,1.0,0.0005,5000,low,iso_epoch,43,0.96,0.0,454.7486,18.36799097061157,20185088,939,conll2003_prompting_main_qv_ratio1_extend,conll2003_prompting,results/conll2003/prompting_main_qv_ratio1_extend/metrics/result_1790207036421887530_3475091.json,main_qv
gsm8k,prompting,lora,attention,4.0,4.0,1.0,0.0001,5000,low,iso_epoch,42,0.722,0.0,1210.3493,22.3760666847229,2523136,939,gsm8k_prompting_main_attention_ratio1_extend,gsm8k_prompting,results/gsm8k/prompting_main_attention_ratio1_extend/metrics/result_1790165947128949060_1660060.json,main_attention
gsm8k,prompting,lora,attention,4.0,4.0,1.0,0.0001,5000,low,iso_epoch,43,0.718,0.0,1207.8684,22.3760666847229,2523136,939,gsm8k_prompting_main_attention_ratio1_extend,gsm8k_prompting,results/gsm8k/prompting_main_attention_ratio1_extend/metrics/result_1790166237420635341_1354281.json,main_attention
gsm8k,prompting,lora,attention,4.0,4.0,1.0,0.0001,5000,low,iso_epoch,44,0.706,0.0,1211.0846,22.376060962677,2523136,939,gsm8k_prompting_main_attention_ratio1_extend,gsm8k_prompting,results/gsm8k/prompting_main_attention_ratio1_extend/metrics/result_1790166247863501701_1354280.json,main_attention
gsm8k,prompting,lora,attention,4.0,4.0,1.0,0.0003,5000,low,iso_epoch,42,0.716,0.0,1208.4177,22.3760666847229,2523136,939,gsm8k_prompting_main_attention_ratio1_extend,gsm8k_prompting,results/gsm8k/prompting_main_attention_ratio1_extend/metrics/result_1790166565925364091_269338.json,main_attention
gsm8k,prompting,lora,attention,4.0,4.0,1.0,0.0003,5000,low,iso_epoch,43,0.7,0.0,1213.0951,22.3760666847229,2523136,939,gsm8k_prompting_main_attention_ratio1_extend,gsm8k_prompting,results/gsm8k/prompting_main_attention_ratio1_extend/metrics/result_1790170025245532688_1675377.json,main_attention
gsm8k,prompting,lora,attention,4.0,4.0,1.0,0.0005,5000,low,iso_epoch,42,0.704,0.0,1205.3244,22.3760666847229,2523136,939,gsm8k_prompting_main_attention_ratio1_extend,gsm8k_prompting,results/gsm8k/prompting_main_attention_ratio1_extend/metrics/result_1790170310778170466_1435832.json,main_attention
gsm8k,prompting,lora,attention,4.0,4.0,1.0,0.0003,5000,low,iso_epoch,44,0.726,0.0,1205.4198,22.376060962677,2523136,939,gsm8k_prompting_main_attention_ratio1_extend,gsm8k_prompting,results/gsm8k/prompting_main_attention_ratio1_extend/metrics/result_1790170394309852004_1435833.json,main_attention
gsm8k,prompting,lora,attention,4.0,4.0,1.0,0.0005,5000,low,iso_epoch,43,0.704,0.0,1206.6943,22.3760666847229,2523136,939,gsm8k_prompting_main_attention_ratio1_extend,gsm8k_prompting,results/gsm8k/prompting_main_attention_ratio1_extend/metrics/result_1790170463792695078_322903.json,main_attention
gsm8k,prompting,lora,attention,4.0,4.0,1.0,0.0005,5000,low,iso_epoch,44,0.722,0.0,1209.0079,22.376060962677,2523136,939,gsm8k_prompting_main_attention_ratio1_extend,gsm8k_prompting,results/gsm8k/prompting_main_attention_ratio1_extend/metrics/result_1790173996495263248_1686118.json,main_attention
gsm8k,prompting,lora,attention,64.0,64.0,1.0,0.0001,5000,low,iso_epoch,42,0.694,0.0,1208.447,22.65714120864868,40370176,939,gsm8k_prompting_main_attention_ratio1_extend,gsm8k_prompting,results/gsm8k/prompting_main_attention_ratio1_extend/metrics/result_1790174334382049644_1516610.json,main_attention
gsm8k,prompting,lora,attention,64.0,64.0,1.0,0.0001,5000,low,iso_epoch,43,0.69,0.0,1210.2222,22.65714120864868,40370176,939,gsm8k_prompting_main_attention_ratio1_extend,gsm8k_prompting,results/gsm8k/prompting_main_attention_ratio1_extend/metrics/result_1790174345971540322_1517876.json,main_attention
gsm8k,prompting,lora,attention,64.0,64.0,1.0,0.0001,5000,low,iso_epoch,44,0.698,0.0,1206.5467,22.657135486602783,40370176,939,gsm8k_prompting_main_attention_ratio1_extend,gsm8k_prompting,results/gsm8k/prompting_main_attention_ratio1_extend/metrics/result_1790174487952729671_373511.json,main_attention
gsm8k,prompting,lora,attention,64.0,64.0,1.0,0.0003,5000,low,iso_epoch,42,0.69,0.0,1211.4273,22.65714120864868,40370176,939,gsm8k_prompting_main_attention_ratio1_extend,gsm8k_prompting,results/gsm8k/prompting_main_attention_ratio1_extend/metrics/result_1790178092184039407_1697253.json,main_attention
gsm8k,prompting,lora,attention,64.0,64.0,1.0,0.0003,5000,low,iso_epoch,44,0.704,0.0,1204.1495,22.657135486602783,40370176,939,gsm8k_prompting_main_attention_ratio1_extend,gsm8k_prompting,results/gsm8k/prompting_main_attention_ratio1_extend/metrics/result_1790178259779068162_1601271.json,main_attention
gsm8k,prompting,lora,attention,64.0,64.0,1.0,0.0003,5000,low,iso_epoch,43,0.708,0.0,1207.5613,22.65714120864868,40370176,939,gsm8k_prompting_main_attention_ratio1_extend,gsm8k_prompting,results/gsm8k/prompting_main_attention_ratio1_extend/metrics/result_1790178386565767761_1601270.json,main_attention
gsm8k,prompting,lora,attention,64.0,64.0,1.0,0.0005,5000,low,iso_epoch,42,0.686,0.0,1207.8844,22.65714120864868,40370176,939,gsm8k_prompting_main_attention_ratio1_extend,gsm8k_prompting,results/gsm8k/prompting_main_attention_ratio1_extend/metrics/result_1790178548781670042_390414.json,main_attention
gsm8k,prompting,lora,attention,64.0,64.0,1.0,0.0005,5000,low,iso_epoch,43,0.692,0.0,1211.1741,22.65714120864868,40370176,939,gsm8k_prompting_main_attention_ratio1_extend,gsm8k_prompting,results/gsm8k/prompting_main_attention_ratio1_extend/metrics/result_1790182148071644644_1708323.json,main_attention
gsm8k,prompting,lora,attention,64.0,64.0,1.0,0.0005,5000,low,iso_epoch,44,0.698,0.0,1211.0279,22.657135486602783,40370176,939,gsm8k_prompting_main_attention_ratio1_extend,gsm8k_prompting,results/gsm8k/prompting_main_attention_ratio1_extend/metrics/result_1790182368358107619_1673826.json,main_attention
gsm8k,prompting,lora,full,4.0,4.0,1.0,0.0001,5000,low,iso_epoch,44,0.716,0.0,1612.2838,22.446877002716064,10092544,939,gsm8k_prompting_main_full_ratio1_extend,gsm8k_prompting,results/gsm8k/prompting_main_full_ratio1_extend/metrics/result_1790167938183271444_3130365.json,main_full
gsm8k,prompting,lora,full,4.0,4.0,1.0,0.0001,5000,low,iso_epoch,42,0.724,0.0,1616.1743,22.446882724761963,10092544,939,gsm8k_prompting_main_full_ratio1_extend,gsm8k_prompting,results/gsm8k/prompting_main_full_ratio1_extend/metrics/result_1790168080033335906_1366590.json,main_full
gsm8k,prompting,lora,full,4.0,4.0,1.0,0.0001,5000,low,iso_epoch,43,0.718,0.0,1616.9455,22.446882724761963,10092544,939,gsm8k_prompting_main_full_ratio1_extend,gsm8k_prompting,results/gsm8k/prompting_main_full_ratio1_extend/metrics/result_1790168204933915386_3130364.json,main_full
gsm8k,prompting,lora,full,4.0,4.0,1.0,0.0003,5000,low,iso_epoch,42,0.706,0.0,1614.7433,22.446882724761963,10092544,939,gsm8k_prompting_main_full_ratio1_extend,gsm8k_prompting,results/gsm8k/prompting_main_full_ratio1_extend/metrics/result_1790173113942847194_3152887.json,main_full
gsm8k,prompting,lora,full,4.0,4.0,1.0,0.0003,5000,low,iso_epoch,43,0.686,0.0,1616.1335,22.446882724761963,10092544,939,gsm8k_prompting_main_full_ratio1_extend,gsm8k_prompting,results/gsm8k/prompting_main_full_ratio1_extend/metrics/result_1790173259740989093_1471258.json,main_full
gsm8k,prompting,lora,full,4.0,4.0,1.0,0.0003,5000,low,iso_epoch,44,0.684,0.0,1617.9499,22.446877002716064,10092544,939,gsm8k_prompting_main_full_ratio1_extend,gsm8k_prompting,results/gsm8k/prompting_main_full_ratio1_extend/metrics/result_1790173472653177050_3154477.json,main_full
gsm8k,prompting,lora,full,4.0,4.0,1.0,0.0005,5000,low,iso_epoch,43,0.7,0.0,1616.3679,22.446882724761963,10092544,939,gsm8k_prompting_main_full_ratio1_extend,gsm8k_prompting,results/gsm8k/prompting_main_full_ratio1_extend/metrics/result_1790178375953529292_1580230.json,main_full
gsm8k,prompting,lora,full,4.0,4.0,1.0,0.0005,5000,low,iso_epoch,42,0.712,0.0,1615.2522,22.446882724761963,10092544,939,gsm8k_prompting_main_full_ratio1_extend,gsm8k_prompting,results/gsm8k/prompting_main_full_ratio1_extend/metrics/result_1790178458304506786_3077343.json,main_full
gsm8k,prompting,lora,full,64.0,64.0,1.0,0.0001,5000,low,iso_epoch,42,0.71,0.0,1617.0434,23.5685715675354,161480704,939,gsm8k_prompting_main_full_ratio1_extend,gsm8k_prompting,results/gsm8k/prompting_main_full_ratio1_extend/metrics/result_1790178698797930999_1820377.json,main_full
gsm8k,prompting,lora,full,4.0,4.0,1.0,0.0005,5000,low,iso_epoch,44,0.694,0.0,1623.8639,22.446877002716064,10092544,939,gsm8k_prompting_main_full_ratio1_extend,gsm8k_prompting,results/gsm8k/prompting_main_full_ratio1_extend/metrics/result_1790178753459588347_3177958.json,main_full
gsm8k,prompting,lora,full,64.0,64.0,1.0,0.0001,5000,low,iso_epoch,43,0.704,0.0,1621.794,23.56661462783813,161480704,939,gsm8k_prompting_main_full_ratio1_extend,gsm8k_prompting,results/gsm8k/prompting_main_full_ratio1_extend/metrics/result_1790183608346343642_1675396.json,main_full
gsm8k,prompting,lora,full,64.0,64.0,1.0,0.0001,5000,low,iso_epoch,44,0.696,0.0,1626.6799,23.565697193145752,161480704,939,gsm8k_prompting_main_full_ratio1_extend,gsm8k_prompting,results/gsm8k/prompting_main_full_ratio1_extend/metrics/result_1790183814421255141_3148731.json,main_full
gsm8k,prompting,lora,full,64.0,64.0,1.0,0.0003,5000,low,iso_epoch,42,0.67,0.0,1619.7486,23.5685715675354,161480704,939,gsm8k_prompting_main_full_ratio1_extend,gsm8k_prompting,results/gsm8k/prompting_main_full_ratio1_extend/metrics/result_1790183897588001390_1829792.json,main_full
gsm8k,prompting,lora,full,64.0,64.0,1.0,0.0003,5000,low,iso_epoch,43,0.678,0.0,1621.8586,23.56661462783813,161480704,939,gsm8k_prompting_main_full_ratio1_extend,gsm8k_prompting,results/gsm8k/prompting_main_full_ratio1_extend/metrics/result_1790184074994482203_1680254.json,main_full
gsm8k,prompting,lora,full,64.0,64.0,1.0,0.0005,5000,low,iso_epoch,42,0.652,0.0,1633.9918,23.5685715675354,161480704,939,gsm8k_prompting_main_full_ratio1_extend,gsm8k_prompting,results/gsm8k/prompting_main_full_ratio1_extend/metrics/result_1790189124652383979_3227528.json,main_full
gsm8k,prompting,lora,full,64.0,64.0,1.0,0.0005,5000,low,iso_epoch,43,0.664,0.0,1626.7034,23.56661462783813,161480704,939,gsm8k_prompting_main_full_ratio1_extend,gsm8k_prompting,results/gsm8k/prompting_main_full_ratio1_extend/metrics/result_1790189168155317417_1850890.json,main_full
gsm8k,prompting,lora,full,64.0,64.0,1.0,0.0003,5000,low,iso_epoch,44,0.682,0.0,1627.3806,23.565697193145752,161480704,939,gsm8k_prompting_main_full_ratio1_extend,gsm8k_prompting,results/gsm8k/prompting_main_full_ratio1_extend/metrics/result_1790189612762486810_1725131.json,main_full
gsm8k,prompting,lora,full,64.0,64.0,1.0,0.0005,5000,low,iso_epoch,44,0.642,0.0,1632.9269,23.565697193145752,161480704,939,gsm8k_prompting_main_full_ratio1_extend,gsm8k_prompting,results/gsm8k/prompting_main_full_ratio1_extend/metrics/result_1790190507454460037_1727098.json,main_full
gsm8k,prompting,lora,qv,4.0,4.0,1.0,0.0001,5000,low,iso_epoch,42,0.73,0.0,1126.8904,22.363916873931885,1261568,939,gsm8k_prompting_main_qv_ratio1_extend,gsm8k_prompting,results/gsm8k/prompting_main_qv_ratio1_extend/metrics/result_1790161947378415280_2883115.json,main_qv
gsm8k,prompting,lora,qv,4.0,4.0,1.0,0.0001,5000,low,iso_epoch,43,0.71,0.0,1126.5533,22.363916873931885,1261568,939,gsm8k_prompting_main_qv_ratio1_extend,gsm8k_prompting,results/gsm8k/prompting_main_qv_ratio1_extend/metrics/result_1790162634475432955_2893960.json,main_qv
gsm8k,prompting,lora,qv,4.0,4.0,1.0,0.0001,5000,low,iso_epoch,44,0.738,0.0,1120.6724,22.363911151885983,1261568,939,gsm8k_prompting_main_qv_ratio1_extend,gsm8k_prompting,results/gsm8k/prompting_main_qv_ratio1_extend/metrics/result_1790163496995088886_1795142.json,main_qv
gsm8k,prompting,lora,qv,4.0,4.0,1.0,0.0003,5000,low,iso_epoch,42,0.72,0.0,1119.5339,22.363916873931885,1261568,939,gsm8k_prompting_main_qv_ratio1_extend,gsm8k_prompting,results/gsm8k/prompting_main_qv_ratio1_extend/metrics/result_1790164347509099150_2917839.json,main_qv
gsm8k,prompting,lora,qv,4.0,4.0,1.0,0.0003,5000,low,iso_epoch,43,0.708,0.0,1122.9913,22.363916873931885,1261568,939,gsm8k_prompting_main_qv_ratio1_extend,gsm8k_prompting,results/gsm8k/prompting_main_qv_ratio1_extend/metrics/result_1790165309817148575_2929294.json,main_qv
gsm8k,prompting,lora,qv,4.0,4.0,1.0,0.0003,5000,low,iso_epoch,44,0.71,0.0,1122.1353,22.363911151885983,1261568,939,gsm8k_prompting_main_qv_ratio1_extend,gsm8k_prompting,results/gsm8k/prompting_main_qv_ratio1_extend/metrics/result_1790166040550867369_2938930.json,main_qv
gsm8k,prompting,lora,qv,4.0,4.0,1.0,0.0005,5000,low,iso_epoch,42,0.718,0.0,1121.3529,22.363916873931885,1261568,939,gsm8k_prompting_main_qv_ratio1_extend,gsm8k_prompting,results/gsm8k/prompting_main_qv_ratio1_extend/metrics/result_1790166845825195083_1801454.json,main_qv
gsm8k,prompting,lora,qv,4.0,4.0,1.0,0.0005,5000,low,iso_epoch,43,0.7,0.0,1119.9095,22.363916873931885,1261568,939,gsm8k_prompting_main_qv_ratio1_extend,gsm8k_prompting,results/gsm8k/prompting_main_qv_ratio1_extend/metrics/result_1790167774885043142_2961162.json,main_qv
gsm8k,prompting,lora,qv,4.0,4.0,1.0,0.0005,5000,low,iso_epoch,44,0.706,0.0,1122.5742,22.363911151885983,1261568,939,gsm8k_prompting_main_qv_ratio1_extend,gsm8k_prompting,results/gsm8k/prompting_main_qv_ratio1_extend/metrics/result_1790168672438851949_2973301.json,main_qv
gsm8k,prompting,lora,qv,64.0,64.0,1.0,0.0001,5000,low,iso_epoch,42,0.698,0.0,1123.5618,22.504454135894772,20185088,939,gsm8k_prompting_main_qv_ratio1_extend,gsm8k_prompting,results/gsm8k/prompting_main_qv_ratio1_extend/metrics/result_1790169533814677092_2982507.json,main_qv
gsm8k,prompting,lora,qv,64.0,64.0,1.0,0.0001,5000,low,iso_epoch,43,0.724,0.0,1119.681,22.504454135894772,20185088,939,gsm8k_prompting_main_qv_ratio1_extend,gsm8k_prompting,results/gsm8k/prompting_main_qv_ratio1_extend/metrics/result_1790170193542458545_1807728.json,main_qv
gsm8k,prompting,lora,qv,64.0,64.0,1.0,0.0001,5000,low,iso_epoch,44,0.7,0.0,1118.6554,22.50444841384888,20185088,939,gsm8k_prompting_main_qv_ratio1_extend,gsm8k_prompting,results/gsm8k/prompting_main_qv_ratio1_extend/metrics/result_1790171176216748114_3005444.json,main_qv
gsm8k,prompting,lora,qv,64.0,64.0,1.0,0.0003,5000,low,iso_epoch,42,0.702,0.0,1125.6722,22.504454135894772,20185088,939,gsm8k_prompting_main_qv_ratio1_extend,gsm8k_prompting,results/gsm8k/prompting_main_qv_ratio1_extend/metrics/result_1790172087193518143_3017803.json,main_qv
gsm8k,prompting,lora,qv,64.0,64.0,1.0,0.0003,5000,low,iso_epoch,43,0.69,0.0,1122.3203,22.504454135894772,20185088,939,gsm8k_prompting_main_qv_ratio1_extend,gsm8k_prompting,results/gsm8k/prompting_main_qv_ratio1_extend/metrics/result_1790172969222517358_3029133.json,main_qv
gsm8k,prompting,lora,qv,64.0,64.0,1.0,0.0003,5000,low,iso_epoch,44,0.702,0.0,1119.7083,22.50444841384888,20185088,939,gsm8k_prompting_main_qv_ratio1_extend,gsm8k_prompting,results/gsm8k/prompting_main_qv_ratio1_extend/metrics/result_1790173516892893746_1814108.json,main_qv
gsm8k,prompting,lora,qv,64.0,64.0,1.0,0.0005,5000,low,iso_epoch,42,0.696,0.0,1120.6573,22.504454135894772,20185088,939,gsm8k_prompting_main_qv_ratio1_extend,gsm8k_prompting,results/gsm8k/prompting_main_qv_ratio1_extend/metrics/result_1790174557200518169_3048583.json,main_qv
gsm8k,prompting,lora,qv,64.0,64.0,1.0,0.0005,5000,low,iso_epoch,43,0.7,0.0,1125.8198,22.504454135894772,20185088,939,gsm8k_prompting_main_qv_ratio1_extend,gsm8k_prompting,results/gsm8k/prompting_main_qv_ratio1_extend/metrics/result_1790175470207617677_3060465.json,main_qv
gsm8k,prompting,lora,qv,64.0,64.0,1.0,0.0005,5000,low,iso_epoch,44,0.698,0.0,1119.42,22.50444841384888,20185088,939,gsm8k_prompting_main_qv_ratio1_extend,gsm8k_prompting,results/gsm8k/prompting_main_qv_ratio1_extend/metrics/result_1790176529389653153_3176096.json,main_qv
mnli,prompting,lora,attention,4.0,4.0,1.0,0.0001,5000,low,iso_epoch,42,0.8868864206091881,0.0,499.7995,19.302592754364014,2523136,939,mnli_prompting_main_attention_ratio1_extend,mnli_prompting,results/mnli/prompting_main_attention_ratio1_extend/metrics/result_1790141410022445174_2608262.json,main_attention
mnli,prompting,lora,attention,4.0,4.0,1.0,0.0001,5000,low,iso_epoch,43,0.8812253457300402,0.0,467.1541,19.302592754364014,2523136,939,mnli_prompting_main_attention_ratio1_extend,mnli_prompting,results/mnli/prompting_main_attention_ratio1_extend/metrics/result_1790141421447931573_1691246.json,main_attention
mnli,prompting,lora,attention,4.0,4.0,1.0,0.0001,5000,low,iso_epoch,44,0.8808962795389331,0.0,485.4191,19.303081035614014,2523136,939,mnli_prompting_main_attention_ratio1_extend,mnli_prompting,results/mnli/prompting_main_attention_ratio1_extend/metrics/result_1790141722997352211_2615156.json,main_attention
mnli,prompting,lora,attention,4.0,4.0,1.0,0.0003,5000,low,iso_epoch,43,0.8873502582701396,0.0,466.036,19.302592754364014,2523136,939,mnli_prompting_main_attention_ratio1_extend,mnli_prompting,results/mnli/prompting_main_attention_ratio1_extend/metrics/result_1790142118523980271_1694563.json,main_attention
mnli,prompting,lora,attention,4.0,4.0,1.0,0.0003,5000,low,iso_epoch,42,0.8835814312792443,0.0,487.6984,19.302592754364014,2523136,939,mnli_prompting_main_attention_ratio1_extend,mnli_prompting,results/mnli/prompting_main_attention_ratio1_extend/metrics/result_1790142147535278317_2620518.json,main_attention
mnli,prompting,lora,attention,4.0,4.0,1.0,0.0003,5000,low,iso_epoch,44,0.8827434376109009,0.0,483.6601,19.303081035614014,2523136,939,mnli_prompting_main_attention_ratio1_extend,mnli_prompting,results/mnli/prompting_main_attention_ratio1_extend/metrics/result_1790142405112621112_2625038.json,main_attention
mnli,prompting,lora,attention,4.0,4.0,1.0,0.0005,5000,low,iso_epoch,43,0.883616169217574,0.0,496.562,19.302592754364014,2523136,939,mnli_prompting_main_attention_ratio1_extend,mnli_prompting,results/mnli/prompting_main_attention_ratio1_extend/metrics/result_1790142795288207355_2631699.json,main_attention
mnli,prompting,lora,attention,4.0,4.0,1.0,0.0005,5000,low,iso_epoch,42,0.8810485412517903,0.0,481.211,19.302592754364014,2523136,939,mnli_prompting_main_attention_ratio1_extend,mnli_prompting,results/mnli/prompting_main_attention_ratio1_extend/metrics/result_1790142852831853788_1698729.json,main_attention
mnli,prompting,lora,attention,4.0,4.0,1.0,0.0005,5000,low,iso_epoch,44,0.8786381221621801,0.0,491.1005,19.303081035614014,2523136,939,mnli_prompting_main_attention_ratio1_extend,mnli_prompting,results/mnli/prompting_main_attention_ratio1_extend/metrics/result_1790142990512486016_916412.json,main_attention
mnli,prompting,lora,attention,64.0,64.0,1.0,0.0001,5000,low,iso_epoch,42,0.8774210468891344,0.0,489.246,19.58393430709839,40370176,939,mnli_prompting_main_attention_ratio1_extend,mnli_prompting,results/mnli/prompting_main_attention_ratio1_extend/metrics/result_1790143161542068420_920053.json,main_attention
mnli,prompting,lora,attention,64.0,64.0,1.0,0.0001,5000,low,iso_epoch,43,0.8775674834009336,0.0,476.3905,19.583667278289795,40370176,939,mnli_prompting_main_attention_ratio1_extend,mnli_prompting,results/mnli/prompting_main_attention_ratio1_extend/metrics/result_1790143452806941079_2645623.json,main_attention
mnli,prompting,lora,attention,64.0,64.0,1.0,0.0001,5000,low,iso_epoch,44,0.8752998971946552,0.0,472.1705,19.584414958953857,40370176,939,mnli_prompting_main_attention_ratio1_extend,mnli_prompting,results/mnli/prompting_main_attention_ratio1_extend/metrics/result_1790143524481652416_1704373.json,main_attention
mnli,prompting,lora,attention,64.0,64.0,1.0,0.0003,5000,low,iso_epoch,42,0.8764484126984128,0.0,499.8564,19.58393430709839,40370176,939,mnli_prompting_main_attention_ratio1_extend,mnli_prompting,results/mnli/prompting_main_attention_ratio1_extend/metrics/result_1790143690440676477_930058.json,main_attention
mnli,prompting,lora,attention,64.0,64.0,1.0,0.0003,5000,low,iso_epoch,43,0.8870961521338997,0.0,492.4816,19.583667278289795,40370176,939,mnli_prompting_main_attention_ratio1_extend,mnli_prompting,results/mnli/prompting_main_attention_ratio1_extend/metrics/result_1790143935945071183_934188.json,main_attention
mnli,prompting,lora,attention,64.0,64.0,1.0,0.0003,5000,low,iso_epoch,44,0.8749338244292817,0.0,477.8428,19.584414958953857,40370176,939,mnli_prompting_main_attention_ratio1_extend,mnli_prompting,results/mnli/prompting_main_attention_ratio1_extend/metrics/result_1790144135075711682_2655062.json,main_attention
mnli,prompting,lora,attention,64.0,64.0,1.0,0.0005,5000,low,iso_epoch,42,0.348840579710145,0.0,469.8912,19.58393430709839,40370176,939,mnli_prompting_main_attention_ratio1_extend,mnli_prompting,results/mnli/prompting_main_attention_ratio1_extend/metrics/result_1790144142833631111_1596640.json,main_attention
mnli,prompting,lora,attention,64.0,64.0,1.0,0.0005,5000,low,iso_epoch,43,0.1716269841269841,0.0,506.0738,19.583667278289795,40370176,939,mnli_prompting_main_attention_ratio1_extend,mnli_prompting,results/mnli/prompting_main_attention_ratio1_extend/metrics/result_1790144406833653956_948377.json,main_attention
mnli,prompting,lora,attention,64.0,64.0,1.0,0.0005,5000,low,iso_epoch,44,0.8470429197708439,0.0,482.6897,19.584414958953857,40370176,939,mnli_prompting_main_attention_ratio1_extend,mnli_prompting,results/mnli/prompting_main_attention_ratio1_extend/metrics/result_1790144588222507467_3028185.json,main_attention
mnli,prompting,lora,full,4.0,4.0,1.0,0.0001,5000,low,iso_epoch,42,0.8868053950230795,0.0,670.1408,19.37340879440308,10092544,939,mnli_prompting_main_full_ratio1_extend,mnli_prompting,results/mnli/prompting_main_full_ratio1_extend/metrics/result_1790143185481888953_916413.json,main_full
mnli,prompting,lora,full,4.0,4.0,1.0,0.0001,5000,low,iso_epoch,43,0.8933151543513945,0.0,645.7634,19.37615537643433,10092544,939,mnli_prompting_main_full_ratio1_extend,mnli_prompting,results/mnli/prompting_main_full_ratio1_extend/metrics/result_1790143554273384026_2642792.json,main_full
mnli,prompting,lora,full,4.0,4.0,1.0,0.0001,5000,low,iso_epoch,44,0.8886836589769017,0.0,656.5748,19.37340879440308,10092544,939,mnli_prompting_main_full_ratio1_extend,mnli_prompting,results/mnli/prompting_main_full_ratio1_extend/metrics/result_1790144115184567906_934189.json,main_full
mnli,prompting,lora,full,4.0,4.0,1.0,0.0003,5000,low,iso_epoch,42,0.8621168386605836,0.0,630.0492,19.37340879440308,10092544,939,mnli_prompting_main_full_ratio1_extend,mnli_prompting,results/mnli/prompting_main_full_ratio1_extend/metrics/result_1790144362428322329_1714723.json,main_full
mnli,prompting,lora,full,4.0,4.0,1.0,0.0003,5000,low,iso_epoch,43,0.8632395539073331,0.0,645.3258,19.37615537643433,10092544,939,mnli_prompting_main_full_ratio1_extend,mnli_prompting,results/mnli/prompting_main_full_ratio1_extend/metrics/result_1790144420531488514_2656793.json,main_full
mnli,prompting,lora,full,4.0,4.0,1.0,0.0003,5000,low,iso_epoch,44,0.8703391407389997,0.0,633.4149,19.37340879440308,10092544,939,mnli_prompting_main_full_ratio1_extend,mnli_prompting,results/mnli/prompting_main_full_ratio1_extend/metrics/result_1790144750834688322_4187616.json,main_full
mnli,prompting,lora,full,4.0,4.0,1.0,0.0005,5000,low,iso_epoch,42,0.8597569172381623,0.0,643.114,19.37340879440308,10092544,939,mnli_prompting_main_full_ratio1_extend,mnli_prompting,results/mnli/prompting_main_full_ratio1_extend/metrics/result_1790144970950030708_958149.json,main_full
mnli,prompting,lora,full,4.0,4.0,1.0,0.0005,5000,low,iso_epoch,44,0.8665101170208601,0.0,652.5787,19.37340879440308,10092544,939,mnli_prompting_main_full_ratio1_extend,mnli_prompting,results/mnli/prompting_main_full_ratio1_extend/metrics/result_1790145278841914071_963180.json,main_full
mnli,prompting,lora,full,4.0,4.0,1.0,0.0005,5000,low,iso_epoch,43,0.8729956340705526,0.0,800.6136,19.37615537643433,10092544,939,mnli_prompting_main_full_ratio1_extend,mnli_prompting,results/mnli/prompting_main_full_ratio1_extend/metrics/result_1790145473925054249_1721932.json,main_full
mnli,prompting,lora,full,64.0,64.0,1.0,0.0001,5000,low,iso_epoch,42,0.8736713165284252,0.0,644.9154,20.524840354919437,161480704,939,mnli_prompting_main_full_ratio1_extend,mnli_prompting,results/mnli/prompting_main_full_ratio1_extend/metrics/result_1790145627371770050_6186.json,main_full
mnli,prompting,lora,full,64.0,64.0,1.0,0.0001,5000,low,iso_epoch,43,0.8752655488727709,0.0,662.673,20.49303388595581,161480704,939,mnli_prompting_main_full_ratio1_extend,mnli_prompting,results/mnli/prompting_main_full_ratio1_extend/metrics/result_1790145881386700654_973342.json,main_full
mnli,prompting,lora,full,64.0,64.0,1.0,0.0001,5000,low,iso_epoch,44,0.8686589819572447,0.0,644.0663,20.49828290939331,161480704,939,mnli_prompting_main_full_ratio1_extend,mnli_prompting,results/mnli/prompting_main_full_ratio1_extend/metrics/result_1790146137607314665_3035895.json,main_full
mnli,prompting,lora,full,64.0,64.0,1.0,0.0003,5000,low,iso_epoch,42,0.867973476653534,0.0,656.9142,20.524840354919437,161480704,939,mnli_prompting_main_full_ratio1_extend,mnli_prompting,results/mnli/prompting_main_full_ratio1_extend/metrics/result_1790146332646726646_1728904.json,main_full
mnli,prompting,lora,full,64.0,64.0,1.0,0.0003,5000,low,iso_epoch,43,0.1713719663199603,0.0,640.852,20.49303388595581,161480704,939,mnli_prompting_main_full_ratio1_extend,mnli_prompting,results/mnli/prompting_main_full_ratio1_extend/metrics/result_1790146503864448027_18105.json,main_full
mnli,prompting,lora,full,64.0,64.0,1.0,0.0003,5000,low,iso_epoch,44,0.8787280670450445,0.0,700.293,20.49828290939331,161480704,939,mnli_prompting_main_full_ratio1_extend,mnli_prompting,results/mnli/prompting_main_full_ratio1_extend/metrics/result_1790146810749262729_2692594.json,main_full
mnli,prompting,lora,full,64.0,64.0,1.0,0.0005,5000,low,iso_epoch,42,0.1713719663199603,0.0,642.1654,20.524840354919437,161480704,939,mnli_prompting_main_full_ratio1_extend,mnli_prompting,results/mnli/prompting_main_full_ratio1_extend/metrics/result_1790147183709433289_1734229.json,main_full
mnli,prompting,lora,full,64.0,64.0,1.0,0.0005,5000,low,iso_epoch,43,0.1713719663199603,0.0,674.0276,20.49303388595581,161480704,939,mnli_prompting_main_full_ratio1_extend,mnli_prompting,results/mnli/prompting_main_full_ratio1_extend/metrics/result_1790147607673232797_1014584.json,main_full
mnli,prompting,lora,full,64.0,64.0,1.0,0.0005,5000,low,iso_epoch,44,0.1713719663199603,0.0,660.267,20.49828290939331,161480704,939,mnli_prompting_main_full_ratio1_extend,mnli_prompting,results/mnli/prompting_main_full_ratio1_extend/metrics/result_1790147712964646044_2706410.json,main_full
mnli,prompting,lora,qv,4.0,4.0,1.0,0.0001,5000,low,iso_epoch,42,0.8770969826953022,0.0,419.4197,19.290442943573,1261568,939,mnli_prompting_main_qv_ratio1_extend,mnli_prompting,results/mnli/prompting_main_qv_ratio1_extend/metrics/result_1790139128898283808_803997.json,main_qv
mnli,prompting,lora,qv,4.0,4.0,1.0,0.0001,5000,low,iso_epoch,43,0.8692231906175824,0.0,422.4779,19.290442943573,1261568,939,mnli_prompting_main_qv_ratio1_extend,mnli_prompting,results/mnli/prompting_main_qv_ratio1_extend/metrics/result_1790139744362617284_820670.json,main_qv
mnli,prompting,lora,qv,4.0,4.0,1.0,0.0001,5000,low,iso_epoch,44,0.8728917361087198,0.0,418.9568,19.290931224823,1261568,939,mnli_prompting_main_qv_ratio1_extend,mnli_prompting,results/mnli/prompting_main_qv_ratio1_extend/metrics/result_1790139830819902465_2584801.json,main_qv
mnli,prompting,lora,qv,4.0,4.0,1.0,0.0003,5000,low,iso_epoch,42,0.8871057329118305,0.0,419.3876,19.290442943573,1261568,939,mnli_prompting_main_qv_ratio1_extend,mnli_prompting,results/mnli/prompting_main_qv_ratio1_extend/metrics/result_1790140375435251787_842496.json,main_qv
mnli,prompting,lora,qv,4.0,4.0,1.0,0.0003,5000,low,iso_epoch,43,0.8869937311572457,0.0,418.5773,19.290442943573,1261568,939,mnli_prompting_main_qv_ratio1_extend,mnli_prompting,results/mnli/prompting_main_qv_ratio1_extend/metrics/result_1790140447519471595_2594053.json,main_qv
mnli,prompting,lora,qv,4.0,4.0,1.0,0.0003,5000,low,iso_epoch,44,0.8910253625259626,0.0,499.6673,19.290931224823,1261568,939,mnli_prompting_main_qv_ratio1_extend,mnli_prompting,results/mnli/prompting_main_qv_ratio1_extend/metrics/result_1790140649615195895_1578667.json,main_qv
mnli,prompting,lora,qv,4.0,4.0,1.0,0.0005,5000,low,iso_epoch,42,0.8864396958308705,0.0,421.7747,19.290442943573,1261568,939,mnli_prompting_main_qv_ratio1_extend,mnli_prompting,results/mnli/prompting_main_qv_ratio1_extend/metrics/result_1790141005222355091_864539.json,main_qv
mnli,prompting,lora,qv,4.0,4.0,1.0,0.0005,5000,low,iso_epoch,43,0.8849774893455732,0.0,422.1406,19.290442943573,1261568,939,mnli_prompting_main_qv_ratio1_extend,mnli_prompting,results/mnli/prompting_main_qv_ratio1_extend/metrics/result_1790141007896839633_864540.json,main_qv
mnli,prompting,lora,qv,4.0,4.0,1.0,0.0005,5000,low,iso_epoch,44,0.8722926863813781,0.0,421.0256,19.290931224823,1261568,939,mnli_prompting_main_qv_ratio1_extend,mnli_prompting,results/mnli/prompting_main_qv_ratio1_extend/metrics/result_1790141242381522348_1582800.json,main_qv
mnli,prompting,lora,qv,64.0,64.0,1.0,0.0001,5000,low,iso_epoch,42,0.8848025612608428,0.0,453.0257,19.43098020553589,20185088,939,mnli_prompting_main_qv_ratio1_extend,mnli_prompting,results/mnli/prompting_main_qv_ratio1_extend/metrics/result_1790141341311052306_2608263.json,main_qv
mnli,prompting,lora,qv,64.0,64.0,1.0,0.0001,5000,low,iso_epoch,44,0.8807698920238215,0.0,421.6735,19.43146848678589,20185088,939,mnli_prompting_main_qv_ratio1_extend,mnli_prompting,results/mnli/prompting_main_qv_ratio1_extend/metrics/result_1790141627022349637_883789.json,main_qv
mnli,prompting,lora,qv,64.0,64.0,1.0,0.0001,5000,low,iso_epoch,43,0.8794692750124504,0.0,423.8023,19.43098020553589,20185088,939,mnli_prompting_main_qv_ratio1_extend,mnli_prompting,results/mnli/prompting_main_qv_ratio1_extend/metrics/result_1790141628417763334_883790.json,main_qv
mnli,prompting,lora,qv,64.0,64.0,1.0,0.0003,5000,low,iso_epoch,42,0.8538963849614349,0.0,422.9328,19.43098020553589,20185088,939,mnli_prompting_main_qv_ratio1_extend,mnli_prompting,results/mnli/prompting_main_qv_ratio1_extend/metrics/result_1790141839960222289_1585707.json,main_qv
mnli,prompting,lora,qv,64.0,64.0,1.0,0.0003,5000,low,iso_epoch,43,0.8736673432402782,0.0,433.8498,19.43098020553589,20185088,939,mnli_prompting_main_qv_ratio1_extend,mnli_prompting,results/mnli/prompting_main_qv_ratio1_extend/metrics/result_1790142069608587164_2619789.json,main_qv
mnli,prompting,lora,qv,64.0,64.0,1.0,0.0005,5000,low,iso_epoch,42,0.8580989666375514,0.0,422.2749,19.43098020553589,20185088,939,mnli_prompting_main_qv_ratio1_extend,mnli_prompting,results/mnli/prompting_main_qv_ratio1_extend/metrics/result_1790142276530479774_903073.json,main_qv
mnli,prompting,lora,qv,64.0,64.0,1.0,0.0003,5000,low,iso_epoch,44,0.8666364559742549,0.0,423.237,19.43146848678589,20185088,939,mnli_prompting_main_qv_ratio1_extend,mnli_prompting,results/mnli/prompting_main_qv_ratio1_extend/metrics/result_1790142277983192845_903072.json,main_qv
mnli,prompting,lora,qv,64.0,64.0,1.0,0.0005,5000,low,iso_epoch,43,0.8755073488394293,0.0,422.353,19.43098020553589,20185088,939,mnli_prompting_main_qv_ratio1_extend,mnli_prompting,results/mnli/prompting_main_qv_ratio1_extend/metrics/result_1790142453883068500_1588468.json,main_qv
mnli,prompting,lora,qv,64.0,64.0,1.0,0.0005,5000,low,iso_epoch,44,0.8612314597197795,0.0,439.6412,19.43146848678589,20185088,939,mnli_prompting_main_qv_ratio1_extend,mnli_prompting,results/mnli/prompting_main_qv_ratio1_extend/metrics/result_1790142688148280876_2630232.json,main_qv
squad,prompting,lora,attention,4.0,4.0,1.0,0.0001,5000,low,iso_epoch,42,0.8473407938256141,0.0,1217.3827,25.567911624908447,2523136,939,squad_prompting_main_attention_ratio1_extend,squad_prompting,results/squad/prompting_main_attention_ratio1_extend/metrics/result_1790145881200258026_2670548.json,main_attention
squad,prompting,lora,attention,4.0,4.0,1.0,0.0001,5000,low,iso_epoch,43,0.8453448087649231,0.0,1234.5453,25.568114280700684,2523136,939,squad_prompting_main_attention_ratio1_extend,squad_prompting,results/squad/prompting_main_attention_ratio1_extend/metrics/result_1790146082040317037_3032045.json,main_attention
squad,prompting,lora,attention,4.0,4.0,1.0,0.0001,5000,low,iso_epoch,44,0.8527479833680978,0.0,1220.1347,25.568120002746586,2523136,939,squad_prompting_main_attention_ratio1_extend,squad_prompting,results/squad/prompting_main_attention_ratio1_extend/metrics/result_1790147351922204097_998274.json,main_attention
squad,prompting,lora,attention,4.0,4.0,1.0,0.0003,5000,low,iso_epoch,43,0.849417352134861,0.0,1219.8432,25.568114280700684,2523136,939,squad_prompting_main_attention_ratio1_extend,squad_prompting,results/squad/prompting_main_attention_ratio1_extend/metrics/result_1790148775471346184_40733.json,main_attention
squad,prompting,lora,attention,4.0,4.0,1.0,0.0003,5000,low,iso_epoch,44,0.8390943086183501,0.0,1220.3358,25.568120002746586,2523136,939,squad_prompting_main_attention_ratio1_extend,squad_prompting,results/squad/prompting_main_attention_ratio1_extend/metrics/result_1790148850640808169_1029406.json,main_attention
squad,prompting,lora,attention,4.0,4.0,1.0,0.0003,5000,low,iso_epoch,42,0.8560526028295853,0.0,1257.2279,25.567911624908447,2523136,939,squad_prompting_main_attention_ratio1_extend,squad_prompting,results/squad/prompting_main_attention_ratio1_extend/metrics/result_1790148859195489213_1738543.json,main_attention
squad,prompting,lora,attention,4.0,4.0,1.0,0.0005,5000,low,iso_epoch,42,0.8527801347747643,0.0,1218.6893,25.567911624908447,2523136,939,squad_prompting_main_attention_ratio1_extend,squad_prompting,results/squad/prompting_main_attention_ratio1_extend/metrics/result_1790149089552945808_1035220.json,main_attention
squad,prompting,lora,attention,4.0,4.0,1.0,0.0005,5000,low,iso_epoch,43,0.8501176338559069,0.0,1217.6833,25.568114280700684,2523136,939,squad_prompting_main_attention_ratio1_extend,squad_prompting,results/squad/prompting_main_attention_ratio1_extend/metrics/result_1790150325705559372_1059174.json,main_attention
squad,prompting,lora,attention,4.0,4.0,1.0,0.0005,5000,low,iso_epoch,44,0.8426717909708789,0.0,1219.6637,25.568120002746586,2523136,939,squad_prompting_main_attention_ratio1_extend,squad_prompting,results/squad/prompting_main_attention_ratio1_extend/metrics/result_1790150462274468863_65721.json,main_attention
squad,prompting,lora,attention,64.0,64.0,1.0,0.0001,5000,low,iso_epoch,42,0.8528311608728494,0.0,1218.3383,25.84898614883423,40370176,939,squad_prompting_main_attention_ratio1_extend,squad_prompting,results/squad/prompting_main_attention_ratio1_extend/metrics/result_1790150587235591998_1064384.json,main_attention
squad,prompting,lora,attention,64.0,64.0,1.0,0.0001,5000,low,iso_epoch,43,0.8394043159454929,0.0,1235.2712,25.849188804626465,40370176,939,squad_prompting_main_attention_ratio1_extend,squad_prompting,results/squad/prompting_main_attention_ratio1_extend/metrics/result_1790151102112840561_3058707.json,main_attention
squad,prompting,lora,attention,64.0,64.0,1.0,0.0001,5000,low,iso_epoch,44,0.8390025001142656,0.0,1219.005,25.849194526672363,40370176,939,squad_prompting_main_attention_ratio1_extend,squad_prompting,results/squad/prompting_main_attention_ratio1_extend/metrics/result_1790151836858242122_1094576.json,main_attention
squad,prompting,lora,attention,64.0,64.0,1.0,0.0003,5000,low,iso_epoch,43,0.8432919657684369,0.0,1221.8279,25.849188804626465,40370176,939,squad_prompting_main_attention_ratio1_extend,squad_prompting,results/squad/prompting_main_attention_ratio1_extend/metrics/result_1790152092876170152_1099997.json,main_attention
squad,prompting,lora,attention,64.0,64.0,1.0,0.0003,5000,low,iso_epoch,42,0.842700784675708,0.0,1239.2248,25.84898614883423,40370176,939,squad_prompting_main_attention_ratio1_extend,squad_prompting,results/squad/prompting_main_attention_ratio1_extend/metrics/result_1790152123472016762_88258.json,main_attention
squad,prompting,lora,attention,64.0,64.0,1.0,0.0003,5000,low,iso_epoch,44,0.842851114259676,0.0,1238.3029,25.849194526672363,40370176,939,squad_prompting_main_attention_ratio1_extend,squad_prompting,results/squad/prompting_main_attention_ratio1_extend/metrics/result_1790152615020490063_3066229.json,main_attention
squad,prompting,lora,attention,64.0,64.0,1.0,0.0005,5000,low,iso_epoch,42,0.8331442983503132,0.0,1218.2254,25.84898614883423,40370176,939,squad_prompting_main_attention_ratio1_extend,squad_prompting,results/squad/prompting_main_attention_ratio1_extend/metrics/result_1790153354103268789_1120082.json,main_attention
squad,prompting,lora,attention,64.0,64.0,1.0,0.0005,5000,low,iso_epoch,44,0.8378877565647391,0.0,1221.0877,25.849194526672363,40370176,939,squad_prompting_main_attention_ratio1_extend,squad_prompting,results/squad/prompting_main_attention_ratio1_extend/metrics/result_1790153722676606898_1125311.json,main_attention
squad,prompting,lora,attention,64.0,64.0,1.0,0.0005,5000,low,iso_epoch,43,0.0,0.0,1219.8546,25.849188804626465,40370176,939,squad_prompting_main_attention_ratio1_extend,squad_prompting,results/squad/prompting_main_attention_ratio1_extend/metrics/result_1790153852033625332_107215.json,main_attention
squad,prompting,lora,full,4.0,4.0,1.0,0.0001,5000,low,iso_epoch,43,0.8372987191201289,0.0,1627.8795,25.638930320739743,10092544,939,squad_prompting_main_full_ratio1_extend,squad_prompting,results/squad/prompting_main_full_ratio1_extend/metrics/result_1790149559227363629_3049053.json,main_full
squad,prompting,lora,full,4.0,4.0,1.0,0.0001,5000,low,iso_epoch,42,0.8381558313146553,0.0,1634.7363,25.63872766494751,10092544,939,squad_prompting_main_full_ratio1_extend,squad_prompting,results/squad/prompting_main_full_ratio1_extend/metrics/result_1790149576502930491_3049054.json,main_full
squad,prompting,lora,full,4.0,4.0,1.0,0.0001,5000,low,iso_epoch,44,0.8326013247905838,0.0,1629.8985,25.638936042785645,10092544,939,squad_prompting_main_full_ratio1_extend,squad_prompting,results/squad/prompting_main_full_ratio1_extend/metrics/result_1790149630957718826_2719387.json,main_full
squad,prompting,lora,full,4.0,4.0,1.0,0.0003,5000,low,iso_epoch,42,0.8509781606051434,0.0,1631.753,25.63872766494751,10092544,939,squad_prompting_main_full_ratio1_extend,squad_prompting,results/squad/prompting_main_full_ratio1_extend/metrics/result_1790151528257413526_3058706.json,main_full
squad,prompting,lora,full,4.0,4.0,1.0,0.0003,5000,low,iso_epoch,43,0.8439270293623607,0.0,1631.1099,25.638930320739743,10092544,939,squad_prompting_main_full_ratio1_extend,squad_prompting,results/squad/prompting_main_full_ratio1_extend/metrics/result_1790151557973828333_2746783.json,main_full
squad,prompting,lora,full,4.0,4.0,1.0,0.0003,5000,low,iso_epoch,44,0.830355742282725,0.0,1629.159,25.638936042785645,10092544,939,squad_prompting_main_full_ratio1_extend,squad_prompting,results/squad/prompting_main_full_ratio1_extend/metrics/result_1790152611207001172_1758833.json,main_full
squad,prompting,lora,full,4.0,4.0,1.0,0.0005,5000,low,iso_epoch,42,0.843429100167373,0.0,1631.211,25.639536380767822,10092544,939,squad_prompting_main_full_ratio1_extend,squad_prompting,results/squad/prompting_main_full_ratio1_extend/metrics/result_1790153119604643273_2771496.json,main_full
squad,prompting,lora,full,4.0,4.0,1.0,0.0005,5000,low,iso_epoch,43,0.8393978969748794,0.0,1630.7319,25.638930320739743,10092544,939,squad_prompting_main_full_ratio1_extend,squad_prompting,results/squad/prompting_main_full_ratio1_extend/metrics/result_1790153467421509261_3068682.json,main_full
squad,prompting,lora,full,4.0,4.0,1.0,0.0005,5000,low,iso_epoch,44,0.8456252717870371,0.0,1634.9418,25.638936042785645,10092544,939,squad_prompting_main_full_ratio1_extend,squad_prompting,results/squad/prompting_main_full_ratio1_extend/metrics/result_1790153492703118472_2777444.json,main_full
squad,prompting,lora,full,64.0,64.0,1.0,0.0001,5000,low,iso_epoch,42,0.8370760372211316,0.0,1630.8319,26.762690544128414,161480704,939,squad_prompting_main_full_ratio1_extend,squad_prompting,results/squad/prompting_main_full_ratio1_extend/metrics/result_1790154539774739691_1767797.json,main_full
squad,prompting,lora,full,64.0,64.0,1.0,0.0001,5000,low,iso_epoch,43,0.8415064406182059,0.0,1637.349,26.75623989105225,161480704,939,squad_prompting_main_full_ratio1_extend,squad_prompting,results/squad/prompting_main_full_ratio1_extend/metrics/result_1790155062686981274_2803892.json,main_full
squad,prompting,lora,full,64.0,64.0,1.0,0.0001,5000,low,iso_epoch,44,0.8481602756720409,0.0,1635.255,26.75673007965088,161480704,939,squad_prompting_main_full_ratio1_extend,squad_prompting,results/squad/prompting_main_full_ratio1_extend/metrics/result_1790155346513863935_3078989.json,main_full
squad,prompting,lora,full,64.0,64.0,1.0,0.0003,5000,low,iso_epoch,42,0.8558569249638311,0.0,1633.8977,26.762690544128414,161480704,939,squad_prompting_main_full_ratio1_extend,squad_prompting,results/squad/prompting_main_full_ratio1_extend/metrics/result_1790155419150823644_2810248.json,main_full
squad,prompting,lora,full,64.0,64.0,1.0,0.0003,5000,low,iso_epoch,43,0.8442563860833685,0.0,1680.0006,26.75623989105225,161480704,939,squad_prompting_main_full_ratio1_extend,squad_prompting,results/squad/prompting_main_full_ratio1_extend/metrics/result_1790156698122772417_1776522.json,main_full
squad,prompting,lora,full,64.0,64.0,1.0,0.0003,5000,low,iso_epoch,44,0.846843292655058,0.0,1637.63,26.75673007965088,161480704,939,squad_prompting_main_full_ratio1_extend,squad_prompting,results/squad/prompting_main_full_ratio1_extend/metrics/result_1790156980390027369_2833951.json,main_full
squad,prompting,lora,full,64.0,64.0,1.0,0.0005,5000,low,iso_epoch,42,0.8490282707003,0.0,1633.6073,26.762690544128414,161480704,939,squad_prompting_main_full_ratio1_extend,squad_prompting,results/squad/prompting_main_full_ratio1_extend/metrics/result_1790157275297281880_3089099.json,main_full
squad,prompting,lora,full,64.0,64.0,1.0,0.0005,5000,low,iso_epoch,43,0.827698142236415,0.0,1633.3971,26.75623989105225,161480704,939,squad_prompting_main_full_ratio1_extend,squad_prompting,results/squad/prompting_main_full_ratio1_extend/metrics/result_1790157359335579309_2838630.json,main_full
squad,prompting,lora,full,64.0,64.0,1.0,0.0005,5000,low,iso_epoch,44,0.0,0.0,1631.4466,26.75673007965088,161480704,939,squad_prompting_main_full_ratio1_extend,squad_prompting,results/squad/prompting_main_full_ratio1_extend/metrics/result_1790209035204728189_3486669.json,main_full
squad,prompting,lora,qv,4.0,4.0,1.0,0.0001,5000,low,iso_epoch,42,0.8446492909494053,0.0,1133.087,25.55576181411743,1261568,939,squad_prompting_main_qv_ratio1_extend,squad_prompting,results/squad/prompting_main_qv_ratio1_extend/metrics/result_1790145271534910794_3028184.json,main_qv
squad,prompting,lora,qv,4.0,4.0,1.0,0.0001,5000,low,iso_epoch,43,0.84239743457049,0.0,1135.4742,25.555964469909668,1261568,939,squad_prompting_main_qv_ratio1_extend,squad_prompting,results/squad/prompting_main_qv_ratio1_extend/metrics/result_1790145305602773309_954176.json,main_qv
squad,prompting,lora,qv,4.0,4.0,1.0,0.0003,5000,low,iso_epoch,42,0.8437977044741755,0.0,1134.7621,25.55576181411743,1261568,939,squad_prompting_main_qv_ratio1_extend,squad_prompting,results/squad/prompting_main_qv_ratio1_extend/metrics/result_1790145490322114550_1601127.json,main_qv
squad,prompting,lora,qv,4.0,4.0,1.0,0.0001,5000,low,iso_epoch,44,0.8436072996074139,0.0,1137.4118,25.555970191955566,1261568,939,squad_prompting_main_qv_ratio1_extend,squad_prompting,results/squad/prompting_main_qv_ratio1_extend/metrics/result_1790145500823154454_2665740.json,main_qv
squad,prompting,lora,qv,4.0,4.0,1.0,0.0003,5000,low,iso_epoch,44,0.8503667404055648,0.0,1132.4843,25.555970191955566,1261568,939,squad_prompting_main_qv_ratio1_extend,squad_prompting,results/squad/prompting_main_qv_ratio1_extend/metrics/result_1790146684724772545_980659.json,main_qv
squad,prompting,lora,qv,4.0,4.0,1.0,0.0003,5000,low,iso_epoch,43,0.846277611016435,0.0,1137.7676,25.555964469909668,1261568,939,squad_prompting_main_qv_ratio1_extend,squad_prompting,results/squad/prompting_main_qv_ratio1_extend/metrics/result_1790146685677886082_980658.json,main_qv
squad,prompting,lora,qv,4.0,4.0,1.0,0.0005,5000,low,iso_epoch,42,0.8508422599187311,0.0,1134.554,25.55576181411743,1261568,939,squad_prompting_main_qv_ratio1_extend,squad_prompting,results/squad/prompting_main_qv_ratio1_extend/metrics/result_1790146849859901530_1606588.json,main_qv
squad,prompting,lora,qv,4.0,4.0,1.0,0.0005,5000,low,iso_epoch,43,0.8510481374399026,0.0,1139.8555,25.555964469909668,1261568,939,squad_prompting_main_qv_ratio1_extend,squad_prompting,results/squad/prompting_main_qv_ratio1_extend/metrics/result_1790146878667707050_2686298.json,main_qv
squad,prompting,lora,qv,64.0,64.0,1.0,0.0001,5000,low,iso_epoch,42,0.8464574869139582,0.0,1136.4766,25.69629907608032,20185088,939,squad_prompting_main_qv_ratio1_extend,squad_prompting,results/squad/prompting_main_qv_ratio1_extend/metrics/result_1790148220908697341_2708479.json,main_qv
squad,prompting,lora,qv,4.0,4.0,1.0,0.0005,5000,low,iso_epoch,44,0.8512479539632487,0.0,1136.965,25.555970191955566,1261568,939,squad_prompting_main_qv_ratio1_extend,squad_prompting,results/squad/prompting_main_qv_ratio1_extend/metrics/result_1790148277137782540_1019379.json,main_qv
squad,prompting,lora,qv,64.0,64.0,1.0,0.0001,5000,low,iso_epoch,43,0.84605139261839,0.0,1133.9668,25.69650173187256,20185088,939,squad_prompting_main_qv_ratio1_extend,squad_prompting,results/squad/prompting_main_qv_ratio1_extend/metrics/result_1790148335237715644_1612918.json,main_qv
squad,prompting,lora,qv,64.0,64.0,1.0,0.0001,5000,low,iso_epoch,44,0.8495886994922296,0.0,1136.8579,25.696507453918457,20185088,939,squad_prompting_main_qv_ratio1_extend,squad_prompting,results/squad/prompting_main_qv_ratio1_extend/metrics/result_1790148442223935279_2710929.json,main_qv
squad,prompting,lora,qv,64.0,64.0,1.0,0.0003,5000,low,iso_epoch,42,0.8432375235631695,0.0,1135.0619,25.69629907608032,20185088,939,squad_prompting_main_qv_ratio1_extend,squad_prompting,results/squad/prompting_main_qv_ratio1_extend/metrics/result_1790149702593041944_1618106.json,main_qv
squad,prompting,lora,qv,64.0,64.0,1.0,0.0003,5000,low,iso_epoch,44,0.8501736346327681,0.0,1136.3915,25.696507453918457,20185088,939,squad_prompting_main_qv_ratio1_extend,squad_prompting,results/squad/prompting_main_qv_ratio1_extend/metrics/result_1790149815774002616_2729922.json,main_qv
squad,prompting,lora,qv,64.0,64.0,1.0,0.0003,5000,low,iso_epoch,43,0.8470436738500683,0.0,1139.6398,25.69650173187256,20185088,939,squad_prompting_main_qv_ratio1_extend,squad_prompting,results/squad/prompting_main_qv_ratio1_extend/metrics/result_1790149820340576804_2729923.json,main_qv
squad,prompting,lora,qv,64.0,64.0,1.0,0.0005,5000,low,iso_epoch,42,0.8540601524064849,0.0,1131.7302,25.69629907608032,20185088,939,squad_prompting_main_qv_ratio1_extend,squad_prompting,results/squad/prompting_main_qv_ratio1_extend/metrics/result_1790150207150127677_1745977.json,main_qv
squad,prompting,lora,qv,64.0,64.0,1.0,0.0005,5000,low,iso_epoch,43,0.8349636417546654,0.0,1137.0155,25.69650173187256,20185088,939,squad_prompting_main_qv_ratio1_extend,squad_prompting,results/squad/prompting_main_qv_ratio1_extend/metrics/result_1790151180046201667_2750637.json,main_qv
squad,prompting,lora,qv,64.0,64.0,1.0,0.0005,5000,low,iso_epoch,44,0.8476388696782057,0.0,1135.6456,25.696507453918457,20185088,939,squad_prompting_main_qv_ratio1_extend,squad_prompting,results/squad/prompting_main_qv_ratio1_extend/metrics/result_1790151575196358427_2757694.json,main_qv
